MFR URL,Ref URL 1,Ref URL 2,Ref URL 3,Ref URL 4,Ref URL 5,PART_NUMBER,Dept,Class,Fine,SKU - MY_PART_NUMBER,Mfg_Part_Num,Part_Desc,E1_Brand,Unilog_Brand,DIB_Brand,Part_Manuf,MANUFACTURER_NAME,BRAND_NAME,TRADE_NAME,MANUFACTURER_PART_NUMBER,ALTERNATE_PART_NUMBER,Classpath,MOBILE_DESC,INVOICE_DESC,SHORT_DESC,LONG_DESC1,RETAIL_DESC,MARKETING_DESCRIPTION,ITEM_FEATURES_1,ITEM_FEATURES_2,ITEM_FEATURES_3,ITEM_FEATURES_4,ITEM_FEATURES_5,ITEM_FEATURES_6,ITEM_FEATURES_7,ITEM_FEATURES_8,ITEM_FEATURES_9,ITEM_FEATURES_10,ITEM_FEATURES_11,ITEM_FEATURES_12,ITEM_FEATURES_13,ITEM_FEATURES_14,ITEM_FEATURES_15,ITEM_FEATURES_16,ITEM_FEATURES_17,ITEM_FEATURES_18,ITEM_FEATURES_19,ITEM_FEATURES_20,With,Standard/Approvals,Prop 65,Application,Includes,Product Name,ATTRIBUTE_LABEL 1,ATTRIBUTE_VALUE 1,ATTRIBUTE_UOM 1,ATTRIBUTE_LABEL 2,ATTRIBUTE_VALUE 2,ATTRIBUTE_UOM 2,ATTRIBUTE_LABEL 3,ATTRIBUTE_VALUE 3,ATTRIBUTE_UOM 3,ATTRIBUTE_LABEL 4,ATTRIBUTE_VALUE 4,ATTRIBUTE_UOM 4,ATTRIBUTE_LABEL 5,ATTRIBUTE_VALUE 5,ATTRIBUTE_UOM 5,ATTRIBUTE_LABEL 6,ATTRIBUTE_VALUE 6,ATTRIBUTE_UOM 6,ATTRIBUTE_LABEL 7,ATTRIBUTE_VALUE 7,ATTRIBUTE_UOM 7,ATTRIBUTE_LABEL 8,ATTRIBUTE_VALUE 8,ATTRIBUTE_UOM 8,ATTRIBUTE_LABEL 9,ATTRIBUTE_VALUE 9,ATTRIBUTE_UOM 9,ATTRIBUTE_LABEL 10,ATTRIBUTE_VALUE 10,ATTRIBUTE_UOM 10,ATTRIBUTE_LABEL 11,ATTRIBUTE_VALUE 11,ATTRIBUTE_UOM 11,ATTRIBUTE_LABEL 12,ATTRIBUTE_VALUE 12,ATTRIBUTE_UOM 12,ATTRIBUTE_LABEL 13,ATTRIBUTE_VALUE 13,ATTRIBUTE_UOM 13,ATTRIBUTE_LABEL 14,ATTRIBUTE_VALUE 14,ATTRIBUTE_UOM 14,ATTRIBUTE_LABEL 15,ATTRIBUTE_VALUE 15,ATTRIBUTE_UOM 15,ATTRIBUTE_LABEL 16,ATTRIBUTE_VALUE 16,ATTRIBUTE_UOM 16,ATTRIBUTE_LABEL 17,ATTRIBUTE_VALUE 17,ATTRIBUTE_UOM 17,ATTRIBUTE_LABEL 18,ATTRIBUTE_VALUE 18,ATTRIBUTE_UOM 18,ATTRIBUTE_LABEL 19,ATTRIBUTE_VALUE 19,ATTRIBUTE_UOM 19,ATTRIBUTE_LABEL 20,ATTRIBUTE_VALUE 20,ATTRIBUTE_UOM 20,ATTRIBUTE_LABEL 21,ATTRIBUTE_VALUE 21,ATTRIBUTE_UOM 21,ATTRIBUTE_LABEL 22,ATTRIBUTE_VALUE 22,ATTRIBUTE_UOM 22,ATTRIBUTE_LABEL 23,ATTRIBUTE_VALUE 23,ATTRIBUTE_UOM 23,ATTRIBUTE_LABEL 24,ATTRIBUTE_VALUE 24,ATTRIBUTE_UOM 24,ATTRIBUTE_LABEL 25,ATTRIBUTE_VALUE 25,ATTRIBUTE_UOM 25,ATTRIBUTE_LABEL 26,ATTRIBUTE_VALUE 26,ATTRIBUTE_UOM 26,ATTRIBUTE_LABEL 27,ATTRIBUTE_VALUE 27,ATTRIBUTE_UOM 27,ATTRIBUTE_LABEL 28,ATTRIBUTE_VALUE 28,ATTRIBUTE_UOM 28,ATTRIBUTE_LABEL 29,ATTRIBUTE_VALUE 29,ATTRIBUTE_UOM 29,ATTRIBUTE_LABEL 30,ATTRIBUTE_VALUE 30,ATTRIBUTE_UOM 30,ATTRIBUTE_LABEL 31,ATTRIBUTE_VALUE 31,ATTRIBUTE_UOM 31,ATTRIBUTE_LABEL 32,ATTRIBUTE_VALUE 32,ATTRIBUTE_UOM 32,ATTRIBUTE_LABEL 33,ATTRIBUTE_VALUE 33,ATTRIBUTE_UOM 33,ATTRIBUTE_LABEL 34,ATTRIBUTE_VALUE 34,ATTRIBUTE_UOM 34,ATTRIBUTE_LABEL 35,ATTRIBUTE_VALUE 35,ATTRIBUTE_UOM 35,ATTRIBUTE_LABEL 36,ATTRIBUTE_VALUE 36,ATTRIBUTE_UOM 36,ATTRIBUTE_LABEL 37,ATTRIBUTE_VALUE 37,ATTRIBUTE_UOM 37,ATTRIBUTE_LABEL 38,ATTRIBUTE_VALUE 38,ATTRIBUTE_UOM 38,ATTRIBUTE_LABEL 39,ATTRIBUTE_VALUE 39,ATTRIBUTE_UOM 39,ATTRIBUTE_LABEL 40,ATTRIBUTE_VALUE 40,ATTRIBUTE_UOM 40,ATTRIBUTE_LABEL 41,ATTRIBUTE_VALUE 41,ATTRIBUTE_UOM 41,ATTRIBUTE_LABEL 42,ATTRIBUTE_VALUE 42,ATTRIBUTE_UOM 42,ATTRIBUTE_LABEL 43,ATTRIBUTE_VALUE 43,ATTRIBUTE_UOM 43,ATTRIBUTE_LABEL 44,ATTRIBUTE_VALUE 44,ATTRIBUTE_UOM 44,ATTRIBUTE_LABEL 45,ATTRIBUTE_VALUE 45,ATTRIBUTE_UOM 45,ATTRIBUTE_LABEL 46,ATTRIBUTE_VALUE 46,ATTRIBUTE_UOM 46,ATTRIBUTE_LABEL 47,ATTRIBUTE_VALUE 47,ATTRIBUTE_UOM 47,ATTRIBUTE_LABEL 48,ATTRIBUTE_VALUE 48,ATTRIBUTE_UOM 48,ATTRIBUTE_LABEL 49,ATTRIBUTE_VALUE 49,ATTRIBUTE_UOM 49,ATTRIBUTE_LABEL 50,ATTRIBUTE_VALUE 50,ATTRIBUTE_UOM 50,UPC,EAN,GTIN,UNSPSC,Warranty,List Price,Selling Qty,Selling UOM,Standard Packaging Information,LENGTH,LENGTH_UOM,HEIGHT,HEIGHT_UOM,WIDTH,WIDTH_UOM,WEIGHT,WEIGHT_UOM,VOLUME,VOLUME_UOM,Product Image,Alternate Image 1,Alternate Image 2,Alternate Image 3,Alternate Image 4,SDS,SDS_1,Warranty Information,Catalog,Specification Sheet,Instruction/Installation Manual,Service Manual,Owners/User Manual,Line Drawing,MTR,RoHS,Full Engineering Drawing,Energy Star Guide,Technical Bulletin,Submittal,Compatibility Chart,Size Chart,Product Label/Insert,Video Link,Video Link 1,Country Of Origin,Discontinued,Actual Image (Yes/No)
,,,,,,,,,,,DCB518ASTS06G,"DCB518ASTS06G Diablo 1/2""x18"" - Sanding Belt 6pc",-- Unbranded --,-- No Unilog Brand --,-- No DIB Brand --,Freud Inc (2435),Freud Inc,Diablo,,DCB518ASTS06G,,Tools & Equipment>Power Tool Accessories>Abrasives,"DCB518ASTS06G Diablo 1/2""x18"" - Sanding Belt 6pc",,"DCB518ASTS06G Diablo 1/2""x18"" - Sanding Belt 6pc",,"DCB518ASTS06G Diablo 1/2""x18"" - Sanding Belt 6pc",,6pc,Sanding Belt,,,,,,,,,,,,,,,,,,,,,,,,"Diablo 1/2""x18"" - Sanding Belt 6pc",Pieces per Package,6,EA,,,,,,,,,,,,,,,,,,,,,,,,,,,,,,,,,,,,,,,,,,,,,,,,,,,,,,,,,,,,,,,,,,,,,,,,,,,,,,,,,,,,,,,,,,,,,,,,,,,,,,,,,,,,,,,,,,,,,,,,,,,,,,,,,,,,,,,,,,,,,,,,,,,,,,,,,,,,,,,,,,,,,,,,,,,,,,,,,,,,,,,,,,,,,,,,,,
,,,,,,,,,,,3MABR-7100075678,3M 775L Stikit Film P150 - Cubitron II 50 Disc/Box,-- Unbranded --,-- No Unilog Brand --,-- No DIB Brand --,Jam Industrial Supply LLC (JAMIN),Jam Industrial Supply LLC,3M,,3MABR-7100075678,,Industrial Supplies>General,3M 775L Stikit Film P150 - Cubitron II 50 Disc/Box,,3M 775L Stikit Film P150 - Cubitron II 50 Disc/Box,,3M 775L Stikit Film P150 - Cubitron II 50 Disc/Box,,P150,50 Disc,Film,Disc,,,,,,,,,,,,,,,,,,,,,,3M 775L Stikit Film P150 - Cubitron II 50 Disc/Box,Grit,P150,,,,,,,,,,,,,,,,,,,,,,,,,,,,,,,,,,,,,,,,,,,,,,,,,,,,,,,,,,,,,,,,,,,,,,,,,,,,,,,,,,,,,,,,,,,,,,,,,,,,,,,,,,,,,,,,,,,,,,,,,,,,,,,,,,,,,,,,,,,,,,,,,,,,,,,,,,,,,,,,,,,,,,,,,,,,,,,,,,,,,,,,,,,,,,,,,,,
,,,,,,,,,,,3MABR-7100045865,3M 775L Stikit Film P120 - Cubitron II 50 Disc/Box,-- Unbranded --,-- No Unilog Brand --,-- No DIB Brand --,Jam Industrial Supply LLC (JAMIN),Jam Industrial Supply LLC,3M,,3MABR-7100045865,,Industrial Supplies>General,3M 775L Stikit Film P120 - Cubitron II 50 Disc/Box,,3M 775L Stikit Film P120 - Cubitron II 50 Disc/Box,,3M 775L Stikit Film P120 - Cubitron II 50 Disc/Box,,P120,50 Disc,Film,Disc,,,,,,,,,,,,,,,,,,,,,,3M 775L Stikit Film P120 - Cubitron II 50 Disc/Box,Grit,P120,,,,,,,,,,,,,,,,,,,,,,,,,,,,,,,,,,,,,,,,,,,,,,,,,,,,,,,,,,,,,,,,,,,,,,,,,,,,,,,,,,,,,,,,,,,,,,,,,,,,,,,,,,,,,,,,,,,,,,,,,,,,,,,,,,,,,,,,,,,,,,,,,,,,,,,,,,,,,,,,,,,,,,,,,,,,,,,,,,,,,,,,,,,,,,,,,,,
,,,,,,,,,,,3MABR-7100048736,3M 775L Stikit Film P80 - Cubitron II 50 Disc/Box,-- Unbranded --,-- No Unilog Brand --,-- No DIB Brand --,Jam Industrial Supply LLC (JAMIN),Jam Industrial Supply LLC,3M,,3MABR-7100048736,,Industrial Supplies>General,3M 775L Stikit Film P80 - Cubitron II 50 Disc/Box,,3M 775L Stikit Film P80 - Cubitron II 50 Disc/Box,,3M 775L Stikit Film P80 - Cubitron II 50 Disc/Box,,P80,50 Disc,Film,Disc,,,,,,,,,,,,,,,,,,,,,,3M 775L Stikit Film P80 - Cubitron II 50 Disc/Box,Grit,P80,,,,,,,,,,,,,,,,,,,,,,,,,,,,,,,,,,,,,,,,,,,,,,,,,,,,,,,,,,,,,,,,,,,,,,,,,,,,,,,,,,,,,,,,,,,,,,,,,,,,,,,,,,,,,,,,,,,,,,,,,,,,,,,,,,,,,,,,,,,,,,,,,,,,,,,,,,,,,,,,,,,,,,,,,,,,,,,,,,,,,,,,,,,,,,,,,,,
,,,,,,,,,,,3MABR-7100075690,3M 775L Stikit Film P180 - Cubitron II 50 Disc/Box,-- Unbranded --,-- No Unilog Brand --,-- No DIB Brand --,Jam Industrial Supply LLC (JAMIN),Jam Industrial Supply LLC,3M,,3MABR-7100075690,,Industrial Supplies>General,3M 775L Stikit Film P180 - Cubitron II 50 Disc/Box,,3M 775L Stikit Film P180 - Cubitron II 50 Disc/Box,,3M 775L Stikit Film P180 - Cubitron II 50 Disc/Box,,P180,50 Disc,Film,Disc,,,,,,,,,,,,,,,,,,,,,,3M 775L Stikit Film P180 - Cubitron II 50 Disc/Box,Grit,P180,,,,,,,,,,,,,,,,,,,,,,,,,,,,,,,,,,,,,,,,,,,,,,,,,,,,,,,,,,,,,,,,,,,,,,,,,,,,,,,,,,,,,,,,,,,,,,,,,,,,,,,,,,,,,,,,,,,,,,,,,,,,,,,,,,,,,,,,,,,,,,,,,,,,,,,,,,,,,,,,,,,,,,,,,,,,,,,,,,,,,,,,,,,,,,,,,,,
,,,,,,,,,,,3MABR-7100075692,3M 775L Stikit Film P220 - Cubitron II 50 Disc/Box,-- Unbranded --,-- No Unilog Brand --,-- No DIB Brand --,Jam Industrial Supply LLC (JAMIN),Jam Industrial Supply LLC,3M,,3MABR-7100075692,,Industrial Supplies>General,3M 775L Stikit Film P220 - Cubitron II 50 Disc/Box,,3M 775L Stikit Film P220 - Cubitron II 50 Disc/Box,,3M 775L Stikit Film P220 - Cubitron II 50 Disc/Box,,P220,50 Disc,Film,Disc,,,,,,,,,,,,,,,,,,,,,,3M 775L Stikit Film P220 - Cubitron II 50 Disc/Box,Grit,P220,,,,,,,,,,,,,,,,,,,,,,,,,,,,,,,,,,,,,,,,,,,,,,,,,,,,,,,,,,,,,,,,,,,,,,,,,,,,,,,,,,,,,,,,,,,,,,,,,,,,,,,,,,,,,,,,,,,,,,,,,,,,,,,,,,,,,,,,,,,,,,,,,,,,,,,,,,,,,,,,,,,,,,,,,,,,,,,,,,,,,,,,,,,,,,,,,,,
,,,,,,,,,,,3MABR-7100145365,3M 775L Stikit Film P320 - Cubitron II 50 Disc/Box,-- Unbranded --,-- No Unilog Brand --,-- No DIB Brand --,Jam Industrial Supply LLC (JAMIN),Jam Industrial Supply LLC,3M,,3MABR-7100145365,,Industrial Supplies>General,3M 775L Stikit Film P320 - Cubitron II 50 Disc/Box,,3M 775L Stikit Film P320 - Cubitron II 50 Disc/Box,,3M 775L Stikit Film P320 - Cubitron II 50 Disc/Box,,P320,50 Disc,Film,Disc,,,,,,,,,,,,,,,,,,,,,,3M 775L Stikit Film P320 - Cubitron II 50 Disc/Box,Grit,P320,,,,,,,,,,,,,,,,,,,,,,,,,,,,,,,,,,,,,,,,,,,,,,,,,,,,,,,,,,,,,,,,,,,,,,,,,,,,,,,,,,,,,,,,,,,,,,,,,,,,,,,,,,,,,,,,,,,,,,,,,,,,,,,,,,,,,,,,,,,,,,,,,,,,,,,,,,,,,,,,,,,,,,,,,,,,,,,,,,,,,,,,,,,,,,,,,,,
,,,,,,,,,,,5B-332-080,"5B-332-080 HIOLIT 5"" P80",-- Unbranded --,-- No Unilog Brand --,-- No DIB Brand --,Mirka Abrasives Inc (MIRUS),Mirka Abrasives Inc,Mirka,,5B-332-080,,Industrial Supplies>General,"5B-332-080 HIOLIT 5"" P80",,"5B-332-080 HIOLIT 5"" P80",,"5B-332-080 HIOLIT 5"" P80",,P80,,,,,,,,,,,,,,,,,,,,,,,,,"HIOLIT 5"" P80",Grit,P80,,Thread Size,332-080,,,,,,,,,,,,,,,,,,,,,,,,,,,,,,,,,,,,,,,,,,,,,,,,,,,,,,,,,,,,,,,,,,,,,,,,,,,,,,,,,,,,,,,,,,,,,,,,,,,,,,,,,,,,,,,,,,,,,,,,,,,,,,,,,,,,,,,,,,,,,,,,,,,,,,,,,,,,,,,,,,,,,,,,,,,,,,,,,,,,,,,,,,,,,,,,
,,,,,,,,,,,5B-332-120,"5B-332-120 HIOLIT 5"" P120",-- Unbranded --,-- No Unilog Brand --,-- No DIB Brand --,Mirka Abrasives Inc (MIRUS),Mirka Abrasives Inc,Mirka,,5B-332-120,,Industrial Supplies>General,"5B-332-120 HIOLIT 5"" P120",,"5B-332-120 HIOLIT 5"" P120",,"5B-332-120 HIOLIT 5"" P120",,P120,,,,,,,,,,,,,,,,,,,,,,,,,"HIOLIT 5"" P120",Grit,P120,,Thread Size,332-120,,,,,,,,,,,,,,,,,,,,,,,,,,,,,,,,,,,,,,,,,,,,,,,,,,,,,,,,,,,,,,,,,,,,,,,,,,,,,,,,,,,,,,,,,,,,,,,,,,,,,,,,,,,,,,,,,,,,,,,,,,,,,,,,,,,,,,,,,,,,,,,,,,,,,,,,,,,,,,,,,,,,,,,,,,,,,,,,,,,,,,,,,,,,,,,,
,,,,,,,,,,,9A-570-240,9A-570-240 Abranet 2.75x30,-- Unbranded --,-- No Unilog Brand --,-- No DIB Brand --,Mirka Abrasives Inc (MIRUS),Mirka Abrasives Inc,Mirka,,9A-570-240,,Industrial Supplies>General,9A-570-240 Abranet 2.75x30,,9A-570-240 Abranet 2.75x30,,9A-570-240 Abranet 2.75x30,,,,,,,,,,,,,,,,,,,,,,,,,,,Abranet 2.75x30,Thread Size,570-240,,,,,,,,,,,,,,,,,,,,,,,,,,,,,,,,,,,,,,,,,,,,,,,,,,,,,,,,,,,,,,,,,,,,,,,,,,,,,,,,,,,,,,,,,,,,,,,,,,,,,,,,,,,,,,,,,,,,,,,,,,,,,,,,,,,,,,,,,,,,,,,,,,,,,,,,,,,,,,,,,,,,,,,,,,,,,,,,,,,,,,,,,,,,,,,,,,,
,,,,,,,,,,,9A-570-320,9A-570-320 Abranet 2.75x30,-- Unbranded --,-- No Unilog Brand --,-- No DIB Brand --,Mirka Abrasives Inc (MIRUS),Mirka Abrasives Inc,Mirka,,9A-570-320,,Industrial Supplies>General,9A-570-320 Abranet 2.75x30,,9A-570-320 Abranet 2.75x30,,9A-570-320 Abranet 2.75x30,,,,,,,,,,,,,,,,,,,,,,,,,,,Abranet 2.75x30,Thread Size,570-320,,,,,,,,,,,,,,,,,,,,,,,,,,,,,,,,,,,,,,,,,,,,,,,,,,,,,,,,,,,,,,,,,,,,,,,,,,,,,,,,,,,,,,,,,,,,,,,,,,,,,,,,,,,,,,,,,,,,,,,,,,,,,,,,,,,,,,,,,,,,,,,,,,,,,,,,,,,,,,,,,,,,,,,,,,,,,,,,,,,,,,,,,,,,,,,,,,,
,,,,,,,,,,,DBD090094101F,"DBD090094101F Diablo 9"" - Metal Cut-Off Disc",-- Unbranded --,-- No Unilog Brand --,-- No DIB Brand --,Freud Inc (2435),Freud Inc,Diablo,,DBD090094101F,,Industrial Supplies>General,"DBD090094101F Diablo 9"" - Metal Cut-Off Disc",,"DBD090094101F Diablo 9"" - Metal Cut-Off Disc",,"DBD090094101F Diablo 9"" - Metal Cut-Off Disc",,Metal,Cut-Off,Disc,,,,,,,,,,,,,,,,,,,,,,,"Diablo 9"" - Metal Cut-Off Disc",,,,,,,,,,,,,,,,,,,,,,,,,,,,,,,,,,,,,,,,,,,,,,,,,,,,,,,,,,,,,,,,,,,,,,,,,,,,,,,,,,,,,,,,,,,,,,,,,,,,,,,,,,,,,,,,,,,,,,,,,,,,,,,,,,,,,,,,,,,,,,,,,,,,,,,,,,,,,,,,,,,,,,,,,,,,,,,,,,,,,,,,,,,,,,,,,,,,,
,,,,,,,,,,,DBDS12125A01F,"DBDS12125A01F Diablo 12"" - Steel Demon Metal Cut-Off Disc",-- Unbranded --,-- No Unilog Brand --,-- No DIB Brand --,Freud Inc (2435),Freud Inc,Diablo,,DBDS12125A01F,,Industrial Supplies>General,"DBDS12125A01F Diablo 12"" - Steel Demon Metal Cut-Off Disc",,"DBDS12125A01F Diablo 12"" - Steel Demon Metal Cut-Off Disc",,"DBDS12125A01F Diablo 12"" - Steel Demon Metal Cut-Off Disc",,Steel,Metal,Cut-Off,Disc,,,,,,,,,,,,,,,,,,,,,,"Diablo 12"" - Steel Demon Metal Cut-Off Disc",,,,,,,,,,,,,,,,,,,,,,,,,,,,,,,,,,,,,,,,,,,,,,,,,,,,,,,,,,,,,,,,,,,,,,,,,,,,,,,,,,,,,,,,,,,,,,,,,,,,,,,,,,,,,,,,,,,,,,,,,,,,,,,,,,,,,,,,,,,,,,,,,,,,,,,,,,,,,,,,,,,,,,,,,,,,,,,,,,,,,,,,,,,,,,,,,,,,,
,,,,,,,,,,,DBDS12125G01F,"DBDS12125G01F Diablo 12""x20mm - Speed Demon Metal Cut-Off Disc",-- Unbranded --,-- No Unilog Brand --,-- No DIB Brand --,Freud Inc (2435),Freud Inc,Diablo,,DBDS12125G01F,,Industrial Supplies>General,"DBDS12125G01F Diablo 12""x20mm - Speed Demon Metal Cut-Off Disc",,"DBDS12125G01F Diablo 12""x20mm - Speed Demon Metal Cut-Off Disc",,"DBDS12125G01F Diablo 12""x20mm - Speed Demon Metal Cut-Off Disc",,Metal,Cut-Off,Disc,,,,,,,,,,,,,,,,,,,,,,,"Diablo 12""x20mm - Speed Demon Metal Cut-Off Disc",,,,,,,,,,,,,,,,,,,,,,,,,,,,,,,,,,,,,,,,,,,,,,,,,,,,,,,,,,,,,,,,,,,,,,,,,,,,,,,,,,,,,,,,,,,,,,,,,,,,,,,,,,,,,,,,,,,,,,,,,,,,,,,,,,,,,,,,,,,,,,,,,,,,,,,,,,,,,,,,,,,,,,,,,,,,,,,,,,,,,,,,,,,,,,,,,,,,,
,,,,,,,,,,,DBDS14125A01F,"DBDS14125A01F Diablo 14""x1"" - Steel Demon Metal Cut-Off Disc",-- Unbranded --,-- No Unilog Brand --,-- No DIB Brand --,Freud Inc (2435),Freud Inc,Diablo,,DBDS14125A01F,,Industrial Supplies>General,"DBDS14125A01F Diablo 14""x1"" - Steel Demon Metal Cut-Off Disc",,"DBDS14125A01F Diablo 14""x1"" - Steel Demon Metal Cut-Off Disc",,"DBDS14125A01F Diablo 14""x1"" - Steel Demon Metal Cut-Off Disc",,Steel,Metal,Cut-Off,Disc,,,,,,,,,,,,,,,,,,,,,,"Diablo 14""x1"" - Steel Demon Metal Cut-Off Disc",,,,,,,,,,,,,,,,,,,,,,,,,,,,,,,,,,,,,,,,,,,,,,,,,,,,,,,,,,,,,,,,,,,,,,,,,,,,,,,,,,,,,,,,,,,,,,,,,,,,,,,,,,,,,,,,,,,,,,,,,,,,,,,,,,,,,,,,,,,,,,,,,,,,,,,,,,,,,,,,,,,,,,,,,,,,,,,,,,,,,,,,,,,,,,,,,,,,,
,,,,,,,,,,,DBDS14125G01F,"DBDS14125G01F Diablo 14""x20mm - Steel Demon Metal Cut-Off Disc",-- Unbranded --,-- No Unilog Brand --,-- No DIB Brand --,Freud Inc (2435),Freud Inc,Diablo,,DBDS14125G01F,,Industrial Supplies>General,"DBDS14125G01F Diablo 14""x20mm - Steel Demon Metal Cut-Off Disc",,"DBDS14125G01F Diablo 14""x20mm - Steel Demon Metal Cut-Off Disc",,"DBDS14125G01F Diablo 14""x20mm - Steel Demon Metal Cut-Off Disc",,Steel,Metal,Cut-Off,Disc,,,,,,,,,,,,,,,,,,,,,,"Diablo 14""x20mm - Steel Demon Metal Cut-Off Disc",,,,,,,,,,,,,,,,,,,,,,,,,,,,,,,,,,,,,,,,,,,,,,,,,,,,,,,,,,,,,,,,,,,,,,,,,,,,,,,,,,,,,,,,,,,,,,,,,,,,,,,,,,,,,,,,,,,,,,,,,,,,,,,,,,,,,,,,,,,,,,,,,,,,,,,,,,,,,,,,,,,,,,,,,,,,,,,,,,,,,,,,,,,,,,,,,,,,,
,,,,,,,,,,,49-94-0013,"49-94-0013 Milw 5""x.045""x7/8"" Metal Cut Off Disc",-- Unbranded --,-- No Unilog Brand --,-- No DIB Brand --,Milwaukee Accessory (4031),Milwaukee Accessory,Milwaukee,,49-94-0013,,Tools & Equipment>Power Tool Accessories>Abrasives,"49-94-0013 Milw 5""x.045""x7/8"" Metal Cut Off Disc",,"49-94-0013 Milw 5""x.045""x7/8"" Metal Cut Off Disc",,"49-94-0013 Milw 5""x.045""x7/8"" Metal Cut Off Disc",,Metal,Cut Off,Disc,,,,,,,,,,,,,,,,,,,,,,,"Milw 5""x.045""x7/8"" Metal Cut Off Disc",Thread Size,49-94,,,,,,,,,,,,,,,,,,,,,,,,,,,,,,,,,,,,,,,,,,,,,,,,,,,,,,,,,,,,,,,,,,,,,,,,,,,,,,,,,,,,,,,,,,,,,,,,,,,,,,,,,,,,,,,,,,,,,,,,,,,,,,,,,,,,,,,,,,,,,,,,,,,,,,,,,,,,,,,,,,,,,,,,,,,,,,,,,,,,,,,,,,,,,,,,,,,
,,,,,,,,,,,49-94-0029,"49-94-0029 Milw 6-1/2""x1/8""x5/8"" DKO Metal Cut Off Disc",-- Unbranded --,-- No Unilog Brand --,-- No DIB Brand --,Milwaukee Accessory (4031),Milwaukee Accessory,Milwaukee,,49-94-0029,,Tools & Equipment>Power Tool Accessories>Abrasives,"49-94-0029 Milw 6-1/2""x1/8""x5/8"" DKO Metal Cut Off Disc",,"49-94-0029 Milw 6-1/2""x1/8""x5/8"" DKO Metal Cut Off Disc",,"49-94-0029 Milw 6-1/2""x1/8""x5/8"" DKO Metal Cut Off Disc",,Metal,Cut Off,Disc,,,,,,,,,,,,,,,,,,,,,,,"Milw 6-1/2""x1/8""x5/8"" DKO Metal Cut Off Disc",Thread Size,49-94,,,,,,,,,,,,,,,,,,,,,,,,,,,,,,,,,,,,,,,,,,,,,,,,,,,,,,,,,,,,,,,,,,,,,,,,,,,,,,,,,,,,,,,,,,,,,,,,,,,,,,,,,,,,,,,,,,,,,,,,,,,,,,,,,,,,,,,,,,,,,,,,,,,,,,,,,,,,,,,,,,,,,,,,,,,,,,,,,,,,,,,,,,,,,,,,,,,
,,,,,,,,,,,49-94-0033,"49-94-0033 Milw 7""x1/16""x7/8"" Metal Cut Off Disc",-- Unbranded --,-- No Unilog Brand --,-- No DIB Brand --,Milwaukee Accessory (4031),Milwaukee Accessory,Milwaukee,,49-94-0033,,Tools & Equipment>Power Tool Accessories>Abrasives,"49-94-0033 Milw 7""x1/16""x7/8"" Metal Cut Off Disc",,"49-94-0033 Milw 7""x1/16""x7/8"" Metal Cut Off Disc",,"49-94-0033 Milw 7""x1/16""x7/8"" Metal Cut Off Disc",,Metal,Cut Off,Disc,,,,,,,,,,,,,,,,,,,,,,,"Milw 7""x1/16""x7/8"" Metal Cut Off Disc",Thread Size,49-94,,,,,,,,,,,,,,,,,,,,,,,,,,,,,,,,,,,,,,,,,,,,,,,,,,,,,,,,,,,,,,,,,,,,,,,,,,,,,,,,,,,,,,,,,,,,,,,,,,,,,,,,,,,,,,,,,,,,,,,,,,,,,,,,,,,,,,,,,,,,,,,,,,,,,,,,,,,,,,,,,,,,,,,,,,,,,,,,,,,,,,,,,,,,,,,,,,,
,,,,,,,,,,,49-94-0001,"49-94-0001 Milw 4""x.040""x5/8"" Metal Cut Off Disc",-- Unbranded --,-- No Unilog Brand --,-- No DIB Brand --,Milwaukee Accessory (4031),Milwaukee Accessory,Milwaukee,,49-94-0001,,Tools & Equipment>Power Tool Accessories>Abrasives,"49-94-0001 Milw 4""x.040""x5/8"" Metal Cut Off Disc",,"49-94-0001 Milw 4""x.040""x5/8"" Metal Cut Off Disc",,"49-94-0001 Milw 4""x.040""x5/8"" Metal Cut Off Disc",,Metal,Cut Off,Disc,,,,,,,,,,,,,,,,,,,,,,,"Milw 4""x.040""x5/8"" Metal Cut Off Disc",Thread Size,49-94,,,,,,,,,,,,,,,,,,,,,,,,,,,,,,,,,,,,,,,,,,,,,,,,,,,,,,,,,,,,,,,,,,,,,,,,,,,,,,,,,,,,,,,,,,,,,,,,,,,,,,,,,,,,,,,,,,,,,,,,,,,,,,,,,,,,,,,,,,,,,,,,,,,,,,,,,,,,,,,,,,,,,,,,,,,,,,,,,,,,,,,,,,,,,,,,,,,
,,,,,,,,,,,49-94-0039,"49-94-0039 Milw 7""x1/8""x5/8"" DKO Metal Cut Off Disc",-- Unbranded --,-- No Unilog Brand --,-- No DIB Brand --,Milwaukee Accessory (4031),Milwaukee Accessory,Milwaukee,,49-94-0039,,Tools & Equipment>Power Tool Accessories>Abrasives,"49-94-0039 Milw 7""x1/8""x5/8"" DKO Metal Cut Off Disc",,"49-94-0039 Milw 7""x1/8""x5/8"" DKO Metal Cut Off Disc",,"49-94-0039 Milw 7""x1/8""x5/8"" DKO Metal Cut Off Disc",,Metal,Cut Off,Disc,,,,,,,,,,,,,,,,,,,,,,,"Milw 7""x1/8""x5/8"" DKO Metal Cut Off Disc",Thread Size,49-94,,,,,,,,,,,,,,,,,,,,,,,,,,,,,,,,,,,,,,,,,,,,,,,,,,,,,,,,,,,,,,,,,,,,,,,,,,,,,,,,,,,,,,,,,,,,,,,,,,,,,,,,,,,,,,,,,,,,,,,,,,,,,,,,,,,,,,,,,,,,,,,,,,,,,,,,,,,,,,,,,,,,,,,,,,,,,,,,,,,,,,,,,,,,,,,,,,,
,,,,,,,,,,,49-94-0043,"49-94-0043 Milw 9""x3/32""x7/8"" Metal Cut Off Disc",-- Unbranded --,-- No Unilog Brand --,-- No DIB Brand --,Milwaukee Accessory (4031),Milwaukee Accessory,Milwaukee,,49-94-0043,,Tools & Equipment>Power Tool Accessories>Abrasives,"49-94-0043 Milw 9""x3/32""x7/8"" Metal Cut Off Disc",,"49-94-0043 Milw 9""x3/32""x7/8"" Metal Cut Off Disc",,"49-94-0043 Milw 9""x3/32""x7/8"" Metal Cut Off Disc",,Metal,Cut Off,Disc,,,,,,,,,,,,,,,,,,,,,,,"Milw 9""x3/32""x7/8"" Metal Cut Off Disc",Thread Size,49-94,,,,,,,,,,,,,,,,,,,,,,,,,,,,,,,,,,,,,,,,,,,,,,,,,,,,,,,,,,,,,,,,,,,,,,,,,,,,,,,,,,,,,,,,,,,,,,,,,,,,,,,,,,,,,,,,,,,,,,,,,,,,,,,,,,,,,,,,,,,,,,,,,,,,,,,,,,,,,,,,,,,,,,,,,,,,,,,,,,,,,,,,,,,,,,,,,,,
,,,,,,,,,,,49-94-0048,"49-94-0048 Milw 12""x7/64""x1"" Metal Cut Off Disc General Purpose",-- Unbranded --,-- No Unilog Brand --,-- No DIB Brand --,Milwaukee Accessory (4031),Milwaukee Accessory,Milwaukee,,49-94-0048,,Tools & Equipment>Power Tool Accessories>Abrasives,"49-94-0048 Milw 12""x7/64""x1"" Metal Cut Off Disc General Purpose",,"49-94-0048 Milw 12""x7/64""x1"" Metal Cut Off Disc General Purpose",,"49-94-0048 Milw 12""x7/64""x1"" Metal Cut Off Disc General Purpose",,Metal,Cut Off,Disc,,,,,,,,,,,,,,,,,,,,,,,"Milw 12""x7/64""x1"" Metal Cut Off Disc General Purpose",Thread Size,49-94,,,,,,,,,,,,,,,,,,,,,,,,,,,,,,,,,,,,,,,,,,,,,,,,,,,,,,,,,,,,,,,,,,,,,,,,,,,,,,,,,,,,,,,,,,,,,,,,,,,,,,,,,,,,,,,,,,,,,,,,,,,,,,,,,,,,,,,,,,,,,,,,,,,,,,,,,,,,,,,,,,,,,,,,,,,,,,,,,,,,,,,,,,,,,,,,,,,
,,,,,,,,,,,49-94-0053,"49-94-0053 Milw 12""x1/8""x1"" Metal Cut Off Disc",-- Unbranded --,-- No Unilog Brand --,-- No DIB Brand --,Milwaukee Accessory (4031),Milwaukee Accessory,Milwaukee,,49-94-0053,,Tools & Equipment>Power Tool Accessories>Abrasives,"49-94-0053 Milw 12""x1/8""x1"" Metal Cut Off Disc",,"49-94-0053 Milw 12""x1/8""x1"" Metal Cut Off Disc",,"49-94-0053 Milw 12""x1/8""x1"" Metal Cut Off Disc",,Metal,Cut Off,Disc,,,,,,,,,,,,,,,,,,,,,,,"Milw 12""x1/8""x1"" Metal Cut Off Disc",Thread Size,49-94,,,,,,,,,,,,,,,,,,,,,,,,,,,,,,,,,,,,,,,,,,,,,,,,,,,,,,,,,,,,,,,,,,,,,,,,,,,,,,,,,,,,,,,,,,,,,,,,,,,,,,,,,,,,,,,,,,,,,,,,,,,,,,,,,,,,,,,,,,,,,,,,,,,,,,,,,,,,,,,,,,,,,,,,,,,,,,,,,,,,,,,,,,,,,,,,,,,
,,,,,,,,,,,49-94-0058,"49-94-0058 Milw 12""x1/8""x20mm Metal Cut Off Disc",-- Unbranded --,-- No Unilog Brand --,-- No DIB Brand --,Milwaukee Accessory (4031),Milwaukee Accessory,Milwaukee,,49-94-0058,,Tools & Equipment>Power Tool Accessories>Abrasives,"49-94-0058 Milw 12""x1/8""x20mm Metal Cut Off Disc",,"49-94-0058 Milw 12""x1/8""x20mm Metal Cut Off Disc",,"49-94-0058 Milw 12""x1/8""x20mm Metal Cut Off Disc",,Metal,Cut Off,Disc,,,,,,,,,,,,,,,,,,,,,,,"Milw 12""x1/8""x20mm Metal Cut Off Disc",Thread Size,49-94,,,,,,,,,,,,,,,,,,,,,,,,,,,,,,,,,,,,,,,,,,,,,,,,,,,,,,,,,,,,,,,,,,,,,,,,,,,,,,,,,,,,,,,,,,,,,,,,,,,,,,,,,,,,,,,,,,,,,,,,,,,,,,,,,,,,,,,,,,,,,,,,,,,,,,,,,,,,,,,,,,,,,,,,,,,,,,,,,,,,,,,,,,,,,,,,,,,
,,,,,,,,,,,49-94-0063,"49-94-0063 Milw 14""x7/64""x1"" Metal Cut Off Disc General Purpose",-- Unbranded --,-- No Unilog Brand --,-- No DIB Brand --,Milwaukee Accessory (4031),Milwaukee Accessory,Milwaukee,,49-94-0063,,Tools & Equipment>Power Tool Accessories>Abrasives,"49-94-0063 Milw 14""x7/64""x1"" Metal Cut Off Disc General Purpose",,"49-94-0063 Milw 14""x7/64""x1"" Metal Cut Off Disc General Purpose",,"49-94-0063 Milw 14""x7/64""x1"" Metal Cut Off Disc General Purpose",,Metal,Cut Off,Disc,,,,,,,,,,,,,,,,,,,,,,,"Milw 14""x7/64""x1"" Metal Cut Off Disc General Purpose",Thread Size,49-94,,,,,,,,,,,,,,,,,,,,,,,,,,,,,,,,,,,,,,,,,,,,,,,,,,,,,,,,,,,,,,,,,,,,,,,,,,,,,,,,,,,,,,,,,,,,,,,,,,,,,,,,,,,,,,,,,,,,,,,,,,,,,,,,,,,,,,,,,,,,,,,,,,,,,,,,,,,,,,,,,,,,,,,,,,,,,,,,,,,,,,,,,,,,,,,,,,,
,,,,,,,,,,,49-94-0068,"49-94-0068 Milw 14""x1/8""x20mm Metal Cut Off Disc",-- Unbranded --,-- No Unilog Brand --,-- No DIB Brand --,Milwaukee Accessory (4031),Milwaukee Accessory,Milwaukee,,49-94-0068,,Tools & Equipment>Power Tool Accessories>Abrasives,"49-94-0068 Milw 14""x1/8""x20mm Metal Cut Off Disc",,"49-94-0068 Milw 14""x1/8""x20mm Metal Cut Off Disc",,"49-94-0068 Milw 14""x1/8""x20mm Metal Cut Off Disc",,Metal,Cut Off,Disc,,,,,,,,,,,,,,,,,,,,,,,"Milw 14""x1/8""x20mm Metal Cut Off Disc",Thread Size,49-94,,,,,,,,,,,,,,,,,,,,,,,,,,,,,,,,,,,,,,,,,,,,,,,,,,,,,,,,,,,,,,,,,,,,,,,,,,,,,,,,,,,,,,,,,,,,,,,,,,,,,,,,,,,,,,,,,,,,,,,,,,,,,,,,,,,,,,,,,,,,,,,,,,,,,,,,,,,,,,,,,,,,,,,,,,,,,,,,,,,,,,,,,,,,,,,,,,,
,,,,,,,,,,,49-94-0073,"49-94-0073 Milw 14""x1/8""x1"" Metal Cut Off Disc",-- Unbranded --,-- No Unilog Brand --,-- No DIB Brand --,Milwaukee Accessory (4031),Milwaukee Accessory,Milwaukee,,49-94-0073,,Tools & Equipment>Power Tool Accessories>Abrasives,"49-94-0073 Milw 14""x1/8""x1"" Metal Cut Off Disc",,"49-94-0073 Milw 14""x1/8""x1"" Metal Cut Off Disc",,"49-94-0073 Milw 14""x1/8""x1"" Metal Cut Off Disc",,Metal,Cut Off,Disc,,,,,,,,,,,,,,,,,,,,,,,"Milw 14""x1/8""x1"" Metal Cut Off Disc",Thread Size,49-94,,,,,,,,,,,,,,,,,,,,,,,,,,,,,,,,,,,,,,,,,,,,,,,,,,,,,,,,,,,,,,,,,,,,,,,,,,,,,,,,,,,,,,,,,,,,,,,,,,,,,,,,,,,,,,,,,,,,,,,,,,,,,,,,,,,,,,,,,,,,,,,,,,,,,,,,,,,,,,,,,,,,,,,,,,,,,,,,,,,,,,,,,,,,,,,,,,,
,,,,,,,,,,,49-94-0101,"49-94-0101 Milw 4-1/2""x.045""x7/8"" Perform+ Metal Cut Off Disc 10pc",-- Unbranded --,-- No Unilog Brand --,-- No DIB Brand --,Milwaukee Accessory (4031),Milwaukee Accessory,Milwaukee,,49-94-0101,,Tools & Equipment>Power Tool Accessories>Abrasives,"49-94-0101 Milw 4-1/2""x.045""x7/8"" Perform+ Metal Cut Off Disc 10pc",,"49-94-0101 Milw 4-1/2""x.045""x7/8"" Perform+ Metal Cut Off Disc 10pc",,"49-94-0101 Milw 4-1/2""x.045""x7/8"" Perform+ Metal Cut Off Disc 10pc",,10pc,Metal,Cut Off,Disc,,,,,,,,,,,,,,,,,,,,,,"Milw 4-1/2""x.045""x7/8"" Perform+ Metal Cut Off Disc 10pc",Pieces per Package,10,EA,Thread Size,49-94,,,,,,,,,,,,,,,,,,,,,,,,,,,,,,,,,,,,,,,,,,,,,,,,,,,,,,,,,,,,,,,,,,,,,,,,,,,,,,,,,,,,,,,,,,,,,,,,,,,,,,,,,,,,,,,,,,,,,,,,,,,,,,,,,,,,,,,,,,,,,,,,,,,,,,,,,,,,,,,,,,,,,,,,,,,,,,,,,,,,,,,,,,,,,,,,
,,,,,,,,,,,49-94-0107,"49-94-0107 Milw 4-1/2""x.045""x7/8"" Performance+ Metal Cut Off Disc",-- Unbranded --,-- No Unilog Brand --,-- No DIB Brand --,Milwaukee Accessory (4031),Milwaukee Accessory,Milwaukee,,49-94-0107,,Tools & Equipment>Power Tool Accessories>Abrasives,"49-94-0107 Milw 4-1/2""x.045""x7/8"" Performance+ Metal Cut Off Disc",,"49-94-0107 Milw 4-1/2""x.045""x7/8"" Performance+ Metal Cut Off Disc",,"49-94-0107 Milw 4-1/2""x.045""x7/8"" Performance+ Metal Cut Off Disc",,Metal,Cut Off,Disc,,,,,,,,,,,,,,,,,,,,,,,"Milw 4-1/2""x.045""x7/8"" Performance+ Metal Cut Off Disc",Thread Size,49-94,,,,,,,,,,,,,,,,,,,,,,,,,,,,,,,,,,,,,,,,,,,,,,,,,,,,,,,,,,,,,,,,,,,,,,,,,,,,,,,,,,,,,,,,,,,,,,,,,,,,,,,,,,,,,,,,,,,,,,,,,,,,,,,,,,,,,,,,,,,,,,,,,,,,,,,,,,,,,,,,,,,,,,,,,,,,,,,,,,,,,,,,,,,,,,,,,,,
,,,,,,,,,,,49-94-0117,"49-94-0117 Milw 5""x.045""x7/8"" Performance+ Metal Cut Off Disc",-- Unbranded --,-- No Unilog Brand --,-- No DIB Brand --,Milwaukee Accessory (4031),Milwaukee Accessory,Milwaukee,,49-94-0117,,Tools & Equipment>Power Tool Accessories>Abrasives,"49-94-0117 Milw 5""x.045""x7/8"" Performance+ Metal Cut Off Disc",,"49-94-0117 Milw 5""x.045""x7/8"" Performance+ Metal Cut Off Disc",,"49-94-0117 Milw 5""x.045""x7/8"" Performance+ Metal Cut Off Disc",,Metal,Cut Off,Disc,,,,,,,,,,,,,,,,,,,,,,,"Milw 5""x.045""x7/8"" Performance+ Metal Cut Off Disc",Thread Size,49-94,,,,,,,,,,,,,,,,,,,,,,,,,,,,,,,,,,,,,,,,,,,,,,,,,,,,,,,,,,,,,,,,,,,,,,,,,,,,,,,,,,,,,,,,,,,,,,,,,,,,,,,,,,,,,,,,,,,,,,,,,,,,,,,,,,,,,,,,,,,,,,,,,,,,,,,,,,,,,,,,,,,,,,,,,,,,,,,,,,,,,,,,,,,,,,,,,,,
,,,,,,,,,,,49-94-0123,"49-94-0123 Milw 6""x.045""x7/8"" Performance+ Metal Cut Off Disc",-- Unbranded --,-- No Unilog Brand --,-- No DIB Brand --,Milwaukee Accessory (4031),Milwaukee Accessory,Milwaukee,,49-94-0123,,Tools & Equipment>Power Tool Accessories>Abrasives,"49-94-0123 Milw 6""x.045""x7/8"" Performance+ Metal Cut Off Disc",,"49-94-0123 Milw 6""x.045""x7/8"" Performance+ Metal Cut Off Disc",,"49-94-0123 Milw 6""x.045""x7/8"" Performance+ Metal Cut Off Disc",,Metal,Cut Off,Disc,,,,,,,,,,,,,,,,,,,,,,,"Milw 6""x.045""x7/8"" Performance+ Metal Cut Off Disc",Thread Size,49-94,,,,,,,,,,,,,,,,,,,,,,,,,,,,,,,,,,,,,,,,,,,,,,,,,,,,,,,,,,,,,,,,,,,,,,,,,,,,,,,,,,,,,,,,,,,,,,,,,,,,,,,,,,,,,,,,,,,,,,,,,,,,,,,,,,,,,,,,,,,,,,,,,,,,,,,,,,,,,,,,,,,,,,,,,,,,,,,,,,,,,,,,,,,,,,,,,,,
,,,,,,,,,,,49-94-0023,"49-94-0023 Milw 6""x.045""x7/8"" Metal Cut Off Disc",-- Unbranded --,-- No Unilog Brand --,-- No DIB Brand --,Milwaukee Accessory (4031),Milwaukee Accessory,Milwaukee,,49-94-0023,,Tools & Equipment>Power Tool Accessories>Abrasives,"49-94-0023 Milw 6""x.045""x7/8"" Metal Cut Off Disc",,"49-94-0023 Milw 6""x.045""x7/8"" Metal Cut Off Disc",,"49-94-0023 Milw 6""x.045""x7/8"" Metal Cut Off Disc",,Metal,Cut Off,Disc,,,,,,,,,,,,,,,,,,,,,,,"Milw 6""x.045""x7/8"" Metal Cut Off Disc",Thread Size,49-94,,,,,,,,,,,,,,,,,,,,,,,,,,,,,,,,,,,,,,,,,,,,,,,,,,,,,,,,,,,,,,,,,,,,,,,,,,,,,,,,,,,,,,,,,,,,,,,,,,,,,,,,,,,,,,,,,,,,,,,,,,,,,,,,,,,,,,,,,,,,,,,,,,,,,,,,,,,,,,,,,,,,,,,,,,,,,,,,,,,,,,,,,,,,,,,,,,,
,,,,,,,,,,,49-94-0121,"49-94-0121 Milw 6""x.045""x7/8"" Performance+ Metal Cut Off Disc 10pc",-- Unbranded --,-- No Unilog Brand --,-- No DIB Brand --,Milwaukee Accessory (4031),Milwaukee Accessory,Milwaukee,,49-94-0121,,Tools & Equipment>Power Tool Accessories>Abrasives,"49-94-0121 Milw 6""x.045""x7/8"" Performance+ Metal Cut Off Disc 10pc",,"49-94-0121 Milw 6""x.045""x7/8"" Performance+ Metal Cut Off Disc 10pc",,"49-94-0121 Milw 6""x.045""x7/8"" Performance+ Metal Cut Off Disc 10pc",,10pc,Metal,Cut Off,Disc,,,,,,,,,,,,,,,,,,,,,,"Milw 6""x.045""x7/8"" Performance+ Metal Cut Off Disc 10pc",Pieces per Package,10,EA,Thread Size,49-94,,,,,,,,,,,,,,,,,,,,,,,,,,,,,,,,,,,,,,,,,,,,,,,,,,,,,,,,,,,,,,,,,,,,,,,,,,,,,,,,,,,,,,,,,,,,,,,,,,,,,,,,,,,,,,,,,,,,,,,,,,,,,,,,,,,,,,,,,,,,,,,,,,,,,,,,,,,,,,,,,,,,,,,,,,,,,,,,,,,,,,,,,,,,,,,,
,,,,,,,,,,,49-94-0127,"49-94-0127 Milw 6""x.045""x7/8"" Performance+Metal Cut Off Disc",-- Unbranded --,-- No Unilog Brand --,-- No DIB Brand --,Milwaukee Accessory (4031),Milwaukee Accessory,Milwaukee,,49-94-0127,,Tools & Equipment>Power Tool Accessories>Abrasives,"49-94-0127 Milw 6""x.045""x7/8"" Performance+Metal Cut Off Disc",,"49-94-0127 Milw 6""x.045""x7/8"" Performance+Metal Cut Off Disc",,"49-94-0127 Milw 6""x.045""x7/8"" Performance+Metal Cut Off Disc",,Metal,Cut Off,Disc,,,,,,,,,,,,,,,,,,,,,,,"Milw 6""x.045""x7/8"" Performance+Metal Cut Off Disc",Thread Size,49-94,,,,,,,,,,,,,,,,,,,,,,,,,,,,,,,,,,,,,,,,,,,,,,,,,,,,,,,,,,,,,,,,,,,,,,,,,,,,,,,,,,,,,,,,,,,,,,,,,,,,,,,,,,,,,,,,,,,,,,,,,,,,,,,,,,,,,,,,,,,,,,,,,,,,,,,,,,,,,,,,,,,,,,,,,,,,,,,,,,,,,,,,,,,,,,,,,,,
,,,,,,,,,,,49-94-0137,"49-94-0137 Milw 7""x3/32""x7/8"" Performance+ Metal Cut Off Disc",-- Unbranded --,-- No Unilog Brand --,-- No DIB Brand --,Milwaukee Accessory (4031),Milwaukee Accessory,Milwaukee,,49-94-0137,,Tools & Equipment>Power Tool Accessories>Abrasives,"49-94-0137 Milw 7""x3/32""x7/8"" Performance+ Metal Cut Off Disc",,"49-94-0137 Milw 7""x3/32""x7/8"" Performance+ Metal Cut Off Disc",,"49-94-0137 Milw 7""x3/32""x7/8"" Performance+ Metal Cut Off Disc",,Metal,Cut Off,Disc,,,,,,,,,,,,,,,,,,,,,,,"Milw 7""x3/32""x7/8"" Performance+ Metal Cut Off Disc",Thread Size,49-94,,,,,,,,,,,,,,,,,,,,,,,,,,,,,,,,,,,,,,,,,,,,,,,,,,,,,,,,,,,,,,,,,,,,,,,,,,,,,,,,,,,,,,,,,,,,,,,,,,,,,,,,,,,,,,,,,,,,,,,,,,,,,,,,,,,,,,,,,,,,,,,,,,,,,,,,,,,,,,,,,,,,,,,,,,,,,,,,,,,,,,,,,,,,,,,,,,,
,,,,,,,,,,,49-94-0160,"49-94-0160 Milw 14""x7/64""x1"" Performance+ Metal Cut Off Disc",-- Unbranded --,-- No Unilog Brand --,-- No DIB Brand --,Milwaukee Accessory (4031),Milwaukee Accessory,Milwaukee,,49-94-0160,,Tools & Equipment>Power Tool Accessories>Abrasives,"49-94-0160 Milw 14""x7/64""x1"" Performance+ Metal Cut Off Disc",,"49-94-0160 Milw 14""x7/64""x1"" Performance+ Metal Cut Off Disc",,"49-94-0160 Milw 14""x7/64""x1"" Performance+ Metal Cut Off Disc",,Metal,Cut Off,Disc,,,,,,,,,,,,,,,,,,,,,,,"Milw 14""x7/64""x1"" Performance+ Metal Cut Off Disc",Thread Size,49-94,,,,,,,,,,,,,,,,,,,,,,,,,,,,,,,,,,,,,,,,,,,,,,,,,,,,,,,,,,,,,,,,,,,,,,,,,,,,,,,,,,,,,,,,,,,,,,,,,,,,,,,,,,,,,,,,,,,,,,,,,,,,,,,,,,,,,,,,,,,,,,,,,,,,,,,,,,,,,,,,,,,,,,,,,,,,,,,,,,,,,,,,,,,,,,,,,,,
,,,,,,,,,,,49-94-0223,"49-94-0223 Milw 6""x.045""x7/8"" Ceramic+ Metal Cut Off Disc",-- Unbranded --,-- No Unilog Brand --,-- No DIB Brand --,Milwaukee Accessory (4031),Milwaukee Accessory,Milwaukee,,49-94-0223,,Tools & Equipment>Power Tool Accessories>Abrasives,"49-94-0223 Milw 6""x.045""x7/8"" Ceramic+ Metal Cut Off Disc",,"49-94-0223 Milw 6""x.045""x7/8"" Ceramic+ Metal Cut Off Disc",,"49-94-0223 Milw 6""x.045""x7/8"" Ceramic+ Metal Cut Off Disc",,Ceramic,Metal,Cut Off,Disc,,,,,,,,,,,,,,,,,,,,,,"Milw 6""x.045""x7/8"" Ceramic+ Metal Cut Off Disc",Thread Size,49-94,,,,,,,,,,,,,,,,,,,,,,,,,,,,,,,,,,,,,,,,,,,,,,,,,,,,,,,,,,,,,,,,,,,,,,,,,,,,,,,,,,,,,,,,,,,,,,,,,,,,,,,,,,,,,,,,,,,,,,,,,,,,,,,,,,,,,,,,,,,,,,,,,,,,,,,,,,,,,,,,,,,,,,,,,,,,,,,,,,,,,,,,,,,,,,,,,,,
,,,,,,,,,,,49-94-0445,"49-94-0445 Milw 10""x3/32""x5/8"" Performance+ Metal Cut Off Disc",-- Unbranded --,-- No Unilog Brand --,-- No DIB Brand --,Milwaukee Accessory (4031),Milwaukee Accessory,Milwaukee,,49-94-0445,,Tools & Equipment>Power Tool Accessories>Abrasives,"49-94-0445 Milw 10""x3/32""x5/8"" Performance+ Metal Cut Off Disc",,"49-94-0445 Milw 10""x3/32""x5/8"" Performance+ Metal Cut Off Disc",,"49-94-0445 Milw 10""x3/32""x5/8"" Performance+ Metal Cut Off Disc",,Metal,Cut Off,Disc,,,,,,,,,,,,,,,,,,,,,,,"Milw 10""x3/32""x5/8"" Performance+ Metal Cut Off Disc",Thread Size,49-94,,,,,,,,,,,,,,,,,,,,,,,,,,,,,,,,,,,,,,,,,,,,,,,,,,,,,,,,,,,,,,,,,,,,,,,,,,,,,,,,,,,,,,,,,,,,,,,,,,,,,,,,,,,,,,,,,,,,,,,,,,,,,,,,,,,,,,,,,,,,,,,,,,,,,,,,,,,,,,,,,,,,,,,,,,,,,,,,,,,,,,,,,,,,,,,,,,,
,,,,,,,,,,,49-94-0803,"49-94-0803 Milw 4-1/2""x1/8""x7/8"" Dual Metal Cut and Grind Disc",-- Unbranded --,-- No Unilog Brand --,-- No DIB Brand --,Milwaukee Accessory (4031),Milwaukee Accessory,Milwaukee,,49-94-0803,,Industrial Supplies>General,"49-94-0803 Milw 4-1/2""x1/8""x7/8"" Dual Metal Cut and Grind Disc",,"49-94-0803 Milw 4-1/2""x1/8""x7/8"" Dual Metal Cut and Grind Disc",,"49-94-0803 Milw 4-1/2""x1/8""x7/8"" Dual Metal Cut and Grind Disc",,Metal,Cut and Grind,Disc,,,,,,,,,,,,,,,,,,,,,,,"Milw 4-1/2""x1/8""x7/8"" Dual Metal Cut and Grind Disc",Thread Size,49-94,,,,,,,,,,,,,,,,,,,,,,,,,,,,,,,,,,,,,,,,,,,,,,,,,,,,,,,,,,,,,,,,,,,,,,,,,,,,,,,,,,,,,,,,,,,,,,,,,,,,,,,,,,,,,,,,,,,,,,,,,,,,,,,,,,,,,,,,,,,,,,,,,,,,,,,,,,,,,,,,,,,,,,,,,,,,,,,,,,,,,,,,,,,,,,,,,,,
,,,,,,,,,,,49-94-0903,"49-94-0903 Milw 4-1/2""x1/8""x7/8""Perform+Dual Metal Cut and Grind Disc",-- Unbranded --,-- No Unilog Brand --,-- No DIB Brand --,Milwaukee Accessory (4031),Milwaukee Accessory,Milwaukee,,49-94-0903,,Industrial Supplies>General,"49-94-0903 Milw 4-1/2""x1/8""x7/8""Perform+Dual Metal Cut and Grind Disc",,"49-94-0903 Milw 4-1/2""x1/8""x7/8""Perform+Dual Metal Cut and Grind Disc",,"49-94-0903 Milw 4-1/2""x1/8""x7/8""Perform+Dual Metal Cut and Grind Disc",,Metal,Cut and Grind,Disc,,,,,,,,,,,,,,,,,,,,,,,"Milw 4-1/2""x1/8""x7/8""Perform+Dual Metal Cut and Grind Disc",Thread Size,49-94,,,,,,,,,,,,,,,,,,,,,,,,,,,,,,,,,,,,,,,,,,,,,,,,,,,,,,,,,,,,,,,,,,,,,,,,,,,,,,,,,,,,,,,,,,,,,,,,,,,,,,,,,,,,,,,,,,,,,,,,,,,,,,,,,,,,,,,,,,,,,,,,,,,,,,,,,,,,,,,,,,,,,,,,,,,,,,,,,,,,,,,,,,,,,,,,,,,
,,,,,,,,,,,49-94-0907,"49-94-0907 Milw 4-1/2""x1/8""x5/8-11""Perform+Dual Metal Cut n Grind Disc",-- Unbranded --,-- No Unilog Brand --,-- No DIB Brand --,Milwaukee Accessory (4031),Milwaukee Accessory,Milwaukee,,49-94-0907,,Industrial Supplies>General,"49-94-0907 Milw 4-1/2""x1/8""x5/8-11""Perform+Dual Metal Cut n Grind Disc",,"49-94-0907 Milw 4-1/2""x1/8""x5/8-11""Perform+Dual Metal Cut n Grind Disc",,"49-94-0907 Milw 4-1/2""x1/8""x5/8-11""Perform+Dual Metal Cut n Grind Disc",,Metal,Disc,,,,,,,,,,,,,,,,,,,,,,,,"Milw 4-1/2""x1/8""x5/8-11""Perform+Dual Metal Cut n Grind Disc",Thread Size,49-94,,,,,,,,,,,,,,,,,,,,,,,,,,,,,,,,,,,,,,,,,,,,,,,,,,,,,,,,,,,,,,,,,,,,,,,,,,,,,,,,,,,,,,,,,,,,,,,,,,,,,,,,,,,,,,,,,,,,,,,,,,,,,,,,,,,,,,,,,,,,,,,,,,,,,,,,,,,,,,,,,,,,,,,,,,,,,,,,,,,,,,,,,,,,,,,,,,,
,,,,,,,,,,,49-94-0923,"49-94-0923 Milw 6""x1/8""x7/8"" Perform+Dual Metal Cut and Grind Disc",-- Unbranded --,-- No Unilog Brand --,-- No DIB Brand --,Milwaukee Accessory (4031),Milwaukee Accessory,Milwaukee,,49-94-0923,,Industrial Supplies>General,"49-94-0923 Milw 6""x1/8""x7/8"" Perform+Dual Metal Cut and Grind Disc",,"49-94-0923 Milw 6""x1/8""x7/8"" Perform+Dual Metal Cut and Grind Disc",,"49-94-0923 Milw 6""x1/8""x7/8"" Perform+Dual Metal Cut and Grind Disc",,Metal,Cut and Grind,Disc,,,,,,,,,,,,,,,,,,,,,,,"Milw 6""x1/8""x7/8"" Perform+Dual Metal Cut and Grind Disc",Thread Size,49-94,,,,,,,,,,,,,,,,,,,,,,,,,,,,,,,,,,,,,,,,,,,,,,,,,,,,,,,,,,,,,,,,,,,,,,,,,,,,,,,,,,,,,,,,,,,,,,,,,,,,,,,,,,,,,,,,,,,,,,,,,,,,,,,,,,,,,,,,,,,,,,,,,,,,,,,,,,,,,,,,,,,,,,,,,,,,,,,,,,,,,,,,,,,,,,,,,,,
,,,,,,,,,,,49-94-1900,"49-94-1900 Milw 4""x1/8""x5/8"" Masonry Cut Off Disc",-- Unbranded --,-- No Unilog Brand --,-- No DIB Brand --,Milwaukee Accessory (4031),Milwaukee Accessory,Milwaukee,,49-94-1900,,Tools & Equipment>Power Tool Accessories>Abrasives,"49-94-1900 Milw 4""x1/8""x5/8"" Masonry Cut Off Disc",,"49-94-1900 Milw 4""x1/8""x5/8"" Masonry Cut Off Disc",,"49-94-1900 Milw 4""x1/8""x5/8"" Masonry Cut Off Disc",,Masonry,Cut Off,Disc,,,,,,,,,,,,,,,,,,,,,,,"Milw 4""x1/8""x5/8"" Masonry Cut Off Disc",Thread Size,49-94,,,,,,,,,,,,,,,,,,,,,,,,,,,,,,,,,,,,,,,,,,,,,,,,,,,,,,,,,,,,,,,,,,,,,,,,,,,,,,,,,,,,,,,,,,,,,,,,,,,,,,,,,,,,,,,,,,,,,,,,,,,,,,,,,,,,,,,,,,,,,,,,,,,,,,,,,,,,,,,,,,,,,,,,,,,,,,,,,,,,,,,,,,,,,,,,,,,
,,,,,,,,,,,49-94-1905,"49-94-1905 Milw 4-1/2""x1/8""x7/8"" Masonry Cut Off Disc",-- Unbranded --,-- No Unilog Brand --,-- No DIB Brand --,Milwaukee Accessory (4031),Milwaukee Accessory,Milwaukee,,49-94-1905,,Tools & Equipment>Power Tool Accessories>Abrasives,"49-94-1905 Milw 4-1/2""x1/8""x7/8"" Masonry Cut Off Disc",,"49-94-1905 Milw 4-1/2""x1/8""x7/8"" Masonry Cut Off Disc",,"49-94-1905 Milw 4-1/2""x1/8""x7/8"" Masonry Cut Off Disc",,Masonry,Cut Off,Disc,,,,,,,,,,,,,,,,,,,,,,,"Milw 4-1/2""x1/8""x7/8"" Masonry Cut Off Disc",Thread Size,49-94,,,,,,,,,,,,,,,,,,,,,,,,,,,,,,,,,,,,,,,,,,,,,,,,,,,,,,,,,,,,,,,,,,,,,,,,,,,,,,,,,,,,,,,,,,,,,,,,,,,,,,,,,,,,,,,,,,,,,,,,,,,,,,,,,,,,,,,,,,,,,,,,,,,,,,,,,,,,,,,,,,,,,,,,,,,,,,,,,,,,,,,,,,,,,,,,,,,
,,,,,,,,,,,49-94-1915,"49-94-1915 Milw 6-1/2""x1/8""x5/8"" DKO Masonry Cut Off Disc",-- Unbranded --,-- No Unilog Brand --,-- No DIB Brand --,Milwaukee Accessory (4031),Milwaukee Accessory,Milwaukee,,49-94-1915,,Tools & Equipment>Power Tool Accessories>Abrasives,"49-94-1915 Milw 6-1/2""x1/8""x5/8"" DKO Masonry Cut Off Disc",,"49-94-1915 Milw 6-1/2""x1/8""x5/8"" DKO Masonry Cut Off Disc",,"49-94-1915 Milw 6-1/2""x1/8""x5/8"" DKO Masonry Cut Off Disc",,Masonry,Cut Off,Disc,,,,,,,,,,,,,,,,,,,,,,,"Milw 6-1/2""x1/8""x5/8"" DKO Masonry Cut Off Disc",Thread Size,49-94,,,,,,,,,,,,,,,,,,,,,,,,,,,,,,,,,,,,,,,,,,,,,,,,,,,,,,,,,,,,,,,,,,,,,,,,,,,,,,,,,,,,,,,,,,,,,,,,,,,,,,,,,,,,,,,,,,,,,,,,,,,,,,,,,,,,,,,,,,,,,,,,,,,,,,,,,,,,,,,,,,,,,,,,,,,,,,,,,,,,,,,,,,,,,,,,,,,
,,,,,,,,,,,49-94-1920,"49-94-1920 Milw 7""x1/8""x5/8"" DKO Masonry Cut Off Disc",-- Unbranded --,-- No Unilog Brand --,-- No DIB Brand --,Milwaukee Accessory (4031),Milwaukee Accessory,Milwaukee,,49-94-1920,,Tools & Equipment>Power Tool Accessories>Abrasives,"49-94-1920 Milw 7""x1/8""x5/8"" DKO Masonry Cut Off Disc",,"49-94-1920 Milw 7""x1/8""x5/8"" DKO Masonry Cut Off Disc",,"49-94-1920 Milw 7""x1/8""x5/8"" DKO Masonry Cut Off Disc",,Masonry,Cut Off,Disc,,,,,,,,,,,,,,,,,,,,,,,"Milw 7""x1/8""x5/8"" DKO Masonry Cut Off Disc",Thread Size,49-94,,,,,,,,,,,,,,,,,,,,,,,,,,,,,,,,,,,,,,,,,,,,,,,,,,,,,,,,,,,,,,,,,,,,,,,,,,,,,,,,,,,,,,,,,,,,,,,,,,,,,,,,,,,,,,,,,,,,,,,,,,,,,,,,,,,,,,,,,,,,,,,,,,,,,,,,,,,,,,,,,,,,,,,,,,,,,,,,,,,,,,,,,,,,,,,,,,,
,,,,,,,,,,,49-94-1925,"49-94-1925 Milw 10""x1/8""x5/8"" Masonry Cut Off Disc",-- Unbranded --,-- No Unilog Brand --,-- No DIB Brand --,Milwaukee Accessory (4031),Milwaukee Accessory,Milwaukee,,49-94-1925,,Tools & Equipment>Power Tool Accessories>Abrasives,"49-94-1925 Milw 10""x1/8""x5/8"" Masonry Cut Off Disc",,"49-94-1925 Milw 10""x1/8""x5/8"" Masonry Cut Off Disc",,"49-94-1925 Milw 10""x1/8""x5/8"" Masonry Cut Off Disc",,Masonry,Cut Off,Disc,,,,,,,,,,,,,,,,,,,,,,,"Milw 10""x1/8""x5/8"" Masonry Cut Off Disc",Thread Size,49-94,,,,,,,,,,,,,,,,,,,,,,,,,,,,,,,,,,,,,,,,,,,,,,,,,,,,,,,,,,,,,,,,,,,,,,,,,,,,,,,,,,,,,,,,,,,,,,,,,,,,,,,,,,,,,,,,,,,,,,,,,,,,,,,,,,,,,,,,,,,,,,,,,,,,,,,,,,,,,,,,,,,,,,,,,,,,,,,,,,,,,,,,,,,,,,,,,,,
,,,,,,,,,,,49-94-1935,"49-94-1935 Milw 12""x1/8""x1"" Masonry Cut Off Disc",-- Unbranded --,-- No Unilog Brand --,-- No DIB Brand --,Milwaukee Accessory (4031),Milwaukee Accessory,Milwaukee,,49-94-1935,,Tools & Equipment>Power Tool Accessories>Abrasives,"49-94-1935 Milw 12""x1/8""x1"" Masonry Cut Off Disc",,"49-94-1935 Milw 12""x1/8""x1"" Masonry Cut Off Disc",,"49-94-1935 Milw 12""x1/8""x1"" Masonry Cut Off Disc",,Masonry,Cut Off,Disc,,,,,,,,,,,,,,,,,,,,,,,"Milw 12""x1/8""x1"" Masonry Cut Off Disc",Thread Size,49-94,,,,,,,,,,,,,,,,,,,,,,,,,,,,,,,,,,,,,,,,,,,,,,,,,,,,,,,,,,,,,,,,,,,,,,,,,,,,,,,,,,,,,,,,,,,,,,,,,,,,,,,,,,,,,,,,,,,,,,,,,,,,,,,,,,,,,,,,,,,,,,,,,,,,,,,,,,,,,,,,,,,,,,,,,,,,,,,,,,,,,,,,,,,,,,,,,,,
,,,,,,,,,,,49-94-1940,"49-94-1940 Milw 14""x1/8""x1"" Masonry Cut Off Disc",-- Unbranded --,-- No Unilog Brand --,-- No DIB Brand --,Milwaukee Accessory (4031),Milwaukee Accessory,Milwaukee,,49-94-1940,,Tools & Equipment>Power Tool Accessories>Abrasives,"49-94-1940 Milw 14""x1/8""x1"" Masonry Cut Off Disc",,"49-94-1940 Milw 14""x1/8""x1"" Masonry Cut Off Disc",,"49-94-1940 Milw 14""x1/8""x1"" Masonry Cut Off Disc",,Masonry,Cut Off,Disc,,,,,,,,,,,,,,,,,,,,,,,"Milw 14""x1/8""x1"" Masonry Cut Off Disc",Thread Size,49-94,,,,,,,,,,,,,,,,,,,,,,,,,,,,,,,,,,,,,,,,,,,,,,,,,,,,,,,,,,,,,,,,,,,,,,,,,,,,,,,,,,,,,,,,,,,,,,,,,,,,,,,,,,,,,,,,,,,,,,,,,,,,,,,,,,,,,,,,,,,,,,,,,,,,,,,,,,,,,,,,,,,,,,,,,,,,,,,,,,,,,,,,,,,,,,,,,,,
,,,,,,,,,,,49-94-0501,"49-94-0501 Milw 4""x1/4""x5/8"" Metal Grinding Wheel",-- Unbranded --,-- No Unilog Brand --,-- No DIB Brand --,Milwaukee Accessory (4031),Milwaukee Accessory,Milwaukee,,49-94-0501,,Tools & Equipment>Power Tool Accessories>Abrasives,"49-94-0501 Milw 4""x1/4""x5/8"" Metal Grinding Wheel",,"49-94-0501 Milw 4""x1/4""x5/8"" Metal Grinding Wheel",,"49-94-0501 Milw 4""x1/4""x5/8"" Metal Grinding Wheel",,Metal,Wheel,,,,,,,,,,,,,,,,,,,,,,,,"Milw 4""x1/4""x5/8"" Metal Grinding Wheel",Thread Size,49-94,,,,,,,,,,,,,,,,,,,,,,,,,,,,,,,,,,,,,,,,,,,,,,,,,,,,,,,,,,,,,,,,,,,,,,,,,,,,,,,,,,,,,,,,,,,,,,,,,,,,,,,,,,,,,,,,,,,,,,,,,,,,,,,,,,,,,,,,,,,,,,,,,,,,,,,,,,,,,,,,,,,,,,,,,,,,,,,,,,,,,,,,,,,,,,,,,,,
,,,,,,,,,,,49-94-0503,"49-94-0503 Milw 4-1/2""x1/4""x7/8"" Metal Grinding Wheel",-- Unbranded --,-- No Unilog Brand --,-- No DIB Brand --,Milwaukee Accessory (4031),Milwaukee Accessory,Milwaukee,,49-94-0503,,Tools & Equipment>Power Tool Accessories>Abrasives,"49-94-0503 Milw 4-1/2""x1/4""x7/8"" Metal Grinding Wheel",,"49-94-0503 Milw 4-1/2""x1/4""x7/8"" Metal Grinding Wheel",,"49-94-0503 Milw 4-1/2""x1/4""x7/8"" Metal Grinding Wheel",,Metal,Wheel,,,,,,,,,,,,,,,,,,,,,,,,"Milw 4-1/2""x1/4""x7/8"" Metal Grinding Wheel",Thread Size,49-94,,,,,,,,,,,,,,,,,,,,,,,,,,,,,,,,,,,,,,,,,,,,,,,,,,,,,,,,,,,,,,,,,,,,,,,,,,,,,,,,,,,,,,,,,,,,,,,,,,,,,,,,,,,,,,,,,,,,,,,,,,,,,,,,,,,,,,,,,,,,,,,,,,,,,,,,,,,,,,,,,,,,,,,,,,,,,,,,,,,,,,,,,,,,,,,,,,,
,,,,,,,,,,,49-94-0523,"49-94-0523 Milw 6""x1/4""x7/8"" Metal Grinding Wheel",-- Unbranded --,-- No Unilog Brand --,-- No DIB Brand --,Milwaukee Accessory (4031),Milwaukee Accessory,Milwaukee,,49-94-0523,,Tools & Equipment>Power Tool Accessories>Abrasives,"49-94-0523 Milw 6""x1/4""x7/8"" Metal Grinding Wheel",,"49-94-0523 Milw 6""x1/4""x7/8"" Metal Grinding Wheel",,"49-94-0523 Milw 6""x1/4""x7/8"" Metal Grinding Wheel",,Metal,Wheel,,,,,,,,,,,,,,,,,,,,,,,,"Milw 6""x1/4""x7/8"" Metal Grinding Wheel",Thread Size,49-94,,,,,,,,,,,,,,,,,,,,,,,,,,,,,,,,,,,,,,,,,,,,,,,,,,,,,,,,,,,,,,,,,,,,,,,,,,,,,,,,,,,,,,,,,,,,,,,,,,,,,,,,,,,,,,,,,,,,,,,,,,,,,,,,,,,,,,,,,,,,,,,,,,,,,,,,,,,,,,,,,,,,,,,,,,,,,,,,,,,,,,,,,,,,,,,,,,,
,,,,,,,,,,,49-94-1955,"49-94-1955 Milw 4-1/2""x1/4""x7/8"" Masonry Grinding Wheel",-- Unbranded --,-- No Unilog Brand --,-- No DIB Brand --,Milwaukee Accessory (4031),Milwaukee Accessory,Milwaukee,,49-94-1955,,Tools & Equipment>Power Tool Accessories>Abrasives,"49-94-1955 Milw 4-1/2""x1/4""x7/8"" Masonry Grinding Wheel",,"49-94-1955 Milw 4-1/2""x1/4""x7/8"" Masonry Grinding Wheel",,"49-94-1955 Milw 4-1/2""x1/4""x7/8"" Masonry Grinding Wheel",,Masonry,Wheel,,,,,,,,,,,,,,,,,,,,,,,,"Milw 4-1/2""x1/4""x7/8"" Masonry Grinding Wheel",Thread Size,49-94,,,,,,,,,,,,,,,,,,,,,,,,,,,,,,,,,,,,,,,,,,,,,,,,,,,,,,,,,,,,,,,,,,,,,,,,,,,,,,,,,,,,,,,,,,,,,,,,,,,,,,,,,,,,,,,,,,,,,,,,,,,,,,,,,,,,,,,,,,,,,,,,,,,,,,,,,,,,,,,,,,,,,,,,,,,,,,,,,,,,,,,,,,,,,,,,,,,
,,,,,,,,,,,49-94-1965,"49-94-1965 Milw 7""x1/4""x7/8"" Masonry Grinding Wheel",-- Unbranded --,-- No Unilog Brand --,-- No DIB Brand --,Milwaukee Accessory (4031),Milwaukee Accessory,Milwaukee,,49-94-1965,,Tools & Equipment>Power Tool Accessories>Abrasives,"49-94-1965 Milw 7""x1/4""x7/8"" Masonry Grinding Wheel",,"49-94-1965 Milw 7""x1/4""x7/8"" Masonry Grinding Wheel",,"49-94-1965 Milw 7""x1/4""x7/8"" Masonry Grinding Wheel",,Masonry,Wheel,,,,,,,,,,,,,,,,,,,,,,,,"Milw 7""x1/4""x7/8"" Masonry Grinding Wheel",Thread Size,49-94,,,,,,,,,,,,,,,,,,,,,,,,,,,,,,,,,,,,,,,,,,,,,,,,,,,,,,,,,,,,,,,,,,,,,,,,,,,,,,,,,,,,,,,,,,,,,,,,,,,,,,,,,,,,,,,,,,,,,,,,,,,,,,,,,,,,,,,,,,,,,,,,,,,,,,,,,,,,,,,,,,,,,,,,,,,,,,,,,,,,,,,,,,,,,,,,,,,
,,,,,,,,,,,49-94-0513,"49-94-0513 Milw 5""x1/4""x7/8"" Metal Grinding Wheel",-- Unbranded --,-- No Unilog Brand --,-- No DIB Brand --,Milwaukee Accessory (4031),Milwaukee Accessory,Milwaukee,,49-94-0513,,Tools & Equipment>Power Tool Accessories>Abrasives,"49-94-0513 Milw 5""x1/4""x7/8"" Metal Grinding Wheel",,"49-94-0513 Milw 5""x1/4""x7/8"" Metal Grinding Wheel",,"49-94-0513 Milw 5""x1/4""x7/8"" Metal Grinding Wheel",,Metal,Wheel,,,,,,,,,,,,,,,,,,,,,,,,"Milw 5""x1/4""x7/8"" Metal Grinding Wheel",Thread Size,49-94,,,,,,,,,,,,,,,,,,,,,,,,,,,,,,,,,,,,,,,,,,,,,,,,,,,,,,,,,,,,,,,,,,,,,,,,,,,,,,,,,,,,,,,,,,,,,,,,,,,,,,,,,,,,,,,,,,,,,,,,,,,,,,,,,,,,,,,,,,,,,,,,,,,,,,,,,,,,,,,,,,,,,,,,,,,,,,,,,,,,,,,,,,,,,,,,,,,
,,,,,,,,,,,49-94-0533,"49-94-0533 Milw 7""x1/4""x7/8"" Metal Grinding Wheel",-- Unbranded --,-- No Unilog Brand --,-- No DIB Brand --,Milwaukee Accessory (4031),Milwaukee Accessory,Milwaukee,,49-94-0533,,Tools & Equipment>Power Tool Accessories>Abrasives,"49-94-0533 Milw 7""x1/4""x7/8"" Metal Grinding Wheel",,"49-94-0533 Milw 7""x1/4""x7/8"" Metal Grinding Wheel",,"49-94-0533 Milw 7""x1/4""x7/8"" Metal Grinding Wheel",,Metal,Wheel,,,,,,,,,,,,,,,,,,,,,,,,"Milw 7""x1/4""x7/8"" Metal Grinding Wheel",Thread Size,49-94,,,,,,,,,,,,,,,,,,,,,,,,,,,,,,,,,,,,,,,,,,,,,,,,,,,,,,,,,,,,,,,,,,,,,,,,,,,,,,,,,,,,,,,,,,,,,,,,,,,,,,,,,,,,,,,,,,,,,,,,,,,,,,,,,,,,,,,,,,,,,,,,,,,,,,,,,,,,,,,,,,,,,,,,,,,,,,,,,,,,,,,,,,,,,,,,,,,
,,,,,,,,,,,DFBLBLOMFN01G,DFBLBLOMFN01G Diablo 220 Grit - Flat Edge Sanding Sponge,-- Unbranded --,-- No Unilog Brand --,-- No DIB Brand --,Freud Inc (2435),Freud Inc,Diablo,,DFBLBLOMFN01G,,Tools & Equipment>Power Tool Accessories>Abrasives,DFBLBLOMFN01G Diablo 220 Grit - Flat Edge Sanding Sponge,,DFBLBLOMFN01G Diablo 220 Grit - Flat Edge Sanding Sponge,,DFBLBLOMFN01G Diablo 220 Grit - Flat Edge Sanding Sponge,,,,,,,,,,,,,,,,,,,,,,,,,,,Diablo 220 Grit - Flat Edge Sanding Sponge,,,,,,,,,,,,,,,,,,,,,,,,,,,,,,,,,,,,,,,,,,,,,,,,,,,,,,,,,,,,,,,,,,,,,,,,,,,,,,,,,,,,,,,,,,,,,,,,,,,,,,,,,,,,,,,,,,,,,,,,,,,,,,,,,,,,,,,,,,,,,,,,,,,,,,,,,,,,,,,,,,,,,,,,,,,,,,,,,,,,,,,,,,,,,,,,,,,,,
,,,,,,,,,,,1700-1PK-BB40,3/4x60' Vinyl Elect Tape,-- Unbranded --,-- No Unilog Brand --,3M,3 M Co (5293),3 M Co,3M,,1700-1PK-BB40,,Industrial Supplies>General,3/4x60' Vinyl Elect Tape,,3/4x60' Vinyl Elect Tape,,3/4x60' Vinyl Elect Tape,,,,,,,,,,,,,,,,,,,,,,,,,,,3/4x60' Vinyl Elect Tape,,,,,,,,,,,,,,,,,,,,,,,,,,,,,,,,,,,,,,,,,,,,,,,,,,,,,,,,,,,,,,,,,,,,,,,,,,,,,,,,,,,,,,,,,,,,,,,,,,,,,,,,,,,,,,,,,,,,,,,,,,,,,,,,,,,,,,,,,,,,,,,,,,,,,,,,,,,,,,,,,,,,,,,,,,,,,,,,,,,,,,,,,,,,,,,,,,,,,
,,,,,,,,,,,ASH-40-40-04,1.5x1.5x13' Legacy Emseal Tape,-- Unbranded --,-- No Unilog Brand --,-- No DIB Brand --,Emseal Joint Systems Ltd (EMSJO),Emseal Joint Systems Ltd,,,ASH-40-40-04,,Industrial Supplies>General,1.5x1.5x13' Legacy Emseal Tape,,1.5x1.5x13' Legacy Emseal Tape,,1.5x1.5x13' Legacy Emseal Tape,,,,,,,,,,,,,,,,,,,,,,,,,,,1.5x1.5x13' Legacy Emseal Tape,,,,,,,,,,,,,,,,,,,,,,,,,,,,,,,,,,,,,,,,,,,,,,,,,,,,,,,,,,,,,,,,,,,,,,,,,,,,,,,,,,,,,,,,,,,,,,,,,,,,,,,,,,,,,,,,,,,,,,,,,,,,,,,,,,,,,,,,,,,,,,,,,,,,,,,,,,,,,,,,,,,,,,,,,,,,,,,,,,,,,,,,,,,,,,,,,,,,,
,,,,,,,,,,,KDFM404KPS,KDFM404KPS Dishwasher SS,-- Unbranded --,-- No Unilog Brand --,-- No DIB Brand --,Appliance Dealers Cooperative (APPDE),Appliance Dealers Cooperative,,,KDFM404KPS,,Appliances & Consumer Electronics>Kitchen Appliances,KDFM404KPS Dishwasher SS,,KDFM404KPS Dishwasher SS,,KDFM404KPS Dishwasher SS,,,,,,,,,,,,,,,,,,,,,,,,,,,Dishwasher SS,,,,,,,,,,,,,,,,,,,,,,,,,,,,,,,,,,,,,,,,,,,,,,,,,,,,,,,,,,,,,,,,,,,,,,,,,,,,,,,,,,,,,,,,,,,,,,,,,,,,,,,,,,,,,,,,,,,,,,,,,,,,,,,,,,,,,,,,,,,,,,,,,,,,,,,,,,,,,,,,,,,,,,,,,,,,,,,,,,,,,,,,,,,,,,,,,,,,,
,,,,,,,,,,,PDSH4816AF,PDSH4816AF Dishwasher SS - Display Only,-- Unbranded --,-- No Unilog Brand --,-- No DIB Brand --,Appliance Dealers Cooperative (APPDE),Appliance Dealers Cooperative,,,PDSH4816AF,,Appliances & Consumer Electronics>Kitchen Appliances,PDSH4816AF Dishwasher SS - Display Only,,PDSH4816AF Dishwasher SS - Display Only,,PDSH4816AF Dishwasher SS - Display Only,,,,,,,,,,,,,,,,,,,,,,,,,,,Dishwasher SS - Display Only,,,,,,,,,,,,,,,,,,,,,,,,,,,,,,,,,,,,,,,,,,,,,,,,,,,,,,,,,,,,,,,,,,,,,,,,,,,,,,,,,,,,,,,,,,,,,,,,,,,,,,,,,,,,,,,,,,,,,,,,,,,,,,,,,,,,,,,,,,,,,,,,,,,,,,,,,,,,,,,,,,,,,,,,,,,,,,,,,,,,,,,,,,,,,,,,,,,,,
,,,,,,,,,,,PDT715SYVFS,PDT715SYVFS Ge Dishwasher SS,-- Unbranded --,-- No Unilog Brand --,-- No DIB Brand --,Appliance Dealers Cooperative (APPDE),Appliance Dealers Cooperative,,,PDT715SYVFS,,Appliances & Consumer Electronics>Kitchen Appliances,PDT715SYVFS Ge Dishwasher SS,,PDT715SYVFS Ge Dishwasher SS,,PDT715SYVFS Ge Dishwasher SS,,,,,,,,,,,,,,,,,,,,,,,,,,,Ge Dishwasher SS,,,,,,,,,,,,,,,,,,,,,,,,,,,,,,,,,,,,,,,,,,,,,,,,,,,,,,,,,,,,,,,,,,,,,,,,,,,,,,,,,,,,,,,,,,,,,,,,,,,,,,,,,,,,,,,,,,,,,,,,,,,,,,,,,,,,,,,,,,,,,,,,,,,,,,,,,,,,,,,,,,,,,,,,,,,,,,,,,,,,,,,,,,,,,,,,,,,,,
,,,,,,,,,,,LDPH5554D,LDPH5554D LG Dishwasher BSS,-- Unbranded --,-- No Unilog Brand --,-- No DIB Brand --,Appliance Dealers Cooperative (APPDE),Appliance Dealers Cooperative,,,LDPH5554D,,Appliances & Consumer Electronics>Kitchen Appliances,LDPH5554D LG Dishwasher BSS,,LDPH5554D LG Dishwasher BSS,,LDPH5554D LG Dishwasher BSS,,,,,,,,,,,,,,,,,,,,,,,,,,,LG Dishwasher BSS,,,,,,,,,,,,,,,,,,,,,,,,,,,,,,,,,,,,,,,,,,,,,,,,,,,,,,,,,,,,,,,,,,,,,,,,,,,,,,,,,,,,,,,,,,,,,,,,,,,,,,,,,,,,,,,,,,,,,,,,,,,,,,,,,,,,,,,,,,,,,,,,,,,,,,,,,,,,,,,,,,,,,,,,,,,,,,,,,,,,,,,,,,,,,,,,,,,,,
,,,,,,,,,,,WDTS7024RZ,WDTS7024RZ Dishwasher SS - Display Only,-- Unbranded --,-- No Unilog Brand --,-- No DIB Brand --,Appliance Dealers Cooperative (APPDE),Appliance Dealers Cooperative,,,WDTS7024RZ,,Appliances & Consumer Electronics>Kitchen Appliances,WDTS7024RZ Dishwasher SS - Display Only,,WDTS7024RZ Dishwasher SS - Display Only,,WDTS7024RZ Dishwasher SS - Display Only,,,,,,,,,,,,,,,,,,,,,,,,,,,Dishwasher SS - Display Only,,,,,,,,,,,,,,,,,,,,,,,,,,,,,,,,,,,,,,,,,,,,,,,,,,,,,,,,,,,,,,,,,,,,,,,,,,,,,,,,,,,,,,,,,,,,,,,,,,,,,,,,,,,,,,,,,,,,,,,,,,,,,,,,,,,,,,,,,,,,,,,,,,,,,,,,,,,,,,,,,,,,,,,,,,,,,,,,,,,,,,,,,,,,,,,,,,,,,
,,,,,,,,,,,PDD415PYYFS,PDD415PYYFS GE Dishwasher SS,-- Unbranded --,-- No Unilog Brand --,-- No DIB Brand --,Appliance Dealers Cooperative (APPDE),Appliance Dealers Cooperative,,,PDD415PYYFS,,Appliances & Consumer Electronics>Kitchen Appliances,PDD415PYYFS GE Dishwasher SS,,PDD415PYYFS GE Dishwasher SS,,PDD415PYYFS GE Dishwasher SS,,,,,,,,,,,,,,,,,,,,,,,,,,,GE Dishwasher SS,,,,,,,,,,,,,,,,,,,,,,,,,,,,,,,,,,,,,,,,,,,,,,,,,,,,,,,,,,,,,,,,,,,,,,,,,,,,,,,,,,,,,,,,,,,,,,,,,,,,,,,,,,,,,,,,,,,,,,,,,,,,,,,,,,,,,,,,,,,,,,,,,,,,,,,,,,,,,,,,,,,,,,,,,,,,,,,,,,,,,,,,,,,,,,,,,,,,,
,,,,,,,,,,,KDTS424SBE,KDTS424SBE Kitchen Aid Dishwasher Bk,-- Unbranded --,-- No Unilog Brand --,-- No DIB Brand --,Appliance Dealers Cooperative (APPDE),Appliance Dealers Cooperative,,,KDTS424SBE,,Appliances & Consumer Electronics>Kitchen Appliances,KDTS424SBE Kitchen Aid Dishwasher Bk,,KDTS424SBE Kitchen Aid Dishwasher Bk,,KDTS424SBE Kitchen Aid Dishwasher Bk,,,,,,,,,,,,,,,,,,,,,,,,,,,Kitchen Aid Dishwasher Bk,,,,,,,,,,,,,,,,,,,,,,,,,,,,,,,,,,,,,,,,,,,,,,,,,,,,,,,,,,,,,,,,,,,,,,,,,,,,,,,,,,,,,,,,,,,,,,,,,,,,,,,,,,,,,,,,,,,,,,,,,,,,,,,,,,,,,,,,,,,,,,,,,,,,,,,,,,,,,,,,,,,,,,,,,,,,,,,,,,,,,,,,,,,,,,,,,,,,,
,,,,,,,,,,,KDTS324SPS,KDTS324SPS Kitchen Aid Dishwasher SS,-- Unbranded --,-- No Unilog Brand --,-- No DIB Brand --,Appliance Dealers Cooperative (APPDE),Appliance Dealers Cooperative,,,KDTS324SPS,,Appliances & Consumer Electronics>Kitchen Appliances,KDTS324SPS Kitchen Aid Dishwasher SS,,KDTS324SPS Kitchen Aid Dishwasher SS,,KDTS324SPS Kitchen Aid Dishwasher SS,,,,,,,,,,,,,,,,,,,,,,,,,,,Kitchen Aid Dishwasher SS,,,,,,,,,,,,,,,,,,,,,,,,,,,,,,,,,,,,,,,,,,,,,,,,,,,,,,,,,,,,,,,,,,,,,,,,,,,,,,,,,,,,,,,,,,,,,,,,,,,,,,,,,,,,,,,,,,,,,,,,,,,,,,,,,,,,,,,,,,,,,,,,,,,,,,,,,,,,,,,,,,,,,,,,,,,,,,,,,,,,,,,,,,,,,,,,,,,,,
,,,,,,,,,,,KDPS624SJP,KDPS624SJP Dishwasher Juniper - Display Only,-- Unbranded --,-- No Unilog Brand --,-- No DIB Brand --,Appliance Dealers Cooperative (APPDE),Appliance Dealers Cooperative,,,KDPS624SJP,,Appliances & Consumer Electronics>Kitchen Appliances,KDPS624SJP Dishwasher Juniper - Display Only,,KDPS624SJP Dishwasher Juniper - Display Only,,KDPS624SJP Dishwasher Juniper - Display Only,,,,,,,,,,,,,,,,,,,,,,,,,,,Dishwasher Juniper - Display Only,,,,,,,,,,,,,,,,,,,,,,,,,,,,,,,,,,,,,,,,,,,,,,,,,,,,,,,,,,,,,,,,,,,,,,,,,,,,,,,,,,,,,,,,,,,,,,,,,,,,,,,,,,,,,,,,,,,,,,,,,,,,,,,,,,,,,,,,,,,,,,,,,,,,,,,,,,,,,,,,,,,,,,,,,,,,,,,,,,,,,,,,,,,,,,,,,,,,,
,,,,,,,,,,,KDTS624SBE,KDTS624SBE Dishwasher BO Display Only,-- Unbranded --,-- No Unilog Brand --,-- No DIB Brand --,Appliance Dealers Cooperative (APPDE),Appliance Dealers Cooperative,,,KDTS624SBE,,Appliances & Consumer Electronics>Kitchen Appliances,KDTS624SBE Dishwasher BO Display Only,,KDTS624SBE Dishwasher BO Display Only,,KDTS624SBE Dishwasher BO Display Only,,,,,,,,,,,,,,,,,,,,,,,,,,,Dishwasher BO Display Only,,,,,,,,,,,,,,,,,,,,,,,,,,,,,,,,,,,,,,,,,,,,,,,,,,,,,,,,,,,,,,,,,,,,,,,,,,,,,,,,,,,,,,,,,,,,,,,,,,,,,,,,,,,,,,,,,,,,,,,,,,,,,,,,,,,,,,,,,,,,,,,,,,,,,,,,,,,,,,,,,,,,,,,,,,,,,,,,,,,,,,,,,,,,,,,,,,,,,
,,,,,,,,,,,D519127,D519127 Heater Kit,-- Unbranded --,-- No Unilog Brand --,-- No DIB Brand --,V & V Appliance Parts Inc (VVAPP),V & V Appliance Parts Inc,,,D519127,,Industrial Supplies>General,D519127 Heater Kit,,D519127 Heater Kit,,D519127 Heater Kit,,,,,,,,,,,,,,,,,,,,,,,,,,,Heater Kit,,,,,,,,,,,,,,,,,,,,,,,,,,,,,,,,,,,,,,,,,,,,,,,,,,,,,,,,,,,,,,,,,,,,,,,,,,,,,,,,,,,,,,,,,,,,,,,,,,,,,,,,,,,,,,,,,,,,,,,,,,,,,,,,,,,,,,,,,,,,,,,,,,,,,,,,,,,,,,,,,,,,,,,,,,,,,,,,,,,,,,,,,,,,,,,,,,,,,
,,,,,,,,,,,DF7004WE,DF7004WE Speed Queen Elect Dryer Wh,-- Unbranded --,-- No Unilog Brand --,-- No DIB Brand --,Appliance Dealers Cooperative (APPDE),Appliance Dealers Cooperative,,,DF7004WE,,Industrial Supplies>General,DF7004WE Speed Queen Elect Dryer Wh,,DF7004WE Speed Queen Elect Dryer Wh,,DF7004WE Speed Queen Elect Dryer Wh,,,,,,,,,,,,,,,,,,,,,,,,,,,Speed Queen Elect Dryer Wh,,,,,,,,,,,,,,,,,,,,,,,,,,,,,,,,,,,,,,,,,,,,,,,,,,,,,,,,,,,,,,,,,,,,,,,,,,,,,,,,,,,,,,,,,,,,,,,,,,,,,,,,,,,,,,,,,,,,,,,,,,,,,,,,,,,,,,,,,,,,,,,,,,,,,,,,,,,,,,,,,,,,,,,,,,,,,,,,,,,,,,,,,,,,,,,,,,,,,
,,,,,,,,,,,DR7004BE,DR7004BE SQ Elect Dryer Bk,-- Unbranded --,-- No Unilog Brand --,-- No DIB Brand --,Appliance Dealers Cooperative (APPDE),Appliance Dealers Cooperative,,,DR7004BE,,Industrial Supplies>General,DR7004BE SQ Elect Dryer Bk,,DR7004BE SQ Elect Dryer Bk,,DR7004BE SQ Elect Dryer Bk,,,,,,,,,,,,,,,,,,,,,,,,,,,SQ Elect Dryer Bk,,,,,,,,,,,,,,,,,,,,,,,,,,,,,,,,,,,,,,,,,,,,,,,,,,,,,,,,,,,,,,,,,,,,,,,,,,,,,,,,,,,,,,,,,,,,,,,,,,,,,,,,,,,,,,,,,,,,,,,,,,,,,,,,,,,,,,,,,,,,,,,,,,,,,,,,,,,,,,,,,,,,,,,,,,,,,,,,,,,,,,,,,,,,,,,,,,,,,
,,,,,,,,,,,DV2000WE,DV2000WE SQ Elect Dryer Wh,-- Unbranded --,-- No Unilog Brand --,-- No DIB Brand --,Appliance Dealers Cooperative (APPDE),Appliance Dealers Cooperative,,,DV2000WE,,Industrial Supplies>General,DV2000WE SQ Elect Dryer Wh,,DV2000WE SQ Elect Dryer Wh,,DV2000WE SQ Elect Dryer Wh,,,,,,,,,,,,,,,,,,,,,,,,,,,SQ Elect Dryer Wh,,,,,,,,,,,,,,,,,,,,,,,,,,,,,,,,,,,,,,,,,,,,,,,,,,,,,,,,,,,,,,,,,,,,,,,,,,,,,,,,,,,,,,,,,,,,,,,,,,,,,,,,,,,,,,,,,,,,,,,,,,,,,,,,,,,,,,,,,,,,,,,,,,,,,,,,,,,,,,,,,,,,,,,,,,,,,,,,,,,,,,,,,,,,,,,,,,,,,
,,,,,,,,,,,DC5004WE,DC5004WE SQ Elect Dryer Wh,-- Unbranded --,-- No Unilog Brand --,-- No DIB Brand --,Appliance Dealers Cooperative (APPDE),Appliance Dealers Cooperative,,,DC5004WE,,Industrial Supplies>General,DC5004WE SQ Elect Dryer Wh,,DC5004WE SQ Elect Dryer Wh,,DC5004WE SQ Elect Dryer Wh,,,,,,,,,,,,,,,,,,,,,,,,,,,SQ Elect Dryer Wh,,,,,,,,,,,,,,,,,,,,,,,,,,,,,,,,,,,,,,,,,,,,,,,,,,,,,,,,,,,,,,,,,,,,,,,,,,,,,,,,,,,,,,,,,,,,,,,,,,,,,,,,,,,,,,,,,,,,,,,,,,,,,,,,,,,,,,,,,,,,,,,,,,,,,,,,,,,,,,,,,,,,,,,,,,,,,,,,,,,,,,,,,,,,,,,,,,,,,
,,,,,,,,,,,DC5004BE,DC5004BE SQ Elect Dryer Bk,-- Unbranded --,-- No Unilog Brand --,-- No DIB Brand --,Appliance Dealers Cooperative (APPDE),Appliance Dealers Cooperative,,,DC5004BE,,Industrial Supplies>General,DC5004BE SQ Elect Dryer Bk,,DC5004BE SQ Elect Dryer Bk,,DC5004BE SQ Elect Dryer Bk,,,,,,,,,,,,,,,,,,,,,,,,,,,SQ Elect Dryer Bk,,,,,,,,,,,,,,,,,,,,,,,,,,,,,,,,,,,,,,,,,,,,,,,,,,,,,,,,,,,,,,,,,,,,,,,,,,,,,,,,,,,,,,,,,,,,,,,,,,,,,,,,,,,,,,,,,,,,,,,,,,,,,,,,,,,,,,,,,,,,,,,,,,,,,,,,,,,,,,,,,,,,,,,,,,,,,,,,,,,,,,,,,,,,,,,,,,,,,
,,,,,,,,,,,WKE100HWA,WKE100HWA LG Laundry Center Wh - Display,-- Unbranded --,-- No Unilog Brand --,-- No DIB Brand --,Appliance Dealers Cooperative (APPDE),Appliance Dealers Cooperative,,,WKE100HWA,,Industrial Supplies>General,WKE100HWA LG Laundry Center Wh - Display,,WKE100HWA LG Laundry Center Wh - Display,,WKE100HWA LG Laundry Center Wh - Display,,,,,,,,,,,,,,,,,,,,,,,,,,,LG Laundry Center Wh - Display,,,,,,,,,,,,,,,,,,,,,,,,,,,,,,,,,,,,,,,,,,,,,,,,,,,,,,,,,,,,,,,,,,,,,,,,,,,,,,,,,,,,,,,,,,,,,,,,,,,,,,,,,,,,,,,,,,,,,,,,,,,,,,,,,,,,,,,,,,,,,,,,,,,,,,,,,,,,,,,,,,,,,,,,,,,,,,,,,,,,,,,,,,,,,,,,,,,,,
,,,,,,,,,,,FF7011WN,FF7011WN Speed Queen Washer Wh,-- Unbranded --,-- No Unilog Brand --,-- No DIB Brand --,Appliance Dealers Cooperative (APPDE),Appliance Dealers Cooperative,,,FF7011WN,,Industrial Supplies>General,FF7011WN Speed Queen Washer Wh,,FF7011WN Speed Queen Washer Wh,,FF7011WN Speed Queen Washer Wh,,,,,,,,,,,,,,,,,,,,,,,,,,,Speed Queen Washer Wh,,,,,,,,,,,,,,,,,,,,,,,,,,,,,,,,,,,,,,,,,,,,,,,,,,,,,,,,,,,,,,,,,,,,,,,,,,,,,,,,,,,,,,,,,,,,,,,,,,,,,,,,,,,,,,,,,,,,,,,,,,,,,,,,,,,,,,,,,,,,,,,,,,,,,,,,,,,,,,,,,,,,,,,,,,,,,,,,,,,,,,,,,,,,,,,,,,,,,
,,,,,,,,,,,PTD70GBPTDG,PTD70GBPTDG GE Gas Dryer DG,-- Unbranded --,-- No Unilog Brand --,-- No DIB Brand --,Appliance Dealers Cooperative (APPDE),Appliance Dealers Cooperative,,,PTD70GBPTDG,,Industrial Supplies>General,PTD70GBPTDG GE Gas Dryer DG,,PTD70GBPTDG GE Gas Dryer DG,,PTD70GBPTDG GE Gas Dryer DG,,,,,,,,,,,,,,,,,,,,,,,,,,,GE Gas Dryer DG,,,,,,,,,,,,,,,,,,,,,,,,,,,,,,,,,,,,,,,,,,,,,,,,,,,,,,,,,,,,,,,,,,,,,,,,,,,,,,,,,,,,,,,,,,,,,,,,,,,,,,,,,,,,,,,,,,,,,,,,,,,,,,,,,,,,,,,,,,,,,,,,,,,,,,,,,,,,,,,,,,,,,,,,,,,,,,,,,,,,,,,,,,,,,,,,,,,,,
,,,,,,,,,,,PTD70GBSTWS,PTD70GBSTWS GE Gas Dryer Wh,-- Unbranded --,-- No Unilog Brand --,-- No DIB Brand --,Appliance Dealers Cooperative (APPDE),Appliance Dealers Cooperative,,,PTD70GBSTWS,,Industrial Supplies>General,PTD70GBSTWS GE Gas Dryer Wh,,PTD70GBSTWS GE Gas Dryer Wh,,PTD70GBSTWS GE Gas Dryer Wh,,,,,,,,,,,,,,,,,,,,,,,,,,,GE Gas Dryer Wh,,,,,,,,,,,,,,,,,,,,,,,,,,,,,,,,,,,,,,,,,,,,,,,,,,,,,,,,,,,,,,,,,,,,,,,,,,,,,,,,,,,,,,,,,,,,,,,,,,,,,,,,,,,,,,,,,,,,,,,,,,,,,,,,,,,,,,,,,,,,,,,,,,,,,,,,,,,,,,,,,,,,,,,,,,,,,,,,,,,,,,,,,,,,,,,,,,,,,
,,,,,,,,,,,DR5004WG,DR5004WG SQ Gas Dryer Wh,-- Unbranded --,-- No Unilog Brand --,-- No DIB Brand --,Appliance Dealers Cooperative (APPDE),Appliance Dealers Cooperative,,,DR5004WG,,Industrial Supplies>General,DR5004WG SQ Gas Dryer Wh,,DR5004WG SQ Gas Dryer Wh,,DR5004WG SQ Gas Dryer Wh,,,,,,,,,,,,,,,,,,,,,,,,,,,SQ Gas Dryer Wh,,,,,,,,,,,,,,,,,,,,,,,,,,,,,,,,,,,,,,,,,,,,,,,,,,,,,,,,,,,,,,,,,,,,,,,,,,,,,,,,,,,,,,,,,,,,,,,,,,,,,,,,,,,,,,,,,,,,,,,,,,,,,,,,,,,,,,,,,,,,,,,,,,,,,,,,,,,,,,,,,,,,,,,,,,,,,,,,,,,,,,,,,,,,,,,,,,,,,
,,,,,,,,,,,DR7004BG,DR7004BG SQ Gas Dryer Bk,-- Unbranded --,-- No Unilog Brand --,-- No DIB Brand --,Appliance Dealers Cooperative (APPDE),Appliance Dealers Cooperative,,,DR7004BG,,Industrial Supplies>General,DR7004BG SQ Gas Dryer Bk,,DR7004BG SQ Gas Dryer Bk,,DR7004BG SQ Gas Dryer Bk,,,,,,,,,,,,,,,,,,,,,,,,,,,SQ Gas Dryer Bk,,,,,,,,,,,,,,,,,,,,,,,,,,,,,,,,,,,,,,,,,,,,,,,,,,,,,,,,,,,,,,,,,,,,,,,,,,,,,,,,,,,,,,,,,,,,,,,,,,,,,,,,,,,,,,,,,,,,,,,,,,,,,,,,,,,,,,,,,,,,,,,,,,,,,,,,,,,,,,,,,,,,,,,,,,,,,,,,,,,,,,,,,,,,,,,,,,,,,
,,,,,,,,,,,DR7004WG,DR7004WG SQ Gas Dryer Wh,-- Unbranded --,-- No Unilog Brand --,-- No DIB Brand --,Appliance Dealers Cooperative (APPDE),Appliance Dealers Cooperative,,,DR7004WG,,Industrial Supplies>General,DR7004WG SQ Gas Dryer Wh,,DR7004WG SQ Gas Dryer Wh,,DR7004WG SQ Gas Dryer Wh,,,,,,,,,,,,,,,,,,,,,,,,,,,SQ Gas Dryer Wh,,,,,,,,,,,,,,,,,,,,,,,,,,,,,,,,,,,,,,,,,,,,,,,,,,,,,,,,,,,,,,,,,,,,,,,,,,,,,,,,,,,,,,,,,,,,,,,,,,,,,,,,,,,,,,,,,,,,,,,,,,,,,,,,,,,,,,,,,,,,,,,,,,,,,,,,,,,,,,,,,,,,,,,,,,,,,,,,,,,,,,,,,,,,,,,,,,,,,
,,,,,,,,,,,DV2000WG,DV2000WG SQ Gas Dryer Wh,-- Unbranded --,-- No Unilog Brand --,-- No DIB Brand --,Appliance Dealers Cooperative (APPDE),Appliance Dealers Cooperative,,,DV2000WG,,Industrial Supplies>General,DV2000WG SQ Gas Dryer Wh,,DV2000WG SQ Gas Dryer Wh,,DV2000WG SQ Gas Dryer Wh,,,,,,,,,,,,,,,,,,,,,,,,,,,SQ Gas Dryer Wh,,,,,,,,,,,,,,,,,,,,,,,,,,,,,,,,,,,,,,,,,,,,,,,,,,,,,,,,,,,,,,,,,,,,,,,,,,,,,,,,,,,,,,,,,,,,,,,,,,,,,,,,,,,,,,,,,,,,,,,,,,,,,,,,,,,,,,,,,,,,,,,,,,,,,,,,,,,,,,,,,,,,,,,,,,,,,,,,,,,,,,,,,,,,,,,,,,,,,
,,,,,,,,,,,DC5004WG,DC5004WG SQ Gas Dryer Wh,-- Unbranded --,-- No Unilog Brand --,-- No DIB Brand --,Appliance Dealers Cooperative (APPDE),Appliance Dealers Cooperative,,,DC5004WG,,Industrial Supplies>General,DC5004WG SQ Gas Dryer Wh,,DC5004WG SQ Gas Dryer Wh,,DC5004WG SQ Gas Dryer Wh,,,,,,,,,,,,,,,,,,,,,,,,,,,SQ Gas Dryer Wh,,,,,,,,,,,,,,,,,,,,,,,,,,,,,,,,,,,,,,,,,,,,,,,,,,,,,,,,,,,,,,,,,,,,,,,,,,,,,,,,,,,,,,,,,,,,,,,,,,,,,,,,,,,,,,,,,,,,,,,,,,,,,,,,,,,,,,,,,,,,,,,,,,,,,,,,,,,,,,,,,,,,,,,,,,,,,,,,,,,,,,,,,,,,,,,,,,,,,
,,,,,,,,,,,DC5004BG,DC5004BG SQ Gas Dryer Bk,-- Unbranded --,-- No Unilog Brand --,-- No DIB Brand --,Appliance Dealers Cooperative (APPDE),Appliance Dealers Cooperative,,,DC5004BG,,Industrial Supplies>General,DC5004BG SQ Gas Dryer Bk,,DC5004BG SQ Gas Dryer Bk,,DC5004BG SQ Gas Dryer Bk,,,,,,,,,,,,,,,,,,,,,,,,,,,SQ Gas Dryer Bk,,,,,,,,,,,,,,,,,,,,,,,,,,,,,,,,,,,,,,,,,,,,,,,,,,,,,,,,,,,,,,,,,,,,,,,,,,,,,,,,,,,,,,,,,,,,,,,,,,,,,,,,,,,,,,,,,,,,,,,,,,,,,,,,,,,,,,,,,,,,,,,,,,,,,,,,,,,,,,,,,,,,,,,,,,,,,,,,,,,,,,,,,,,,,,,,,,,,,
,,,,,,,,,,,PTW705BSTWS,PTW705BSTWS GE Washer Wh,-- Unbranded --,-- No Unilog Brand --,-- No DIB Brand --,Appliance Dealers Cooperative (APPDE),Appliance Dealers Cooperative,,,PTW705BSTWS,,Industrial Supplies>General,PTW705BSTWS GE Washer Wh,,PTW705BSTWS GE Washer Wh,,PTW705BSTWS GE Washer Wh,,,,,,,,,,,,,,,,,,,,,,,,,,,GE Washer Wh,,,,,,,,,,,,,,,,,,,,,,,,,,,,,,,,,,,,,,,,,,,,,,,,,,,,,,,,,,,,,,,,,,,,,,,,,,,,,,,,,,,,,,,,,,,,,,,,,,,,,,,,,,,,,,,,,,,,,,,,,,,,,,,,,,,,,,,,,,,,,,,,,,,,,,,,,,,,,,,,,,,,,,,,,,,,,,,,,,,,,,,,,,,,,,,,,,,,,
,,,,,,,,,,,MVWP586GW,MVWP586GW Washer Wh - Display,-- Unbranded --,-- No Unilog Brand --,-- No DIB Brand --,Appliance Dealers Cooperative (APPDE),Appliance Dealers Cooperative,,,MVWP586GW,,Industrial Supplies>General,MVWP586GW Washer Wh - Display,,MVWP586GW Washer Wh - Display,,MVWP586GW Washer Wh - Display,,,,,,,,,,,,,,,,,,,,,,,,,,,Washer Wh - Display,,,,,,,,,,,,,,,,,,,,,,,,,,,,,,,,,,,,,,,,,,,,,,,,,,,,,,,,,,,,,,,,,,,,,,,,,,,,,,,,,,,,,,,,,,,,,,,,,,,,,,,,,,,,,,,,,,,,,,,,,,,,,,,,,,,,,,,,,,,,,,,,,,,,,,,,,,,,,,,,,,,,,,,,,,,,,,,,,,,,,,,,,,,,,,,,,,,,,
,,,,,,,,,,,TV2000WN,TV2000WN SQ Elect Washer,-- Unbranded --,-- No Unilog Brand --,-- No DIB Brand --,Appliance Dealers Cooperative (APPDE),Appliance Dealers Cooperative,,,TV2000WN,,Industrial Supplies>General,TV2000WN SQ Elect Washer,,TV2000WN SQ Elect Washer,,TV2000WN SQ Elect Washer,,,,,,,,,,,,,,,,,,,,,,,,,,,SQ Elect Washer,,,,,,,,,,,,,,,,,,,,,,,,,,,,,,,,,,,,,,,,,,,,,,,,,,,,,,,,,,,,,,,,,,,,,,,,,,,,,,,,,,,,,,,,,,,,,,,,,,,,,,,,,,,,,,,,,,,,,,,,,,,,,,,,,,,,,,,,,,,,,,,,,,,,,,,,,,,,,,,,,,,,,,,,,,,,,,,,,,,,,,,,,,,,,,,,,,,,,
,,,,,,,,,,,TC5003BN,TC5003BN SQ Washer Bk,-- Unbranded --,-- No Unilog Brand --,-- No DIB Brand --,Appliance Dealers Cooperative (APPDE),Appliance Dealers Cooperative,,,TC5003BN,,Industrial Supplies>General,TC5003BN SQ Washer Bk,,TC5003BN SQ Washer Bk,,TC5003BN SQ Washer Bk,,,,,,,,,,,,,,,,,,,,,,,,,,,SQ Washer Bk,,,,,,,,,,,,,,,,,,,,,,,,,,,,,,,,,,,,,,,,,,,,,,,,,,,,,,,,,,,,,,,,,,,,,,,,,,,,,,,,,,,,,,,,,,,,,,,,,,,,,,,,,,,,,,,,,,,,,,,,,,,,,,,,,,,,,,,,,,,,,,,,,,,,,,,,,,,,,,,,,,,,,,,,,,,,,,,,,,,,,,,,,,,,,,,,,,,,,
,,,,,,,,,,,TR7006WN,TR7006WN Speed Queen Washer Wh,-- Unbranded --,-- No Unilog Brand --,-- No DIB Brand --,Appliance Dealers Cooperative (APPDE),Appliance Dealers Cooperative,,,TR7006WN,,Industrial Supplies>General,TR7006WN Speed Queen Washer Wh,,TR7006WN Speed Queen Washer Wh,,TR7006WN Speed Queen Washer Wh,,,,,,,,,,,,,,,,,,,,,,,,,,,Speed Queen Washer Wh,,,,,,,,,,,,,,,,,,,,,,,,,,,,,,,,,,,,,,,,,,,,,,,,,,,,,,,,,,,,,,,,,,,,,,,,,,,,,,,,,,,,,,,,,,,,,,,,,,,,,,,,,,,,,,,,,,,,,,,,,,,,,,,,,,,,,,,,,,,,,,,,,,,,,,,,,,,,,,,,,,,,,,,,,,,,,,,,,,,,,,,,,,,,,,,,,,,,,
,,,,,,,,,,,TR7006BN,TR7006BN Speed Queen Washer Bk,-- Unbranded --,-- No Unilog Brand --,-- No DIB Brand --,Appliance Dealers Cooperative (APPDE),Appliance Dealers Cooperative,,,TR7006BN,,Industrial Supplies>General,TR7006BN Speed Queen Washer Bk,,TR7006BN Speed Queen Washer Bk,,TR7006BN Speed Queen Washer Bk,,,,,,,,,,,,,,,,,,,,,,,,,,,Speed Queen Washer Bk,,,,,,,,,,,,,,,,,,,,,,,,,,,,,,,,,,,,,,,,,,,,,,,,,,,,,,,,,,,,,,,,,,,,,,,,,,,,,,,,,,,,,,,,,,,,,,,,,,,,,,,,,,,,,,,,,,,,,,,,,,,,,,,,,,,,,,,,,,,,,,,,,,,,,,,,,,,,,,,,,,,,,,,,,,,,,,,,,,,,,,,,,,,,,,,,,,,,,
,,,,,,,,,,,TR5006WN,TR5006WN Speed Queen Washer Wh,-- Unbranded --,-- No Unilog Brand --,-- No DIB Brand --,Appliance Dealers Cooperative (APPDE),Appliance Dealers Cooperative,,,TR5006WN,,Industrial Supplies>General,TR5006WN Speed Queen Washer Wh,,TR5006WN Speed Queen Washer Wh,,TR5006WN Speed Queen Washer Wh,,,,,,,,,,,,,,,,,,,,,,,,,,,Speed Queen Washer Wh,,,,,,,,,,,,,,,,,,,,,,,,,,,,,,,,,,,,,,,,,,,,,,,,,,,,,,,,,,,,,,,,,,,,,,,,,,,,,,,,,,,,,,,,,,,,,,,,,,,,,,,,,,,,,,,,,,,,,,,,,,,,,,,,,,,,,,,,,,,,,,,,,,,,,,,,,,,,,,,,,,,,,,,,,,,,,,,,,,,,,,,,,,,,,,,,,,,,,
,,,,,,,,,,,05134545001,9516 Kneeling Pad& Bttl Opener,-- Unbranded --,-- No Unilog Brand --,-- No DIB Brand --,Wera Tools NA Inc (WERTO),Wera Tools NA Inc,,,05134545001,,Industrial Supplies>General,9516 Kneeling Pad& Bttl Opener,,9516 Kneeling Pad& Bttl Opener,,9516 Kneeling Pad& Bttl Opener,,,,,,,,,,,,,,,,,,,,,,,,,,,Kneeling Pad& Bttl Opener,,,,,,,,,,,,,,,,,,,,,,,,,,,,,,,,,,,,,,,,,,,,,,,,,,,,,,,,,,,,,,,,,,,,,,,,,,,,,,,,,,,,,,,,,,,,,,,,,,,,,,,,,,,,,,,,,,,,,,,,,,,,,,,,,,,,,,,,,,,,,,,,,,,,,,,,,,,,,,,,,,,,,,,,,,,,,,,,,,,,,,,,,,,,,,,,,,,,,
,,,,,,,,,,,LNL65301,LNL65301 Digital Tire Pressure - Inflator Gauge,-- Unbranded --,-- No Unilog Brand --,-- No DIB Brand --,-,,,,LNL65301,,Industrial Supplies>General,LNL65301 Digital Tire Pressure - Inflator Gauge,,LNL65301 Digital Tire Pressure - Inflator Gauge,,LNL65301 Digital Tire Pressure - Inflator Gauge,,,,,,,,,,,,,,,,,,,,,,,,,,,Digital Tire Pressure - Inflator Gauge,,,,,,,,,,,,,,,,,,,,,,,,,,,,,,,,,,,,,,,,,,,,,,,,,,,,,,,,,,,,,,,,,,,,,,,,,,,,,,,,,,,,,,,,,,,,,,,,,,,,,,,,,,,,,,,,,,,,,,,,,,,,,,,,,,,,,,,,,,,,,,,,,,,,,,,,,,,,,,,,,,,,,,,,,,,,,,,,,,,,,,,,,,,,,,,,,,,,,
,,,,,,,,,,,25-A,Charcoal Black 25-A Mortar - Type N,-- Unbranded --,-- No Unilog Brand --,-- No DIB Brand --,Rees Cast Stone Company (REECA),Rees Cast Stone Company,BLACK+DECKER,,25-A,,Industrial Supplies>General,Charcoal Black 25-A Mortar - Type N,,Charcoal Black 25-A Mortar - Type N,,Charcoal Black 25-A Mortar - Type N,,,,,,,,,,,,,,,,,,,,,,,,,,,Black 25-A Mortar - Type N,,,,,,,,,,,,,,,,,,,,,,,,,,,,,,,,,,,,,,,,,,,,,,,,,,,,,,,,,,,,,,,,,,,,,,,,,,,,,,,,,,,,,,,,,,,,,,,,,,,,,,,,,,,,,,,,,,,,,,,,,,,,,,,,,,,,,,,,,,,,,,,,,,,,,,,,,,,,,,,,,,,,,,,,,,,,,,,,,,,,,,,,,,,,,,,,,,,,,
,,,,,,,,,,,38-E,Dark Chocolate 38-E Mortar - Type N,-- Unbranded --,-- No Unilog Brand --,-- No DIB Brand --,Rees Cast Stone Company (REECA),Rees Cast Stone Company,,,38-E,,Industrial Supplies>General,Dark Chocolate 38-E Mortar - Type N,,Dark Chocolate 38-E Mortar - Type N,,Dark Chocolate 38-E Mortar - Type N,,,,,,,,,,,,,,,,,,,,,,,,,,,Chocolate 38-E Mortar - Type N,,,,,,,,,,,,,,,,,,,,,,,,,,,,,,,,,,,,,,,,,,,,,,,,,,,,,,,,,,,,,,,,,,,,,,,,,,,,,,,,,,,,,,,,,,,,,,,,,,,,,,,,,,,,,,,,,,,,,,,,,,,,,,,,,,,,,,,,,,,,,,,,,,,,,,,,,,,,,,,,,,,,,,,,,,,,,,,,,,,,,,,,,,,,,,,,,,,,,
,,,,,,,,,,,59-J,Light Buff 59-J Mortar - Type N,-- Unbranded --,-- No Unilog Brand --,-- No DIB Brand --,Rees Cast Stone Company (REECA),Rees Cast Stone Company,,,59-J,,Electrical>Lighting,Light Buff 59-J Mortar - Type N,,Light Buff 59-J Mortar - Type N,,Light Buff 59-J Mortar - Type N,,,,,,,,,,,,,,,,,,,,,,,,,,,Buff 59-J Mortar - Type N,,,,,,,,,,,,,,,,,,,,,,,,,,,,,,,,,,,,,,,,,,,,,,,,,,,,,,,,,,,,,,,,,,,,,,,,,,,,,,,,,,,,,,,,,,,,,,,,,,,,,,,,,,,,,,,,,,,,,,,,,,,,,,,,,,,,,,,,,,,,,,,,,,,,,,,,,,,,,,,,,,,,,,,,,,,,,,,,,,,,,,,,,,,,,,,,,,,,,
,,,,,,,,,,,44-A,Light Chocolate 44-A Mortar - Type N,-- Unbranded --,-- No Unilog Brand --,-- No DIB Brand --,Rees Cast Stone Company (REECA),Rees Cast Stone Company,,,44-A,,Electrical>Lighting,Light Chocolate 44-A Mortar - Type N,,Light Chocolate 44-A Mortar - Type N,,Light Chocolate 44-A Mortar - Type N,,,,,,,,,,,,,,,,,,,,,,,,,,,Chocolate 44-A Mortar - Type N,,,,,,,,,,,,,,,,,,,,,,,,,,,,,,,,,,,,,,,,,,,,,,,,,,,,,,,,,,,,,,,,,,,,,,,,,,,,,,,,,,,,,,,,,,,,,,,,,,,,,,,,,,,,,,,,,,,,,,,,,,,,,,,,,,,,,,,,,,,,,,,,,,,,,,,,,,,,,,,,,,,,,,,,,,,,,,,,,,,,,,,,,,,,,,,,,,,,,
,,,,,,,,,,,543302126,6' Wh Select T-Rail Kit Horiz - w/Sq Composite Balusters,TREX,-- No Unilog Brand --,-- No DIB Brand --,U S Lumber (3073),U S Lumber,TREX,,543302126,,Industrial Supplies>General,6' Wh Select T-Rail Kit Horiz - w/Sq Composite Balusters,,6' Wh Select T-Rail Kit Horiz - w/Sq Composite Balusters,,6' Wh Select T-Rail Kit Horiz - w/Sq Composite Balusters,,,,,,,,,,,,,,,,,,,,,,,,,,,6' Wh Select T-Rail Kit Horiz - w/Sq Composite Balusters,,,,,,,,,,,,,,,,,,,,,,,,,,,,,,,,,,,,,,,,,,,,,,,,,,,,,,,,,,,,,,,,,,,,,,,,,,,,,,,,,,,,,,,,,,,,,,,,,,,,,,,,,,,,,,,,,,,,,,,,,,,,,,,,,,,,,,,,,,,,,,,,,,,,,,,,,,,,,,,,,,,,,,,,,,,,,,,,,,,,,,,,,,,,,,,,,,,,,
,,,,,,,,,,,543302146,8' Wh Select T-Rail Kit Horiz - w/Sq Composite Balusters,TREX,-- No Unilog Brand --,-- No DIB Brand --,U S Lumber (3073),U S Lumber,TREX,,543302146,,Industrial Supplies>General,8' Wh Select T-Rail Kit Horiz - w/Sq Composite Balusters,,8' Wh Select T-Rail Kit Horiz - w/Sq Composite Balusters,,8' Wh Select T-Rail Kit Horiz - w/Sq Composite Balusters,,,,,,,,,,,,,,,,,,,,,,,,,,,8' Wh Select T-Rail Kit Horiz - w/Sq Composite Balusters,,,,,,,,,,,,,,,,,,,,,,,,,,,,,,,,,,,,,,,,,,,,,,,,,,,,,,,,,,,,,,,,,,,,,,,,,,,,,,,,,,,,,,,,,,,,,,,,,,,,,,,,,,,,,,,,,,,,,,,,,,,,,,,,,,,,,,,,,,,,,,,,,,,,,,,,,,,,,,,,,,,,,,,,,,,,,,,,,,,,,,,,,,,,,,,,,,,,,
,,,,,,,,,,,73019603,Finyline Wh 6' Fl Rail Kit Sq,-- Unbranded --,-- No Unilog Brand --,-- No DIB Brand --,-,,,,73019603,,Industrial Supplies>General,Finyline Wh 6' Fl Rail Kit Sq,,Finyline Wh 6' Fl Rail Kit Sq,,Finyline Wh 6' Fl Rail Kit Sq,,,,,,,,,,,,,,,,,,,,,,,,,,,Wh 6' Fl Rail Kit Sq,,,,,,,,,,,,,,,,,,,,,,,,,,,,,,,,,,,,,,,,,,,,,,,,,,,,,,,,,,,,,,,,,,,,,,,,,,,,,,,,,,,,,,,,,,,,,,,,,,,,,,,,,,,,,,,,,,,,,,,,,,,,,,,,,,,,,,,,,,,,,,,,,,,,,,,,,,,,,,,,,,,,,,,,,,,,,,,,,,,,,,,,,,,,,,,,,,,,,
,,,,,,,,,,,73019652,Finyline Wh 8' Fl Rail Kit Sq,-- Unbranded --,-- No Unilog Brand --,-- No DIB Brand --,-,,,,73019652,,Industrial Supplies>General,Finyline Wh 8' Fl Rail Kit Sq,,Finyline Wh 8' Fl Rail Kit Sq,,Finyline Wh 8' Fl Rail Kit Sq,,,,,,,,,,,,,,,,,,,,,,,,,,,Wh 8' Fl Rail Kit Sq,,,,,,,,,,,,,,,,,,,,,,,,,,,,,,,,,,,,,,,,,,,,,,,,,,,,,,,,,,,,,,,,,,,,,,,,,,,,,,,,,,,,,,,,,,,,,,,,,,,,,,,,,,,,,,,,,,,,,,,,,,,,,,,,,,,,,,,,,,,,,,,,,,,,,,,,,,,,,,,,,,,,,,,,,,,,,,,,,,,,,,,,,,,,,,,,,,,,,
,,,,,,,,,,,73019517,Finyline Wh 10' Fl Rail Kit Sq,-- Unbranded --,-- No Unilog Brand --,-- No DIB Brand --,-,,,,73019517,,Industrial Supplies>General,Finyline Wh 10' Fl Rail Kit Sq,,Finyline Wh 10' Fl Rail Kit Sq,,Finyline Wh 10' Fl Rail Kit Sq,,,,,,,,,,,,,,,,,,,,,,,,,,,Wh 10' Fl Rail Kit Sq,,,,,,,,,,,,,,,,,,,,,,,,,,,,,,,,,,,,,,,,,,,,,,,,,,,,,,,,,,,,,,,,,,,,,,,,,,,,,,,,,,,,,,,,,,,,,,,,,,,,,,,,,,,,,,,,,,,,,,,,,,,,,,,,,,,,,,,,,,,,,,,,,,,,,,,,,,,,,,,,,,,,,,,,,,,,,,,,,,,,,,,,,,,,,,,,,,,,,
,,,,,,,,,,,73019602,Finyline Wh 6' Fl Rail Kit Rd - w/Black Alum Balusters,-- Unbranded --,-- No Unilog Brand --,-- No DIB Brand --,-,,BLACK+DECKER,,73019602,,Industrial Supplies>General,Finyline Wh 6' Fl Rail Kit Rd - w/Black Alum Balusters,,Finyline Wh 6' Fl Rail Kit Rd - w/Black Alum Balusters,,Finyline Wh 6' Fl Rail Kit Rd - w/Black Alum Balusters,,,,,,,,,,,,,,,,,,,,,,,,,,,Wh 6' Fl Rail Kit Rd - w/Black Alum Balusters,,,,,,,,,,,,,,,,,,,,,,,,,,,,,,,,,,,,,,,,,,,,,,,,,,,,,,,,,,,,,,,,,,,,,,,,,,,,,,,,,,,,,,,,,,,,,,,,,,,,,,,,,,,,,,,,,,,,,,,,,,,,,,,,,,,,,,,,,,,,,,,,,,,,,,,,,,,,,,,,,,,,,,,,,,,,,,,,,,,,,,,,,,,,,,,,,,,,,
,,,,,,,,,,,73019651,Finyline Wh 8' Fl Rail Kit Rd - w/Black Alum Balusters,-- Unbranded --,-- No Unilog Brand --,-- No DIB Brand --,-,,BLACK+DECKER,,73019651,,Industrial Supplies>General,Finyline Wh 8' Fl Rail Kit Rd - w/Black Alum Balusters,,Finyline Wh 8' Fl Rail Kit Rd - w/Black Alum Balusters,,Finyline Wh 8' Fl Rail Kit Rd - w/Black Alum Balusters,,,,,,,,,,,,,,,,,,,,,,,,,,,Wh 8' Fl Rail Kit Rd - w/Black Alum Balusters,,,,,,,,,,,,,,,,,,,,,,,,,,,,,,,,,,,,,,,,,,,,,,,,,,,,,,,,,,,,,,,,,,,,,,,,,,,,,,,,,,,,,,,,,,,,,,,,,,,,,,,,,,,,,,,,,,,,,,,,,,,,,,,,,,,,,,,,,,,,,,,,,,,,,,,,,,,,,,,,,,,,,,,,,,,,,,,,,,,,,,,,,,,,,,,,,,,,,
,,,,,,,,,,,73019516,Finyline Wh 10' Fl Rail Kit Rd - w/Black Alum Balusters,-- Unbranded --,-- No Unilog Brand --,-- No DIB Brand --,-,,BLACK+DECKER,,73019516,,Industrial Supplies>General,Finyline Wh 10' Fl Rail Kit Rd - w/Black Alum Balusters,,Finyline Wh 10' Fl Rail Kit Rd - w/Black Alum Balusters,,Finyline Wh 10' Fl Rail Kit Rd - w/Black Alum Balusters,,,,,,,,,,,,,,,,,,,,,,,,,,,Wh 10' Fl Rail Kit Rd - w/Black Alum Balusters,,,,,,,,,,,,,,,,,,,,,,,,,,,,,,,,,,,,,,,,,,,,,,,,,,,,,,,,,,,,,,,,,,,,,,,,,,,,,,,,,,,,,,,,,,,,,,,,,,,,,,,,,,,,,,,,,,,,,,,,,,,,,,,,,,,,,,,,,,,,,,,,,,,,,,,,,,,,,,,,,,,,,,,,,,,,,,,,,,,,,,,,,,,,,,,,,,,,,
,,,,,,,,,,,543300256,6' Black Select Classic Horiz - Rail w/Rnd Black Alum Baluster,TREX,-- No Unilog Brand --,-- No DIB Brand --,Boise Cascade Building Materials (BOICA),Boise Cascade Building Materials,TREX,,543300256,,Industrial Supplies>General,6' Black Select Classic Horiz - Rail w/Rnd Black Alum Baluster,,6' Black Select Classic Horiz - Rail w/Rnd Black Alum Baluster,,6' Black Select Classic Horiz - Rail w/Rnd Black Alum Baluster,,,,,,,,,,,,,,,,,,,,,,,,,,,6' Black Select Classic Horiz - Rail w/Rnd Black Alum Baluster,,,,,,,,,,,,,,,,,,,,,,,,,,,,,,,,,,,,,,,,,,,,,,,,,,,,,,,,,,,,,,,,,,,,,,,,,,,,,,,,,,,,,,,,,,,,,,,,,,,,,,,,,,,,,,,,,,,,,,,,,,,,,,,,,,,,,,,,,,,,,,,,,,,,,,,,,,,,,,,,,,,,,,,,,,,,,,,,,,,,,,,,,,,,,,,,,,,,,
,,,,,,,,,,,543300276,8' Black Select Classic Horiz - Rail w/Rnd Black Alum Baluster,TREX,-- No Unilog Brand --,-- No DIB Brand --,Boise Cascade Building Materials (BOICA),Boise Cascade Building Materials,TREX,,543300276,,Industrial Supplies>General,8' Black Select Classic Horiz - Rail w/Rnd Black Alum Baluster,,8' Black Select Classic Horiz - Rail w/Rnd Black Alum Baluster,,8' Black Select Classic Horiz - Rail w/Rnd Black Alum Baluster,,,,,,,,,,,,,,,,,,,,,,,,,,,8' Black Select Classic Horiz - Rail w/Rnd Black Alum Baluster,,,,,,,,,,,,,,,,,,,,,,,,,,,,,,,,,,,,,,,,,,,,,,,,,,,,,,,,,,,,,,,,,,,,,,,,,,,,,,,,,,,,,,,,,,,,,,,,,,,,,,,,,,,,,,,,,,,,,,,,,,,,,,,,,,,,,,,,,,,,,,,,,,,,,,,,,,,,,,,,,,,,,,,,,,,,,,,,,,,,,,,,,,,,,,,,,,,,,
,,,,,,,,,,,73045028,Custom Finyline Wh Gate Sq Bal,-- Unbranded --,-- No Unilog Brand --,-- No DIB Brand --,-,,,,73045028,,Industrial Supplies>General,Custom Finyline Wh Gate Sq Bal,,Custom Finyline Wh Gate Sq Bal,,Custom Finyline Wh Gate Sq Bal,,,,,,,,,,,,,,,,,,,,,,,,,,,Finyline Wh Gate Sq Bal,,,,,,,,,,,,,,,,,,,,,,,,,,,,,,,,,,,,,,,,,,,,,,,,,,,,,,,,,,,,,,,,,,,,,,,,,,,,,,,,,,,,,,,,,,,,,,,,,,,,,,,,,,,,,,,,,,,,,,,,,,,,,,,,,,,,,,,,,,,,,,,,,,,,,,,,,,,,,,,,,,,,,,,,,,,,,,,,,,,,,,,,,,,,,,,,,,,,,
,,,,,,,,,,,73045031,Custom Finyline Wh Gate Rd - w/Black Alum Balusters,-- Unbranded --,-- No Unilog Brand --,-- No DIB Brand --,-,,BLACK+DECKER,,73045031,,Industrial Supplies>General,Custom Finyline Wh Gate Rd - w/Black Alum Balusters,,Custom Finyline Wh Gate Rd - w/Black Alum Balusters,,Custom Finyline Wh Gate Rd - w/Black Alum Balusters,,,,,,,,,,,,,,,,,,,,,,,,,,,Finyline Wh Gate Rd - w/Black Alum Balusters,,,,,,,,,,,,,,,,,,,,,,,,,,,,,,,,,,,,,,,,,,,,,,,,,,,,,,,,,,,,,,,,,,,,,,,,,,,,,,,,,,,,,,,,,,,,,,,,,,,,,,,,,,,,,,,,,,,,,,,,,,,,,,,,,,,,,,,,,,,,,,,,,,,,,,,,,,,,,,,,,,,,,,,,,,,,,,,,,,,,,,,,,,,,,,,,,,,,,
,,,,,,,,,,,543340126,"6'x36"" Select Alm w/Sq Bal Hor - Assembled Black Rail Panel",TREX,-- No Unilog Brand --,-- No DIB Brand --,Boise Cascade Building Materials (BOICA),Boise Cascade Building Materials,TREX,,543340126,,Industrial Supplies>General,"6'x36"" Select Alm w/Sq Bal Hor - Assembled Black Rail Panel",,"6'x36"" Select Alm w/Sq Bal Hor - Assembled Black Rail Panel",,"6'x36"" Select Alm w/Sq Bal Hor - Assembled Black Rail Panel",,,,,,,,,,,,,,,,,,,,,,,,,,,"6'x36"" Select Alm w/Sq Bal Hor - Assembled Black Rail Panel",,,,,,,,,,,,,,,,,,,,,,,,,,,,,,,,,,,,,,,,,,,,,,,,,,,,,,,,,,,,,,,,,,,,,,,,,,,,,,,,,,,,,,,,,,,,,,,,,,,,,,,,,,,,,,,,,,,,,,,,,,,,,,,,,,,,,,,,,,,,,,,,,,,,,,,,,,,,,,,,,,,,,,,,,,,,,,,,,,,,,,,,,,,,,,,,,,,,,
,,,,,,,,,,,543340127,"6'x36"" Select Alm w/Sq Bal Str - Assembled Black Rail Panel",TREX,-- No Unilog Brand --,-- No DIB Brand --,Boise Cascade Building Materials (BOICA),Boise Cascade Building Materials,TREX,,543340127,,Industrial Supplies>General,"6'x36"" Select Alm w/Sq Bal Str - Assembled Black Rail Panel",,"6'x36"" Select Alm w/Sq Bal Str - Assembled Black Rail Panel",,"6'x36"" Select Alm w/Sq Bal Str - Assembled Black Rail Panel",,,,,,,,,,,,,,,,,,,,,,,,,,,"6'x36"" Select Alm w/Sq Bal Str - Assembled Black Rail Panel",,,,,,,,,,,,,,,,,,,,,,,,,,,,,,,,,,,,,,,,,,,,,,,,,,,,,,,,,,,,,,,,,,,,,,,,,,,,,,,,,,,,,,,,,,,,,,,,,,,,,,,,,,,,,,,,,,,,,,,,,,,,,,,,,,,,,,,,,,,,,,,,,,,,,,,,,,,,,,,,,,,,,,,,,,,,,,,,,,,,,,,,,,,,,,,,,,,,,
,,,,,,,,,,,543340146,"8'x36"" Select Alm w/Sq Bal Hor - Assembled Black Rail Panel",TREX,-- No Unilog Brand --,-- No DIB Brand --,Boise Cascade Building Materials (BOICA),Boise Cascade Building Materials,TREX,,543340146,,Industrial Supplies>General,"8'x36"" Select Alm w/Sq Bal Hor - Assembled Black Rail Panel",,"8'x36"" Select Alm w/Sq Bal Hor - Assembled Black Rail Panel",,"8'x36"" Select Alm w/Sq Bal Hor - Assembled Black Rail Panel",,,,,,,,,,,,,,,,,,,,,,,,,,,"8'x36"" Select Alm w/Sq Bal Hor - Assembled Black Rail Panel",,,,,,,,,,,,,,,,,,,,,,,,,,,,,,,,,,,,,,,,,,,,,,,,,,,,,,,,,,,,,,,,,,,,,,,,,,,,,,,,,,,,,,,,,,,,,,,,,,,,,,,,,,,,,,,,,,,,,,,,,,,,,,,,,,,,,,,,,,,,,,,,,,,,,,,,,,,,,,,,,,,,,,,,,,,,,,,,,,,,,,,,,,,,,,,,,,,,,
,,,,,,,,,,,543340147,"8'x36"" Select Alm w/Sq Bal Str - Assembled Black Rail Panel",TREX,-- No Unilog Brand --,-- No DIB Brand --,Boise Cascade Building Materials (BOICA),Boise Cascade Building Materials,TREX,,543340147,,Industrial Supplies>General,"8'x36"" Select Alm w/Sq Bal Str - Assembled Black Rail Panel",,"8'x36"" Select Alm w/Sq Bal Str - Assembled Black Rail Panel",,"8'x36"" Select Alm w/Sq Bal Str - Assembled Black Rail Panel",,,,,,,,,,,,,,,,,,,,,,,,,,,"8'x36"" Select Alm w/Sq Bal Str - Assembled Black Rail Panel",,,,,,,,,,,,,,,,,,,,,,,,,,,,,,,,,,,,,,,,,,,,,,,,,,,,,,,,,,,,,,,,,,,,,,,,,,,,,,,,,,,,,,,,,,,,,,,,,,,,,,,,,,,,,,,,,,,,,,,,,,,,,,,,,,,,,,,,,,,,,,,,,,,,,,,,,,,,,,,,,,,,,,,,,,,,,,,,,,,,,,,,,,,,,,,,,,,,,
,,,,,,,,,,,ADB15516CS,1x6-16' Coastline Sq Edge - Vintage Azek PVC Decking,TIMBERTECH,-- No Unilog Brand --,-- No DIB Brand --,Parksite (6151),Parksite,TIMBERTECH,,ADB15516CS,,Industrial Supplies>General,1x6-16' Coastline Sq Edge - Vintage Azek PVC Decking,,1x6-16' Coastline Sq Edge - Vintage Azek PVC Decking,,1x6-16' Coastline Sq Edge - Vintage Azek PVC Decking,,,,,,,,,,,,,,,,,,,,,,,,,,,1x6-16' Coastline Sq Edge - Vintage Azek PVC Decking,,,,,,,,,,,,,,,,,,,,,,,,,,,,,,,,,,,,,,,,,,,,,,,,,,,,,,,,,,,,,,,,,,,,,,,,,,,,,,,,,,,,,,,,,,,,,,,,,,,,,,,,,,,,,,,,,,,,,,,,,,,,,,,,,,,,,,,,,,,,,,,,,,,,,,,,,,,,,,,,,,,,,,,,,,,,,,,,,,,,,,,,,,,,,,,,,,,,,
,,,,,,,,,,,ADB15520CS,1x6-20' Coastline Sq Edge - Vintage Azek PVC Decking,TIMBERTECH,-- No Unilog Brand --,-- No DIB Brand --,Parksite (6151),Parksite,TIMBERTECH,,ADB15520CS,,Industrial Supplies>General,1x6-20' Coastline Sq Edge - Vintage Azek PVC Decking,,1x6-20' Coastline Sq Edge - Vintage Azek PVC Decking,,1x6-20' Coastline Sq Edge - Vintage Azek PVC Decking,,,,,,,,,,,,,,,,,,,,,,,,,,,1x6-20' Coastline Sq Edge - Vintage Azek PVC Decking,,,,,,,,,,,,,,,,,,,,,,,,,,,,,,,,,,,,,,,,,,,,,,,,,,,,,,,,,,,,,,,,,,,,,,,,,,,,,,,,,,,,,,,,,,,,,,,,,,,,,,,,,,,,,,,,,,,,,,,,,,,,,,,,,,,,,,,,,,,,,,,,,,,,,,,,,,,,,,,,,,,,,,,,,,,,,,,,,,,,,,,,,,,,,,,,,,,,,
,,,,,,,,,,,ADB15516EW,1x6-16' English Walnut Sq Edge - Vintage Azek PVC Decking,TIMBERTECH,-- No Unilog Brand --,-- No DIB Brand --,Parksite (6151),Parksite,TIMBERTECH,,ADB15516EW,,Industrial Supplies>General,1x6-16' English Walnut Sq Edge - Vintage Azek PVC Decking,,1x6-16' English Walnut Sq Edge - Vintage Azek PVC Decking,,1x6-16' English Walnut Sq Edge - Vintage Azek PVC Decking,,,,,,,,,,,,,,,,,,,,,,,,,,,1x6-16' English Walnut Sq Edge - Vintage Azek PVC Decking,,,,,,,,,,,,,,,,,,,,,,,,,,,,,,,,,,,,,,,,,,,,,,,,,,,,,,,,,,,,,,,,,,,,,,,,,,,,,,,,,,,,,,,,,,,,,,,,,,,,,,,,,,,,,,,,,,,,,,,,,,,,,,,,,,,,,,,,,,,,,,,,,,,,,,,,,,,,,,,,,,,,,,,,,,,,,,,,,,,,,,,,,,,,,,,,,,,,,
,,,,,,,,,,,ADB15520EW,1x6-20' English Walnut Sq Edge - Vintage Azek PVC Decking,TIMBERTECH,-- No Unilog Brand --,-- No DIB Brand --,Parksite (6151),Parksite,TIMBERTECH,,ADB15520EW,,Industrial Supplies>General,1x6-20' English Walnut Sq Edge - Vintage Azek PVC Decking,,1x6-20' English Walnut Sq Edge - Vintage Azek PVC Decking,,1x6-20' English Walnut Sq Edge - Vintage Azek PVC Decking,,,,,,,,,,,,,,,,,,,,,,,,,,,1x6-20' English Walnut Sq Edge - Vintage Azek PVC Decking,,,,,,,,,,,,,,,,,,,,,,,,,,,,,,,,,,,,,,,,,,,,,,,,,,,,,,,,,,,,,,,,,,,,,,,,,,,,,,,,,,,,,,,,,,,,,,,,,,,,,,,,,,,,,,,,,,,,,,,,,,,,,,,,,,,,,,,,,,,,,,,,,,,,,,,,,,,,,,,,,,,,,,,,,,,,,,,,,,,,,,,,,,,,,,,,,,,,,
,,,,,,,,,,,ADB15516MH,1x6-16' Mahogany Sq Edge - Vintage Azek PVC Decking,TIMBERTECH,-- No Unilog Brand --,-- No DIB Brand --,Parksite (6151),Parksite,TIMBERTECH,,ADB15516MH,,Industrial Supplies>General,1x6-16' Mahogany Sq Edge - Vintage Azek PVC Decking,,1x6-16' Mahogany Sq Edge - Vintage Azek PVC Decking,,1x6-16' Mahogany Sq Edge - Vintage Azek PVC Decking,,,,,,,,,,,,,,,,,,,,,,,,,,,1x6-16' Mahogany Sq Edge - Vintage Azek PVC Decking,,,,,,,,,,,,,,,,,,,,,,,,,,,,,,,,,,,,,,,,,,,,,,,,,,,,,,,,,,,,,,,,,,,,,,,,,,,,,,,,,,,,,,,,,,,,,,,,,,,,,,,,,,,,,,,,,,,,,,,,,,,,,,,,,,,,,,,,,,,,,,,,,,,,,,,,,,,,,,,,,,,,,,,,,,,,,,,,,,,,,,,,,,,,,,,,,,,,,
,,,,,,,,,,,ADB15520MH,1x6-20' Mahogany Sq Edge - Vintage Azek PVC Decking,TIMBERTECH,-- No Unilog Brand --,-- No DIB Brand --,Parksite (6151),Parksite,TIMBERTECH,,ADB15520MH,,Industrial Supplies>General,1x6-20' Mahogany Sq Edge - Vintage Azek PVC Decking,,1x6-20' Mahogany Sq Edge - Vintage Azek PVC Decking,,1x6-20' Mahogany Sq Edge - Vintage Azek PVC Decking,,,,,,,,,,,,,,,,,,,,,,,,,,,1x6-20' Mahogany Sq Edge - Vintage Azek PVC Decking,,,,,,,,,,,,,,,,,,,,,,,,,,,,,,,,,,,,,,,,,,,,,,,,,,,,,,,,,,,,,,,,,,,,,,,,,,,,,,,,,,,,,,,,,,,,,,,,,,,,,,,,,,,,,,,,,,,,,,,,,,,,,,,,,,,,,,,,,,,,,,,,,,,,,,,,,,,,,,,,,,,,,,,,,,,,,,,,,,,,,,,,,,,,,,,,,,,,,
,,,,,,,,,,,ADB15516WT,1x6-16' Weathered Teak Sq Edge - Vintage Azek PVC Decking,TIMBERTECH,-- No Unilog Brand --,-- No DIB Brand --,Parksite (6151),Parksite,TIMBERTECH,,ADB15516WT,,Industrial Supplies>General,1x6-16' Weathered Teak Sq Edge - Vintage Azek PVC Decking,,1x6-16' Weathered Teak Sq Edge - Vintage Azek PVC Decking,,1x6-16' Weathered Teak Sq Edge - Vintage Azek PVC Decking,,,,,,,,,,,,,,,,,,,,,,,,,,,1x6-16' Weathered Teak Sq Edge - Vintage Azek PVC Decking,,,,,,,,,,,,,,,,,,,,,,,,,,,,,,,,,,,,,,,,,,,,,,,,,,,,,,,,,,,,,,,,,,,,,,,,,,,,,,,,,,,,,,,,,,,,,,,,,,,,,,,,,,,,,,,,,,,,,,,,,,,,,,,,,,,,,,,,,,,,,,,,,,,,,,,,,,,,,,,,,,,,,,,,,,,,,,,,,,,,,,,,,,,,,,,,,,,,,
,,,,,,,,,,,ADB15520WT,1x6-20' Weathered Teak Sq Edge - Vintage Azek PVC Decking,TIMBERTECH,-- No Unilog Brand --,-- No DIB Brand --,Parksite (6151),Parksite,TIMBERTECH,,ADB15520WT,,Industrial Supplies>General,1x6-20' Weathered Teak Sq Edge - Vintage Azek PVC Decking,,1x6-20' Weathered Teak Sq Edge - Vintage Azek PVC Decking,,1x6-20' Weathered Teak Sq Edge - Vintage Azek PVC Decking,,,,,,,,,,,,,,,,,,,,,,,,,,,1x6-20' Weathered Teak Sq Edge - Vintage Azek PVC Decking,,,,,,,,,,,,,,,,,,,,,,,,,,,,,,,,,,,,,,,,,,,,,,,,,,,,,,,,,,,,,,,,,,,,,,,,,,,,,,,,,,,,,,,,,,,,,,,,,,,,,,,,,,,,,,,,,,,,,,,,,,,,,,,,,,,,,,,,,,,,,,,,,,,,,,,,,,,,,,,,,,,,,,,,,,,,,,,,,,,,,,,,,,,,,,,,,,,,,
,,,,,,,,,,,AGB15512CS,1x6-12' Coastline Grooved - Vintage Azek PVC Decking,TIMBERTECH,-- No Unilog Brand --,-- No DIB Brand --,Parksite (6151),Parksite,TIMBERTECH,,AGB15512CS,,Industrial Supplies>General,1x6-12' Coastline Grooved - Vintage Azek PVC Decking,,1x6-12' Coastline Grooved - Vintage Azek PVC Decking,,1x6-12' Coastline Grooved - Vintage Azek PVC Decking,,,,,,,,,,,,,,,,,,,,,,,,,,,1x6-12' Coastline Grooved - Vintage Azek PVC Decking,,,,,,,,,,,,,,,,,,,,,,,,,,,,,,,,,,,,,,,,,,,,,,,,,,,,,,,,,,,,,,,,,,,,,,,,,,,,,,,,,,,,,,,,,,,,,,,,,,,,,,,,,,,,,,,,,,,,,,,,,,,,,,,,,,,,,,,,,,,,,,,,,,,,,,,,,,,,,,,,,,,,,,,,,,,,,,,,,,,,,,,,,,,,,,,,,,,,,
,,,,,,,,,,,AGB15516CS,1x6-16' Coastline Grooved - Vintage Azek PVC Decking,TIMBERTECH,-- No Unilog Brand --,-- No DIB Brand --,Parksite (6151),Parksite,TIMBERTECH,,AGB15516CS,,Industrial Supplies>General,1x6-16' Coastline Grooved - Vintage Azek PVC Decking,,1x6-16' Coastline Grooved - Vintage Azek PVC Decking,,1x6-16' Coastline Grooved - Vintage Azek PVC Decking,,,,,,,,,,,,,,,,,,,,,,,,,,,1x6-16' Coastline Grooved - Vintage Azek PVC Decking,,,,,,,,,,,,,,,,,,,,,,,,,,,,,,,,,,,,,,,,,,,,,,,,,,,,,,,,,,,,,,,,,,,,,,,,,,,,,,,,,,,,,,,,,,,,,,,,,,,,,,,,,,,,,,,,,,,,,,,,,,,,,,,,,,,,,,,,,,,,,,,,,,,,,,,,,,,,,,,,,,,,,,,,,,,,,,,,,,,,,,,,,,,,,,,,,,,,,
,,,,,,,,,,,AGB15520CS,1x6-20' Coastline Grooved - Vintage Azek PVC Decking,TIMBERTECH,-- No Unilog Brand --,-- No DIB Brand --,Parksite (6151),Parksite,TIMBERTECH,,AGB15520CS,,Industrial Supplies>General,1x6-20' Coastline Grooved - Vintage Azek PVC Decking,,1x6-20' Coastline Grooved - Vintage Azek PVC Decking,,1x6-20' Coastline Grooved - Vintage Azek PVC Decking,,,,,,,,,,,,,,,,,,,,,,,,,,,1x6-20' Coastline Grooved - Vintage Azek PVC Decking,,,,,,,,,,,,,,,,,,,,,,,,,,,,,,,,,,,,,,,,,,,,,,,,,,,,,,,,,,,,,,,,,,,,,,,,,,,,,,,,,,,,,,,,,,,,,,,,,,,,,,,,,,,,,,,,,,,,,,,,,,,,,,,,,,,,,,,,,,,,,,,,,,,,,,,,,,,,,,,,,,,,,,,,,,,,,,,,,,,,,,,,,,,,,,,,,,,,,
,,,,,,,,,,,AGB15512EW,1x6-12' English Walnut Grooved - Vintage Azek PVC Decking,TIMBERTECH,-- No Unilog Brand --,-- No DIB Brand --,Parksite (6151),Parksite,TIMBERTECH,,AGB15512EW,,Industrial Supplies>General,1x6-12' English Walnut Grooved - Vintage Azek PVC Decking,,1x6-12' English Walnut Grooved - Vintage Azek PVC Decking,,1x6-12' English Walnut Grooved - Vintage Azek PVC Decking,,,,,,,,,,,,,,,,,,,,,,,,,,,1x6-12' English Walnut Grooved - Vintage Azek PVC Decking,,,,,,,,,,,,,,,,,,,,,,,,,,,,,,,,,,,,,,,,,,,,,,,,,,,,,,,,,,,,,,,,,,,,,,,,,,,,,,,,,,,,,,,,,,,,,,,,,,,,,,,,,,,,,,,,,,,,,,,,,,,,,,,,,,,,,,,,,,,,,,,,,,,,,,,,,,,,,,,,,,,,,,,,,,,,,,,,,,,,,,,,,,,,,,,,,,,,,
,,,,,,,,,,,AGB15516EW,1x6-16' English Walnut Grooved - Vintage Azek PVC Decking,TIMBERTECH,-- No Unilog Brand --,-- No DIB Brand --,Parksite (6151),Parksite,TIMBERTECH,,AGB15516EW,,Industrial Supplies>General,1x6-16' English Walnut Grooved - Vintage Azek PVC Decking,,1x6-16' English Walnut Grooved - Vintage Azek PVC Decking,,1x6-16' English Walnut Grooved - Vintage Azek PVC Decking,,,,,,,,,,,,,,,,,,,,,,,,,,,1x6-16' English Walnut Grooved - Vintage Azek PVC Decking,,,,,,,,,,,,,,,,,,,,,,,,,,,,,,,,,,,,,,,,,,,,,,,,,,,,,,,,,,,,,,,,,,,,,,,,,,,,,,,,,,,,,,,,,,,,,,,,,,,,,,,,,,,,,,,,,,,,,,,,,,,,,,,,,,,,,,,,,,,,,,,,,,,,,,,,,,,,,,,,,,,,,,,,,,,,,,,,,,,,,,,,,,,,,,,,,,,,,
,,,,,,,,,,,AGB15520EW,1x6-20' English Walnut Grooved - Vintage Azek PVC Decking,TIMBERTECH,-- No Unilog Brand --,-- No DIB Brand --,Parksite (6151),Parksite,TIMBERTECH,,AGB15520EW,,Industrial Supplies>General,1x6-20' English Walnut Grooved - Vintage Azek PVC Decking,,1x6-20' English Walnut Grooved - Vintage Azek PVC Decking,,1x6-20' English Walnut Grooved - Vintage Azek PVC Decking,,,,,,,,,,,,,,,,,,,,,,,,,,,1x6-20' English Walnut Grooved - Vintage Azek PVC Decking,,,,,,,,,,,,,,,,,,,,,,,,,,,,,,,,,,,,,,,,,,,,,,,,,,,,,,,,,,,,,,,,,,,,,,,,,,,,,,,,,,,,,,,,,,,,,,,,,,,,,,,,,,,,,,,,,,,,,,,,,,,,,,,,,,,,,,,,,,,,,,,,,,,,,,,,,,,,,,,,,,,,,,,,,,,,,,,,,,,,,,,,,,,,,,,,,,,,,
,,,,,,,,,,,AGB15512MH,1x6-12' Mahogany Grooved - Vintage Azek PVC Decking,TIMBERTECH,-- No Unilog Brand --,-- No DIB Brand --,Parksite (6151),Parksite,TIMBERTECH,,AGB15512MH,,Industrial Supplies>General,1x6-12' Mahogany Grooved - Vintage Azek PVC Decking,,1x6-12' Mahogany Grooved - Vintage Azek PVC Decking,,1x6-12' Mahogany Grooved - Vintage Azek PVC Decking,,,,,,,,,,,,,,,,,,,,,,,,,,,1x6-12' Mahogany Grooved - Vintage Azek PVC Decking,,,,,,,,,,,,,,,,,,,,,,,,,,,,,,,,,,,,,,,,,,,,,,,,,,,,,,,,,,,,,,,,,,,,,,,,,,,,,,,,,,,,,,,,,,,,,,,,,,,,,,,,,,,,,,,,,,,,,,,,,,,,,,,,,,,,,,,,,,,,,,,,,,,,,,,,,,,,,,,,,,,,,,,,,,,,,,,,,,,,,,,,,,,,,,,,,,,,,
,,,,,,,,,,,AGB15516MH,1x6-16' Mahogany Grooved - Vintage Azek PVC Decking,TIMBERTECH,-- No Unilog Brand --,-- No DIB Brand --,Parksite (6151),Parksite,TIMBERTECH,,AGB15516MH,,Industrial Supplies>General,1x6-16' Mahogany Grooved - Vintage Azek PVC Decking,,1x6-16' Mahogany Grooved - Vintage Azek PVC Decking,,1x6-16' Mahogany Grooved - Vintage Azek PVC Decking,,,,,,,,,,,,,,,,,,,,,,,,,,,1x6-16' Mahogany Grooved - Vintage Azek PVC Decking,,,,,,,,,,,,,,,,,,,,,,,,,,,,,,,,,,,,,,,,,,,,,,,,,,,,,,,,,,,,,,,,,,,,,,,,,,,,,,,,,,,,,,,,,,,,,,,,,,,,,,,,,,,,,,,,,,,,,,,,,,,,,,,,,,,,,,,,,,,,,,,,,,,,,,,,,,,,,,,,,,,,,,,,,,,,,,,,,,,,,,,,,,,,,,,,,,,,,
,,,,,,,,,,,AGB15520MH,1x6-20' Mahogany Grooved - Vintage Azek PVC Decking,TIMBERTECH,-- No Unilog Brand --,-- No DIB Brand --,Parksite (6151),Parksite,TIMBERTECH,,AGB15520MH,,Industrial Supplies>General,1x6-20' Mahogany Grooved - Vintage Azek PVC Decking,,1x6-20' Mahogany Grooved - Vintage Azek PVC Decking,,1x6-20' Mahogany Grooved - Vintage Azek PVC Decking,,,,,,,,,,,,,,,,,,,,,,,,,,,1x6-20' Mahogany Grooved - Vintage Azek PVC Decking,,,,,,,,,,,,,,,,,,,,,,,,,,,,,,,,,,,,,,,,,,,,,,,,,,,,,,,,,,,,,,,,,,,,,,,,,,,,,,,,,,,,,,,,,,,,,,,,,,,,,,,,,,,,,,,,,,,,,,,,,,,,,,,,,,,,,,,,,,,,,,,,,,,,,,,,,,,,,,,,,,,,,,,,,,,,,,,,,,,,,,,,,,,,,,,,,,,,,
,,,,,,,,,,,AGB15512WT,1x6-12' Weathered Teak Grooved - Vintage Azek PVC Decking,TIMBERTECH,-- No Unilog Brand --,-- No DIB Brand --,Parksite (6151),Parksite,TIMBERTECH,,AGB15512WT,,Industrial Supplies>General,1x6-12' Weathered Teak Grooved - Vintage Azek PVC Decking,,1x6-12' Weathered Teak Grooved - Vintage Azek PVC Decking,,1x6-12' Weathered Teak Grooved - Vintage Azek PVC Decking,,,,,,,,,,,,,,,,,,,,,,,,,,,1x6-12' Weathered Teak Grooved - Vintage Azek PVC Decking,,,,,,,,,,,,,,,,,,,,,,,,,,,,,,,,,,,,,,,,,,,,,,,,,,,,,,,,,,,,,,,,,,,,,,,,,,,,,,,,,,,,,,,,,,,,,,,,,,,,,,,,,,,,,,,,,,,,,,,,,,,,,,,,,,,,,,,,,,,,,,,,,,,,,,,,,,,,,,,,,,,,,,,,,,,,,,,,,,,,,,,,,,,,,,,,,,,,,
,,,,,,,,,,,AGB15516WT,1x6-16' Weathered Teak Grooved - Vintage Azek PVC Decking,TIMBERTECH,-- No Unilog Brand --,-- No DIB Brand --,Parksite (6151),Parksite,TIMBERTECH,,AGB15516WT,,Industrial Supplies>General,1x6-16' Weathered Teak Grooved - Vintage Azek PVC Decking,,1x6-16' Weathered Teak Grooved - Vintage Azek PVC Decking,,1x6-16' Weathered Teak Grooved - Vintage Azek PVC Decking,,,,,,,,,,,,,,,,,,,,,,,,,,,1x6-16' Weathered Teak Grooved - Vintage Azek PVC Decking,,,,,,,,,,,,,,,,,,,,,,,,,,,,,,,,,,,,,,,,,,,,,,,,,,,,,,,,,,,,,,,,,,,,,,,,,,,,,,,,,,,,,,,,,,,,,,,,,,,,,,,,,,,,,,,,,,,,,,,,,,,,,,,,,,,,,,,,,,,,,,,,,,,,,,,,,,,,,,,,,,,,,,,,,,,,,,,,,,,,,,,,,,,,,,,,,,,,,
,,,,,,,,,,,AGB15520WT,1x6-20' Weathered Teak Grooved - Vintage Azek PVC Decking,TIMBERTECH,-- No Unilog Brand --,-- No DIB Brand --,Parksite (6151),Parksite,TIMBERTECH,,AGB15520WT,,Industrial Supplies>General,1x6-20' Weathered Teak Grooved - Vintage Azek PVC Decking,,1x6-20' Weathered Teak Grooved - Vintage Azek PVC Decking,,1x6-20' Weathered Teak Grooved - Vintage Azek PVC Decking,,,,,,,,,,,,,,,,,,,,,,,,,,,1x6-20' Weathered Teak Grooved - Vintage Azek PVC Decking,,,,,,,,,,,,,,,,,,,,,,,,,,,,,,,,,,,,,,,,,,,,,,,,,,,,,,,,,,,,,,,,,,,,,,,,,,,,,,,,,,,,,,,,,,,,,,,,,,,,,,,,,,,,,,,,,,,,,,,,,,,,,,,,,,,,,,,,,,,,,,,,,,,,,,,,,,,,,,,,,,,,,,,,,,,,,,,,,,,,,,,,,,,,,,,,,,,,,
,,,,,,,,,,,ADB15516AW,1x6-16' American Walnut Sq Edg - Landmark Azek PVC Decking,TIMBERTECH,-- No Unilog Brand --,-- No DIB Brand --,Parksite (6151),Parksite,TIMBERTECH,,ADB15516AW,,Industrial Supplies>General,1x6-16' American Walnut Sq Edg - Landmark Azek PVC Decking,,1x6-16' American Walnut Sq Edg - Landmark Azek PVC Decking,,1x6-16' American Walnut Sq Edg - Landmark Azek PVC Decking,,,,,,,,,,,,,,,,,,,,,,,,,,,1x6-16' American Walnut Sq Edg - Landmark Azek PVC Decking,,,,,,,,,,,,,,,,,,,,,,,,,,,,,,,,,,,,,,,,,,,,,,,,,,,,,,,,,,,,,,,,,,,,,,,,,,,,,,,,,,,,,,,,,,,,,,,,,,,,,,,,,,,,,,,,,,,,,,,,,,,,,,,,,,,,,,,,,,,,,,,,,,,,,,,,,,,,,,,,,,,,,,,,,,,,,,,,,,,,,,,,,,,,,,,,,,,,,
,,,,,,,,,,,ADB15520AW,1x6-20' American Walnut Sq Edg - Landmark Azek PVC Decking,TIMBERTECH,-- No Unilog Brand --,-- No DIB Brand --,Parksite (6151),Parksite,TIMBERTECH,,ADB15520AW,,Industrial Supplies>General,1x6-20' American Walnut Sq Edg - Landmark Azek PVC Decking,,1x6-20' American Walnut Sq Edg - Landmark Azek PVC Decking,,1x6-20' American Walnut Sq Edg - Landmark Azek PVC Decking,,,,,,,,,,,,,,,,,,,,,,,,,,,1x6-20' American Walnut Sq Edg - Landmark Azek PVC Decking,,,,,,,,,,,,,,,,,,,,,,,,,,,,,,,,,,,,,,,,,,,,,,,,,,,,,,,,,,,,,,,,,,,,,,,,,,,,,,,,,,,,,,,,,,,,,,,,,,,,,,,,,,,,,,,,,,,,,,,,,,,,,,,,,,,,,,,,,,,,,,,,,,,,,,,,,,,,,,,,,,,,,,,,,,,,,,,,,,,,,,,,,,,,,,,,,,,,,
,,,,,,,,,,,ADB15516CG,1x6-16' Castle Gate Sq Edge - Landmark Azek PVC Decking,TIMBERTECH,-- No Unilog Brand --,-- No DIB Brand --,Parksite (6151),Parksite,TIMBERTECH,,ADB15516CG,,Industrial Supplies>General,1x6-16' Castle Gate Sq Edge - Landmark Azek PVC Decking,,1x6-16' Castle Gate Sq Edge - Landmark Azek PVC Decking,,1x6-16' Castle Gate Sq Edge - Landmark Azek PVC Decking,,,,,,,,,,,,,,,,,,,,,,,,,,,1x6-16' Castle Gate Sq Edge - Landmark Azek PVC Decking,,,,,,,,,,,,,,,,,,,,,,,,,,,,,,,,,,,,,,,,,,,,,,,,,,,,,,,,,,,,,,,,,,,,,,,,,,,,,,,,,,,,,,,,,,,,,,,,,,,,,,,,,,,,,,,,,,,,,,,,,,,,,,,,,,,,,,,,,,,,,,,,,,,,,,,,,,,,,,,,,,,,,,,,,,,,,,,,,,,,,,,,,,,,,,,,,,,,,
,,,,,,,,,,,ADB15520CG,1x6-20' Castle Gate Sq Edge - Landmark Azek PVC Decking,TIMBERTECH,-- No Unilog Brand --,-- No DIB Brand --,Parksite (6151),Parksite,TIMBERTECH,,ADB15520CG,,Industrial Supplies>General,1x6-20' Castle Gate Sq Edge - Landmark Azek PVC Decking,,1x6-20' Castle Gate Sq Edge - Landmark Azek PVC Decking,,1x6-20' Castle Gate Sq Edge - Landmark Azek PVC Decking,,,,,,,,,,,,,,,,,,,,,,,,,,,1x6-20' Castle Gate Sq Edge - Landmark Azek PVC Decking,,,,,,,,,,,,,,,,,,,,,,,,,,,,,,,,,,,,,,,,,,,,,,,,,,,,,,,,,,,,,,,,,,,,,,,,,,,,,,,,,,,,,,,,,,,,,,,,,,,,,,,,,,,,,,,,,,,,,,,,,,,,,,,,,,,,,,,,,,,,,,,,,,,,,,,,,,,,,,,,,,,,,,,,,,,,,,,,,,,,,,,,,,,,,,,,,,,,,
,,,,,,,,,,,ADB15516FW,1x6-16' French White Oak Sq Ed - Landmark Azek PVC Decking,TIMBERTECH,-- No Unilog Brand --,-- No DIB Brand --,Parksite (6151),Parksite,TIMBERTECH,,ADB15516FW,,Industrial Supplies>General,1x6-16' French White Oak Sq Ed - Landmark Azek PVC Decking,,1x6-16' French White Oak Sq Ed - Landmark Azek PVC Decking,,1x6-16' French White Oak Sq Ed - Landmark Azek PVC Decking,,,,,,,,,,,,,,,,,,,,,,,,,,,1x6-16' French White Oak Sq Ed - Landmark Azek PVC Decking,,,,,,,,,,,,,,,,,,,,,,,,,,,,,,,,,,,,,,,,,,,,,,,,,,,,,,,,,,,,,,,,,,,,,,,,,,,,,,,,,,,,,,,,,,,,,,,,,,,,,,,,,,,,,,,,,,,,,,,,,,,,,,,,,,,,,,,,,,,,,,,,,,,,,,,,,,,,,,,,,,,,,,,,,,,,,,,,,,,,,,,,,,,,,,,,,,,,,
,,,,,,,,,,,ADB15520FW,1x6-20' French White Oak Sq Ed - Landmark Azek PVC Decking,TIMBERTECH,-- No Unilog Brand --,-- No DIB Brand --,Parksite (6151),Parksite,TIMBERTECH,,ADB15520FW,,Industrial Supplies>General,1x6-20' French White Oak Sq Ed - Landmark Azek PVC Decking,,1x6-20' French White Oak Sq Ed - Landmark Azek PVC Decking,,1x6-20' French White Oak Sq Ed - Landmark Azek PVC Decking,,,,,,,,,,,,,,,,,,,,,,,,,,,1x6-20' French White Oak Sq Ed - Landmark Azek PVC Decking,,,,,,,,,,,,,,,,,,,,,,,,,,,,,,,,,,,,,,,,,,,,,,,,,,,,,,,,,,,,,,,,,,,,,,,,,,,,,,,,,,,,,,,,,,,,,,,,,,,,,,,,,,,,,,,,,,,,,,,,,,,,,,,,,,,,,,,,,,,,,,,,,,,,,,,,,,,,,,,,,,,,,,,,,,,,,,,,,,,,,,,,,,,,,,,,,,,,,
,,,,,,,,,,,AGB15512AW,1x6-12' American Walnut Groove - Landmark Azek PVC Decking,TIMBERTECH,-- No Unilog Brand --,-- No DIB Brand --,Parksite (6151),Parksite,TIMBERTECH,,AGB15512AW,,Industrial Supplies>General,1x6-12' American Walnut Groove - Landmark Azek PVC Decking,,1x6-12' American Walnut Groove - Landmark Azek PVC Decking,,1x6-12' American Walnut Groove - Landmark Azek PVC Decking,,,,,,,,,,,,,,,,,,,,,,,,,,,1x6-12' American Walnut Groove - Landmark Azek PVC Decking,,,,,,,,,,,,,,,,,,,,,,,,,,,,,,,,,,,,,,,,,,,,,,,,,,,,,,,,,,,,,,,,,,,,,,,,,,,,,,,,,,,,,,,,,,,,,,,,,,,,,,,,,,,,,,,,,,,,,,,,,,,,,,,,,,,,,,,,,,,,,,,,,,,,,,,,,,,,,,,,,,,,,,,,,,,,,,,,,,,,,,,,,,,,,,,,,,,,,
,,,,,,,,,,,AGB15516AW,1x6-16' American Walnut Groove - Landmark Azek PVC Decking,TIMBERTECH,-- No Unilog Brand --,-- No DIB Brand --,Parksite (6151),Parksite,TIMBERTECH,,AGB15516AW,,Industrial Supplies>General,1x6-16' American Walnut Groove - Landmark Azek PVC Decking,,1x6-16' American Walnut Groove - Landmark Azek PVC Decking,,1x6-16' American Walnut Groove - Landmark Azek PVC Decking,,,,,,,,,,,,,,,,,,,,,,,,,,,1x6-16' American Walnut Groove - Landmark Azek PVC Decking,,,,,,,,,,,,,,,,,,,,,,,,,,,,,,,,,,,,,,,,,,,,,,,,,,,,,,,,,,,,,,,,,,,,,,,,,,,,,,,,,,,,,,,,,,,,,,,,,,,,,,,,,,,,,,,,,,,,,,,,,,,,,,,,,,,,,,,,,,,,,,,,,,,,,,,,,,,,,,,,,,,,,,,,,,,,,,,,,,,,,,,,,,,,,,,,,,,,,
,,,,,,,,,,,AGB15520AW,1x6-20' American Walnut Groove - Landmark Azek PVC Decking,TIMBERTECH,-- No Unilog Brand --,-- No DIB Brand --,Parksite (6151),Parksite,TIMBERTECH,,AGB15520AW,,Industrial Supplies>General,1x6-20' American Walnut Groove - Landmark Azek PVC Decking,,1x6-20' American Walnut Groove - Landmark Azek PVC Decking,,1x6-20' American Walnut Groove - Landmark Azek PVC Decking,,,,,,,,,,,,,,,,,,,,,,,,,,,1x6-20' American Walnut Groove - Landmark Azek PVC Decking,,,,,,,,,,,,,,,,,,,,,,,,,,,,,,,,,,,,,,,,,,,,,,,,,,,,,,,,,,,,,,,,,,,,,,,,,,,,,,,,,,,,,,,,,,,,,,,,,,,,,,,,,,,,,,,,,,,,,,,,,,,,,,,,,,,,,,,,,,,,,,,,,,,,,,,,,,,,,,,,,,,,,,,,,,,,,,,,,,,,,,,,,,,,,,,,,,,,,
,,,,,,,,,,,AGB15512CG,1x6-12' Castle Gate Grooved - Landmark Azek PVC Decking,TIMBERTECH,-- No Unilog Brand --,-- No DIB Brand --,Parksite (6151),Parksite,TIMBERTECH,,AGB15512CG,,Industrial Supplies>General,1x6-12' Castle Gate Grooved - Landmark Azek PVC Decking,,1x6-12' Castle Gate Grooved - Landmark Azek PVC Decking,,1x6-12' Castle Gate Grooved - Landmark Azek PVC Decking,,,,,,,,,,,,,,,,,,,,,,,,,,,1x6-12' Castle Gate Grooved - Landmark Azek PVC Decking,,,,,,,,,,,,,,,,,,,,,,,,,,,,,,,,,,,,,,,,,,,,,,,,,,,,,,,,,,,,,,,,,,,,,,,,,,,,,,,,,,,,,,,,,,,,,,,,,,,,,,,,,,,,,,,,,,,,,,,,,,,,,,,,,,,,,,,,,,,,,,,,,,,,,,,,,,,,,,,,,,,,,,,,,,,,,,,,,,,,,,,,,,,,,,,,,,,,,
,,,,,,,,,,,AGB15516CG,1x6-16' Castle Gate Grooved - Landmark Azek PVC Decking,TIMBERTECH,-- No Unilog Brand --,-- No DIB Brand --,Parksite (6151),Parksite,TIMBERTECH,,AGB15516CG,,Industrial Supplies>General,1x6-16' Castle Gate Grooved - Landmark Azek PVC Decking,,1x6-16' Castle Gate Grooved - Landmark Azek PVC Decking,,1x6-16' Castle Gate Grooved - Landmark Azek PVC Decking,,,,,,,,,,,,,,,,,,,,,,,,,,,1x6-16' Castle Gate Grooved - Landmark Azek PVC Decking,,,,,,,,,,,,,,,,,,,,,,,,,,,,,,,,,,,,,,,,,,,,,,,,,,,,,,,,,,,,,,,,,,,,,,,,,,,,,,,,,,,,,,,,,,,,,,,,,,,,,,,,,,,,,,,,,,,,,,,,,,,,,,,,,,,,,,,,,,,,,,,,,,,,,,,,,,,,,,,,,,,,,,,,,,,,,,,,,,,,,,,,,,,,,,,,,,,,,
,,,,,,,,,,,AGB15520CG,1x6-20' Castle Gate Grooved - Landmark Azek PVC Decking,TIMBERTECH,-- No Unilog Brand --,-- No DIB Brand --,Parksite (6151),Parksite,TIMBERTECH,,AGB15520CG,,Industrial Supplies>General,1x6-20' Castle Gate Grooved - Landmark Azek PVC Decking,,1x6-20' Castle Gate Grooved - Landmark Azek PVC Decking,,1x6-20' Castle Gate Grooved - Landmark Azek PVC Decking,,,,,,,,,,,,,,,,,,,,,,,,,,,1x6-20' Castle Gate Grooved - Landmark Azek PVC Decking,,,,,,,,,,,,,,,,,,,,,,,,,,,,,,,,,,,,,,,,,,,,,,,,,,,,,,,,,,,,,,,,,,,,,,,,,,,,,,,,,,,,,,,,,,,,,,,,,,,,,,,,,,,,,,,,,,,,,,,,,,,,,,,,,,,,,,,,,,,,,,,,,,,,,,,,,,,,,,,,,,,,,,,,,,,,,,,,,,,,,,,,,,,,,,,,,,,,,
,,,,,,,,,,,AGB15512FW,1x6-12' French White Oak Groov - Landmark Azek PVC Decking,TIMBERTECH,-- No Unilog Brand --,-- No DIB Brand --,Parksite (6151),Parksite,TIMBERTECH,,AGB15512FW,,Industrial Supplies>General,1x6-12' French White Oak Groov - Landmark Azek PVC Decking,,1x6-12' French White Oak Groov - Landmark Azek PVC Decking,,1x6-12' French White Oak Groov - Landmark Azek PVC Decking,,,,,,,,,,,,,,,,,,,,,,,,,,,1x6-12' French White Oak Groov - Landmark Azek PVC Decking,,,,,,,,,,,,,,,,,,,,,,,,,,,,,,,,,,,,,,,,,,,,,,,,,,,,,,,,,,,,,,,,,,,,,,,,,,,,,,,,,,,,,,,,,,,,,,,,,,,,,,,,,,,,,,,,,,,,,,,,,,,,,,,,,,,,,,,,,,,,,,,,,,,,,,,,,,,,,,,,,,,,,,,,,,,,,,,,,,,,,,,,,,,,,,,,,,,,,
,,,,,,,,,,,AGB15516FW,1x6-16' French White Oak Groov - Landmark Azek PVC Decking,TIMBERTECH,-- No Unilog Brand --,-- No DIB Brand --,Parksite (6151),Parksite,TIMBERTECH,,AGB15516FW,,Industrial Supplies>General,1x6-16' French White Oak Groov - Landmark Azek PVC Decking,,1x6-16' French White Oak Groov - Landmark Azek PVC Decking,,1x6-16' French White Oak Groov - Landmark Azek PVC Decking,,,,,,,,,,,,,,,,,,,,,,,,,,,1x6-16' French White Oak Groov - Landmark Azek PVC Decking,,,,,,,,,,,,,,,,,,,,,,,,,,,,,,,,,,,,,,,,,,,,,,,,,,,,,,,,,,,,,,,,,,,,,,,,,,,,,,,,,,,,,,,,,,,,,,,,,,,,,,,,,,,,,,,,,,,,,,,,,,,,,,,,,,,,,,,,,,,,,,,,,,,,,,,,,,,,,,,,,,,,,,,,,,,,,,,,,,,,,,,,,,,,,,,,,,,,,
,,,,,,,,,,,AGB15520FW,1x6-20' French White Oak Groov - Landmark Azek PVC Decking,TIMBERTECH,-- No Unilog Brand --,-- No DIB Brand --,Parksite (6151),Parksite,TIMBERTECH,,AGB15520FW,,Industrial Supplies>General,1x6-20' French White Oak Groov - Landmark Azek PVC Decking,,1x6-20' French White Oak Groov - Landmark Azek PVC Decking,,1x6-20' French White Oak Groov - Landmark Azek PVC Decking,,,,,,,,,,,,,,,,,,,,,,,,,,,1x6-20' French White Oak Groov - Landmark Azek PVC Decking,,,,,,,,,,,,,,,,,,,,,,,,,,,,,,,,,,,,,,,,,,,,,,,,,,,,,,,,,,,,,,,,,,,,,,,,,,,,,,,,,,,,,,,,,,,,,,,,,,,,,,,,,,,,,,,,,,,,,,,,,,,,,,,,,,,,,,,,,,,,,,,,,,,,,,,,,,,,,,,,,,,,,,,,,,,,,,,,,,,,,,,,,,,,,,,,,,,,,
,,,,,,,,,,,ADCB15516BS,1x6-16' Brownstone Sq Edge - Harvest Azek PVC Decking,TIMBERTECH,-- No Unilog Brand --,-- No DIB Brand --,Parksite (6151),Parksite,TIMBERTECH,,ADCB15516BS,,Industrial Supplies>General,1x6-16' Brownstone Sq Edge - Harvest Azek PVC Decking,,1x6-16' Brownstone Sq Edge - Harvest Azek PVC Decking,,1x6-16' Brownstone Sq Edge - Harvest Azek PVC Decking,,,,,,,,,,,,,,,,,,,,,,,,,,,1x6-16' Brownstone Sq Edge - Harvest Azek PVC Decking,,,,,,,,,,,,,,,,,,,,,,,,,,,,,,,,,,,,,,,,,,,,,,,,,,,,,,,,,,,,,,,,,,,,,,,,,,,,,,,,,,,,,,,,,,,,,,,,,,,,,,,,,,,,,,,,,,,,,,,,,,,,,,,,,,,,,,,,,,,,,,,,,,,,,,,,,,,,,,,,,,,,,,,,,,,,,,,,,,,,,,,,,,,,,,,,,,,,,
,,,,,,,,,,,ADCB15520BS,1x6-20' Brownstone Sq Edge - Harvest Azek PVC Decking,TIMBERTECH,-- No Unilog Brand --,-- No DIB Brand --,Parksite (6151),Parksite,TIMBERTECH,,ADCB15520BS,,Industrial Supplies>General,1x6-20' Brownstone Sq Edge - Harvest Azek PVC Decking,,1x6-20' Brownstone Sq Edge - Harvest Azek PVC Decking,,1x6-20' Brownstone Sq Edge - Harvest Azek PVC Decking,,,,,,,,,,,,,,,,,,,,,,,,,,,1x6-20' Brownstone Sq Edge - Harvest Azek PVC Decking,,,,,,,,,,,,,,,,,,,,,,,,,,,,,,,,,,,,,,,,,,,,,,,,,,,,,,,,,,,,,,,,,,,,,,,,,,,,,,,,,,,,,,,,,,,,,,,,,,,,,,,,,,,,,,,,,,,,,,,,,,,,,,,,,,,,,,,,,,,,,,,,,,,,,,,,,,,,,,,,,,,,,,,,,,,,,,,,,,,,,,,,,,,,,,,,,,,,,
,,,,,,,,,,,ADCB15516SG,1x6-16' Slate Gray Sq Edge - Harvest Azek PVC Decking,TIMBERTECH,-- No Unilog Brand --,-- No DIB Brand --,Parksite (6151),Parksite,TIMBERTECH,,ADCB15516SG,,Industrial Supplies>General,1x6-16' Slate Gray Sq Edge - Harvest Azek PVC Decking,,1x6-16' Slate Gray Sq Edge - Harvest Azek PVC Decking,,1x6-16' Slate Gray Sq Edge - Harvest Azek PVC Decking,,,,,,,,,,,,,,,,,,,,,,,,,,,1x6-16' Slate Gray Sq Edge - Harvest Azek PVC Decking,,,,,,,,,,,,,,,,,,,,,,,,,,,,,,,,,,,,,,,,,,,,,,,,,,,,,,,,,,,,,,,,,,,,,,,,,,,,,,,,,,,,,,,,,,,,,,,,,,,,,,,,,,,,,,,,,,,,,,,,,,,,,,,,,,,,,,,,,,,,,,,,,,,,,,,,,,,,,,,,,,,,,,,,,,,,,,,,,,,,,,,,,,,,,,,,,,,,,
,,,,,,,,,,,ADCB15520SG,1x6-20' Slate Gray Sq Edge - Harvest Azek PVC Decking,TIMBERTECH,-- No Unilog Brand --,-- No DIB Brand --,Parksite (6151),Parksite,TIMBERTECH,,ADCB15520SG,,Industrial Supplies>General,1x6-20' Slate Gray Sq Edge - Harvest Azek PVC Decking,,1x6-20' Slate Gray Sq Edge - Harvest Azek PVC Decking,,1x6-20' Slate Gray Sq Edge - Harvest Azek PVC Decking,,,,,,,,,,,,,,,,,,,,,,,,,,,1x6-20' Slate Gray Sq Edge - Harvest Azek PVC Decking,,,,,,,,,,,,,,,,,,,,,,,,,,,,,,,,,,,,,,,,,,,,,,,,,,,,,,,,,,,,,,,,,,,,,,,,,,,,,,,,,,,,,,,,,,,,,,,,,,,,,,,,,,,,,,,,,,,,,,,,,,,,,,,,,,,,,,,,,,,,,,,,,,,,,,,,,,,,,,,,,,,,,,,,,,,,,,,,,,,,,,,,,,,,,,,,,,,,,
,,,,,,,,,,,AGB15512BS,1x6-12' Brownstone Grooved - Harvest Azek PVC Decking,TIMBERTECH,-- No Unilog Brand --,-- No DIB Brand --,Parksite (6151),Parksite,TIMBERTECH,,AGB15512BS,,Industrial Supplies>General,1x6-12' Brownstone Grooved - Harvest Azek PVC Decking,,1x6-12' Brownstone Grooved - Harvest Azek PVC Decking,,1x6-12' Brownstone Grooved - Harvest Azek PVC Decking,,,,,,,,,,,,,,,,,,,,,,,,,,,1x6-12' Brownstone Grooved - Harvest Azek PVC Decking,,,,,,,,,,,,,,,,,,,,,,,,,,,,,,,,,,,,,,,,,,,,,,,,,,,,,,,,,,,,,,,,,,,,,,,,,,,,,,,,,,,,,,,,,,,,,,,,,,,,,,,,,,,,,,,,,,,,,,,,,,,,,,,,,,,,,,,,,,,,,,,,,,,,,,,,,,,,,,,,,,,,,,,,,,,,,,,,,,,,,,,,,,,,,,,,,,,,,
,,,,,,,,,,,AGB15516BS,1x6-16' Brownstone Grooved - Harvest Azek PVC Decking,TIMBERTECH,-- No Unilog Brand --,-- No DIB Brand --,Parksite (6151),Parksite,TIMBERTECH,,AGB15516BS,,Industrial Supplies>General,1x6-16' Brownstone Grooved - Harvest Azek PVC Decking,,1x6-16' Brownstone Grooved - Harvest Azek PVC Decking,,1x6-16' Brownstone Grooved - Harvest Azek PVC Decking,,,,,,,,,,,,,,,,,,,,,,,,,,,1x6-16' Brownstone Grooved - Harvest Azek PVC Decking,,,,,,,,,,,,,,,,,,,,,,,,,,,,,,,,,,,,,,,,,,,,,,,,,,,,,,,,,,,,,,,,,,,,,,,,,,,,,,,,,,,,,,,,,,,,,,,,,,,,,,,,,,,,,,,,,,,,,,,,,,,,,,,,,,,,,,,,,,,,,,,,,,,,,,,,,,,,,,,,,,,,,,,,,,,,,,,,,,,,,,,,,,,,,,,,,,,,,
,,,,,,,,,,,AGB15520BS,1x6-20' Brownstone Grooved - Harvest Azek PVC Decking,TIMBERTECH,-- No Unilog Brand --,-- No DIB Brand --,Parksite (6151),Parksite,TIMBERTECH,,AGB15520BS,,Industrial Supplies>General,1x6-20' Brownstone Grooved - Harvest Azek PVC Decking,,1x6-20' Brownstone Grooved - Harvest Azek PVC Decking,,1x6-20' Brownstone Grooved - Harvest Azek PVC Decking,,,,,,,,,,,,,,,,,,,,,,,,,,,1x6-20' Brownstone Grooved - Harvest Azek PVC Decking,,,,,,,,,,,,,,,,,,,,,,,,,,,,,,,,,,,,,,,,,,,,,,,,,,,,,,,,,,,,,,,,,,,,,,,,,,,,,,,,,,,,,,,,,,,,,,,,,,,,,,,,,,,,,,,,,,,,,,,,,,,,,,,,,,,,,,,,,,,,,,,,,,,,,,,,,,,,,,,,,,,,,,,,,,,,,,,,,,,,,,,,,,,,,,,,,,,,,
,,,,,,,,,,,AGB15512SG,1x6-12' Slate Gray Grooved - Harvest Azek PVC Decking,TIMBERTECH,-- No Unilog Brand --,-- No DIB Brand --,Parksite (6151),Parksite,TIMBERTECH,,AGB15512SG,,Industrial Supplies>General,1x6-12' Slate Gray Grooved - Harvest Azek PVC Decking,,1x6-12' Slate Gray Grooved - Harvest Azek PVC Decking,,1x6-12' Slate Gray Grooved - Harvest Azek PVC Decking,,,,,,,,,,,,,,,,,,,,,,,,,,,1x6-12' Slate Gray Grooved - Harvest Azek PVC Decking,,,,,,,,,,,,,,,,,,,,,,,,,,,,,,,,,,,,,,,,,,,,,,,,,,,,,,,,,,,,,,,,,,,,,,,,,,,,,,,,,,,,,,,,,,,,,,,,,,,,,,,,,,,,,,,,,,,,,,,,,,,,,,,,,,,,,,,,,,,,,,,,,,,,,,,,,,,,,,,,,,,,,,,,,,,,,,,,,,,,,,,,,,,,,,,,,,,,,
,,,,,,,,,,,AGB15516SG,1x6-16' Slate Gray Grooved - Harvest Azek PVC Decking,TIMBERTECH,-- No Unilog Brand --,-- No DIB Brand --,Parksite (6151),Parksite,TIMBERTECH,,AGB15516SG,,Industrial Supplies>General,1x6-16' Slate Gray Grooved - Harvest Azek PVC Decking,,1x6-16' Slate Gray Grooved - Harvest Azek PVC Decking,,1x6-16' Slate Gray Grooved - Harvest Azek PVC Decking,,,,,,,,,,,,,,,,,,,,,,,,,,,1x6-16' Slate Gray Grooved - Harvest Azek PVC Decking,,,,,,,,,,,,,,,,,,,,,,,,,,,,,,,,,,,,,,,,,,,,,,,,,,,,,,,,,,,,,,,,,,,,,,,,,,,,,,,,,,,,,,,,,,,,,,,,,,,,,,,,,,,,,,,,,,,,,,,,,,,,,,,,,,,,,,,,,,,,,,,,,,,,,,,,,,,,,,,,,,,,,,,,,,,,,,,,,,,,,,,,,,,,,,,,,,,,,
,,,,,,,,,,,AGB15520SG,1x6-20' Slate Gray Grooved - Harvest Azek PVC Decking,TIMBERTECH,-- No Unilog Brand --,-- No DIB Brand --,Parksite (6151),Parksite,TIMBERTECH,,AGB15520SG,,Industrial Supplies>General,1x6-20' Slate Gray Grooved - Harvest Azek PVC Decking,,1x6-20' Slate Gray Grooved - Harvest Azek PVC Decking,,1x6-20' Slate Gray Grooved - Harvest Azek PVC Decking,,,,,,,,,,,,,,,,,,,,,,,,,,,1x6-20' Slate Gray Grooved - Harvest Azek PVC Decking,,,,,,,,,,,,,,,,,,,,,,,,,,,,,,,,,,,,,,,,,,,,,,,,,,,,,,,,,,,,,,,,,,,,,,,,,,,,,,,,,,,,,,,,,,,,,,,,,,,,,,,,,,,,,,,,,,,,,,,,,,,,,,,,,,,,,,,,,,,,,,,,,,,,,,,,,,,,,,,,,,,,,,,,,,,,,,,,,,,,,,,,,,,,,,,,,,,,,
,,,,,,,,,,,543140016,1nx6-16' Biscayne Sq Edge - Trex Transcend Lineage Decking,TREX,-- No Unilog Brand --,-- No DIB Brand --,U S Lumber (3073),U S Lumber,TREX,,543140016,,Industrial Supplies>General,1nx6-16' Biscayne Sq Edge - Trex Transcend Lineage Decking,,1nx6-16' Biscayne Sq Edge - Trex Transcend Lineage Decking,,1nx6-16' Biscayne Sq Edge - Trex Transcend Lineage Decking,,,,,,,,,,,,,,,,,,,,,,,,,,,1nx6-16' Biscayne Sq Edge - Trex Transcend Lineage Decking,,,,,,,,,,,,,,,,,,,,,,,,,,,,,,,,,,,,,,,,,,,,,,,,,,,,,,,,,,,,,,,,,,,,,,,,,,,,,,,,,,,,,,,,,,,,,,,,,,,,,,,,,,,,,,,,,,,,,,,,,,,,,,,,,,,,,,,,,,,,,,,,,,,,,,,,,,,,,,,,,,,,,,,,,,,,,,,,,,,,,,,,,,,,,,,,,,,,,
,,,,,,,,,,,543140020,1nx6-20' Biscayne Sq Edge - Trex Transcend Lineage Decking,TREX,-- No Unilog Brand --,-- No DIB Brand --,U S Lumber (3073),U S Lumber,TREX,,543140020,,Industrial Supplies>General,1nx6-20' Biscayne Sq Edge - Trex Transcend Lineage Decking,,1nx6-20' Biscayne Sq Edge - Trex Transcend Lineage Decking,,1nx6-20' Biscayne Sq Edge - Trex Transcend Lineage Decking,,,,,,,,,,,,,,,,,,,,,,,,,,,1nx6-20' Biscayne Sq Edge - Trex Transcend Lineage Decking,,,,,,,,,,,,,,,,,,,,,,,,,,,,,,,,,,,,,,,,,,,,,,,,,,,,,,,,,,,,,,,,,,,,,,,,,,,,,,,,,,,,,,,,,,,,,,,,,,,,,,,,,,,,,,,,,,,,,,,,,,,,,,,,,,,,,,,,,,,,,,,,,,,,,,,,,,,,,,,,,,,,,,,,,,,,,,,,,,,,,,,,,,,,,,,,,,,,,
,,,,,,,,,,,543142016,1nx6-16' Carmel Sq Edge - Trex Transcend Lineage Decking,TREX,-- No Unilog Brand --,-- No DIB Brand --,U S Lumber (3073),U S Lumber,TREX,,543142016,,Industrial Supplies>General,1nx6-16' Carmel Sq Edge - Trex Transcend Lineage Decking,,1nx6-16' Carmel Sq Edge - Trex Transcend Lineage Decking,,1nx6-16' Carmel Sq Edge - Trex Transcend Lineage Decking,,,,,,,,,,,,,,,,,,,,,,,,,,,1nx6-16' Carmel Sq Edge - Trex Transcend Lineage Decking,,,,,,,,,,,,,,,,,,,,,,,,,,,,,,,,,,,,,,,,,,,,,,,,,,,,,,,,,,,,,,,,,,,,,,,,,,,,,,,,,,,,,,,,,,,,,,,,,,,,,,,,,,,,,,,,,,,,,,,,,,,,,,,,,,,,,,,,,,,,,,,,,,,,,,,,,,,,,,,,,,,,,,,,,,,,,,,,,,,,,,,,,,,,,,,,,,,,,
,,,,,,,,,,,543142020,1nx6-20' Carmel Sq Edge - Trex Transcend Lineage Decking,TREX,-- No Unilog Brand --,-- No DIB Brand --,U S Lumber (3073),U S Lumber,TREX,,543142020,,Industrial Supplies>General,1nx6-20' Carmel Sq Edge - Trex Transcend Lineage Decking,,1nx6-20' Carmel Sq Edge - Trex Transcend Lineage Decking,,1nx6-20' Carmel Sq Edge - Trex Transcend Lineage Decking,,,,,,,,,,,,,,,,,,,,,,,,,,,1nx6-20' Carmel Sq Edge - Trex Transcend Lineage Decking,,,,,,,,,,,,,,,,,,,,,,,,,,,,,,,,,,,,,,,,,,,,,,,,,,,,,,,,,,,,,,,,,,,,,,,,,,,,,,,,,,,,,,,,,,,,,,,,,,,,,,,,,,,,,,,,,,,,,,,,,,,,,,,,,,,,,,,,,,,,,,,,,,,,,,,,,,,,,,,,,,,,,,,,,,,,,,,,,,,,,,,,,,,,,,,,,,,,,
,,,,,,,,,,,543144016,1nx6-16' Island Mist Sq Edge - Trex Transcend Lineage Decking,TREX,-- No Unilog Brand --,-- No DIB Brand --,U S Lumber (3073),U S Lumber,TREX,,543144016,,Industrial Supplies>General,1nx6-16' Island Mist Sq Edge - Trex Transcend Lineage Decking,,1nx6-16' Island Mist Sq Edge - Trex Transcend Lineage Decking,,1nx6-16' Island Mist Sq Edge - Trex Transcend Lineage Decking,,,,,,,,,,,,,,,,,,,,,,,,,,,1nx6-16' Island Mist Sq Edge - Trex Transcend Lineage Decking,,,,,,,,,,,,,,,,,,,,,,,,,,,,,,,,,,,,,,,,,,,,,,,,,,,,,,,,,,,,,,,,,,,,,,,,,,,,,,,,,,,,,,,,,,,,,,,,,,,,,,,,,,,,,,,,,,,,,,,,,,,,,,,,,,,,,,,,,,,,,,,,,,,,,,,,,,,,,,,,,,,,,,,,,,,,,,,,,,,,,,,,,,,,,,,,,,,,,
,,,,,,,,,,,543144020,1nx6-20' Island Mist Sq Edge - Trex Transcend Lineage Decking,TREX,-- No Unilog Brand --,-- No DIB Brand --,U S Lumber (3073),U S Lumber,TREX,,543144020,,Industrial Supplies>General,1nx6-20' Island Mist Sq Edge - Trex Transcend Lineage Decking,,1nx6-20' Island Mist Sq Edge - Trex Transcend Lineage Decking,,1nx6-20' Island Mist Sq Edge - Trex Transcend Lineage Decking,,,,,,,,,,,,,,,,,,,,,,,,,,,1nx6-20' Island Mist Sq Edge - Trex Transcend Lineage Decking,,,,,,,,,,,,,,,,,,,,,,,,,,,,,,,,,,,,,,,,,,,,,,,,,,,,,,,,,,,,,,,,,,,,,,,,,,,,,,,,,,,,,,,,,,,,,,,,,,,,,,,,,,,,,,,,,,,,,,,,,,,,,,,,,,,,,,,,,,,,,,,,,,,,,,,,,,,,,,,,,,,,,,,,,,,,,,,,,,,,,,,,,,,,,,,,,,,,,
,,,,,,,,,,,543143016,1nx6-16' Jasper Sq Edge - Trex Transcend Lineage Decking,TREX,-- No Unilog Brand --,-- No DIB Brand --,U S Lumber (3073),U S Lumber,TREX,,543143016,,Industrial Supplies>General,1nx6-16' Jasper Sq Edge - Trex Transcend Lineage Decking,,1nx6-16' Jasper Sq Edge - Trex Transcend Lineage Decking,,1nx6-16' Jasper Sq Edge - Trex Transcend Lineage Decking,,,,,,,,,,,,,,,,,,,,,,,,,,,1nx6-16' Jasper Sq Edge - Trex Transcend Lineage Decking,,,,,,,,,,,,,,,,,,,,,,,,,,,,,,,,,,,,,,,,,,,,,,,,,,,,,,,,,,,,,,,,,,,,,,,,,,,,,,,,,,,,,,,,,,,,,,,,,,,,,,,,,,,,,,,,,,,,,,,,,,,,,,,,,,,,,,,,,,,,,,,,,,,,,,,,,,,,,,,,,,,,,,,,,,,,,,,,,,,,,,,,,,,,,,,,,,,,,
,,,,,,,,,,,543143020,1nx6-20' Jasper Sq Edge - Trex Transcend Lineage Decking,TREX,-- No Unilog Brand --,-- No DIB Brand --,U S Lumber (3073),U S Lumber,TREX,,543143020,,Industrial Supplies>General,1nx6-20' Jasper Sq Edge - Trex Transcend Lineage Decking,,1nx6-20' Jasper Sq Edge - Trex Transcend Lineage Decking,,1nx6-20' Jasper Sq Edge - Trex Transcend Lineage Decking,,,,,,,,,,,,,,,,,,,,,,,,,,,1nx6-20' Jasper Sq Edge - Trex Transcend Lineage Decking,,,,,,,,,,,,,,,,,,,,,,,,,,,,,,,,,,,,,,,,,,,,,,,,,,,,,,,,,,,,,,,,,,,,,,,,,,,,,,,,,,,,,,,,,,,,,,,,,,,,,,,,,,,,,,,,,,,,,,,,,,,,,,,,,,,,,,,,,,,,,,,,,,,,,,,,,,,,,,,,,,,,,,,,,,,,,,,,,,,,,,,,,,,,,,,,,,,,,
,,,,,,,,,,,543141016,1nx6-16' Rainier Sq Edge - Trex Transcend Lineage Decking,TREX,-- No Unilog Brand --,-- No DIB Brand --,U S Lumber (3073),U S Lumber,TREX,,543141016,,Industrial Supplies>General,1nx6-16' Rainier Sq Edge - Trex Transcend Lineage Decking,,1nx6-16' Rainier Sq Edge - Trex Transcend Lineage Decking,,1nx6-16' Rainier Sq Edge - Trex Transcend Lineage Decking,,,,,,,,,,,,,,,,,,,,,,,,,,,1nx6-16' Rainier Sq Edge - Trex Transcend Lineage Decking,,,,,,,,,,,,,,,,,,,,,,,,,,,,,,,,,,,,,,,,,,,,,,,,,,,,,,,,,,,,,,,,,,,,,,,,,,,,,,,,,,,,,,,,,,,,,,,,,,,,,,,,,,,,,,,,,,,,,,,,,,,,,,,,,,,,,,,,,,,,,,,,,,,,,,,,,,,,,,,,,,,,,,,,,,,,,,,,,,,,,,,,,,,,,,,,,,,,,
,,,,,,,,,,,543141020,1nx6-20' Rainier Sq Edge - Trex Transcend Lineage Decking,TREX,-- No Unilog Brand --,-- No DIB Brand --,U S Lumber (3073),U S Lumber,TREX,,543141020,,Industrial Supplies>General,1nx6-20' Rainier Sq Edge - Trex Transcend Lineage Decking,,1nx6-20' Rainier Sq Edge - Trex Transcend Lineage Decking,,1nx6-20' Rainier Sq Edge - Trex Transcend Lineage Decking,,,,,,,,,,,,,,,,,,,,,,,,,,,1nx6-20' Rainier Sq Edge - Trex Transcend Lineage Decking,,,,,,,,,,,,,,,,,,,,,,,,,,,,,,,,,,,,,,,,,,,,,,,,,,,,,,,,,,,,,,,,,,,,,,,,,,,,,,,,,,,,,,,,,,,,,,,,,,,,,,,,,,,,,,,,,,,,,,,,,,,,,,,,,,,,,,,,,,,,,,,,,,,,,,,,,,,,,,,,,,,,,,,,,,,,,,,,,,,,,,,,,,,,,,,,,,,,,
,,,,,,,,,,,543140412,1nx6-12' Biscayne Grooved - Trex Transcend Lineage Decking,TREX,-- No Unilog Brand --,-- No DIB Brand --,U S Lumber (3073),U S Lumber,TREX,,543140412,,Industrial Supplies>General,1nx6-12' Biscayne Grooved - Trex Transcend Lineage Decking,,1nx6-12' Biscayne Grooved - Trex Transcend Lineage Decking,,1nx6-12' Biscayne Grooved - Trex Transcend Lineage Decking,,,,,,,,,,,,,,,,,,,,,,,,,,,1nx6-12' Biscayne Grooved - Trex Transcend Lineage Decking,,,,,,,,,,,,,,,,,,,,,,,,,,,,,,,,,,,,,,,,,,,,,,,,,,,,,,,,,,,,,,,,,,,,,,,,,,,,,,,,,,,,,,,,,,,,,,,,,,,,,,,,,,,,,,,,,,,,,,,,,,,,,,,,,,,,,,,,,,,,,,,,,,,,,,,,,,,,,,,,,,,,,,,,,,,,,,,,,,,,,,,,,,,,,,,,,,,,,
,,,,,,,,,,,543140416,1nx6-16' Biscayne Grooved - Trex Transcend Lineage Decking,TREX,-- No Unilog Brand --,-- No DIB Brand --,U S Lumber (3073),U S Lumber,TREX,,543140416,,Industrial Supplies>General,1nx6-16' Biscayne Grooved - Trex Transcend Lineage Decking,,1nx6-16' Biscayne Grooved - Trex Transcend Lineage Decking,,1nx6-16' Biscayne Grooved - Trex Transcend Lineage Decking,,,,,,,,,,,,,,,,,,,,,,,,,,,1nx6-16' Biscayne Grooved - Trex Transcend Lineage Decking,,,,,,,,,,,,,,,,,,,,,,,,,,,,,,,,,,,,,,,,,,,,,,,,,,,,,,,,,,,,,,,,,,,,,,,,,,,,,,,,,,,,,,,,,,,,,,,,,,,,,,,,,,,,,,,,,,,,,,,,,,,,,,,,,,,,,,,,,,,,,,,,,,,,,,,,,,,,,,,,,,,,,,,,,,,,,,,,,,,,,,,,,,,,,,,,,,,,,
,,,,,,,,,,,543140420,1nx6-20' Biscayne Grooved - Trex Transcend Lineage Decking,TREX,-- No Unilog Brand --,-- No DIB Brand --,U S Lumber (3073),U S Lumber,TREX,,543140420,,Industrial Supplies>General,1nx6-20' Biscayne Grooved - Trex Transcend Lineage Decking,,1nx6-20' Biscayne Grooved - Trex Transcend Lineage Decking,,1nx6-20' Biscayne Grooved - Trex Transcend Lineage Decking,,,,,,,,,,,,,,,,,,,,,,,,,,,1nx6-20' Biscayne Grooved - Trex Transcend Lineage Decking,,,,,,,,,,,,,,,,,,,,,,,,,,,,,,,,,,,,,,,,,,,,,,,,,,,,,,,,,,,,,,,,,,,,,,,,,,,,,,,,,,,,,,,,,,,,,,,,,,,,,,,,,,,,,,,,,,,,,,,,,,,,,,,,,,,,,,,,,,,,,,,,,,,,,,,,,,,,,,,,,,,,,,,,,,,,,,,,,,,,,,,,,,,,,,,,,,,,,
,,,,,,,,,,,543142412,1nx6-12' Carmel Grooved - Trex Transcend Lineage Decking,TREX,-- No Unilog Brand --,-- No DIB Brand --,U S Lumber (3073),U S Lumber,TREX,,543142412,,Industrial Supplies>General,1nx6-12' Carmel Grooved - Trex Transcend Lineage Decking,,1nx6-12' Carmel Grooved - Trex Transcend Lineage Decking,,1nx6-12' Carmel Grooved - Trex Transcend Lineage Decking,,,,,,,,,,,,,,,,,,,,,,,,,,,1nx6-12' Carmel Grooved - Trex Transcend Lineage Decking,,,,,,,,,,,,,,,,,,,,,,,,,,,,,,,,,,,,,,,,,,,,,,,,,,,,,,,,,,,,,,,,,,,,,,,,,,,,,,,,,,,,,,,,,,,,,,,,,,,,,,,,,,,,,,,,,,,,,,,,,,,,,,,,,,,,,,,,,,,,,,,,,,,,,,,,,,,,,,,,,,,,,,,,,,,,,,,,,,,,,,,,,,,,,,,,,,,,,
,,,,,,,,,,,543142416,1nx6-16' Carmel Grooved - Trex Transcend Lineage Decking,TREX,-- No Unilog Brand --,-- No DIB Brand --,U S Lumber (3073),U S Lumber,TREX,,543142416,,Industrial Supplies>General,1nx6-16' Carmel Grooved - Trex Transcend Lineage Decking,,1nx6-16' Carmel Grooved - Trex Transcend Lineage Decking,,1nx6-16' Carmel Grooved - Trex Transcend Lineage Decking,,,,,,,,,,,,,,,,,,,,,,,,,,,1nx6-16' Carmel Grooved - Trex Transcend Lineage Decking,,,,,,,,,,,,,,,,,,,,,,,,,,,,,,,,,,,,,,,,,,,,,,,,,,,,,,,,,,,,,,,,,,,,,,,,,,,,,,,,,,,,,,,,,,,,,,,,,,,,,,,,,,,,,,,,,,,,,,,,,,,,,,,,,,,,,,,,,,,,,,,,,,,,,,,,,,,,,,,,,,,,,,,,,,,,,,,,,,,,,,,,,,,,,,,,,,,,,
,,,,,,,,,,,543142420,1nx6-20' Carmel Grooved - Trex Transcend Lineage Decking,TREX,-- No Unilog Brand --,-- No DIB Brand --,U S Lumber (3073),U S Lumber,TREX,,543142420,,Industrial Supplies>General,1nx6-20' Carmel Grooved - Trex Transcend Lineage Decking,,1nx6-20' Carmel Grooved - Trex Transcend Lineage Decking,,1nx6-20' Carmel Grooved - Trex Transcend Lineage Decking,,,,,,,,,,,,,,,,,,,,,,,,,,,1nx6-20' Carmel Grooved - Trex Transcend Lineage Decking,,,,,,,,,,,,,,,,,,,,,,,,,,,,,,,,,,,,,,,,,,,,,,,,,,,,,,,,,,,,,,,,,,,,,,,,,,,,,,,,,,,,,,,,,,,,,,,,,,,,,,,,,,,,,,,,,,,,,,,,,,,,,,,,,,,,,,,,,,,,,,,,,,,,,,,,,,,,,,,,,,,,,,,,,,,,,,,,,,,,,,,,,,,,,,,,,,,,,
,,,,,,,,,,,543144412,1nx6-12' Island Mist Grooved - Trex Transcend Lineage Decking,TREX,-- No Unilog Brand --,-- No DIB Brand --,U S Lumber (3073),U S Lumber,TREX,,543144412,,Industrial Supplies>General,1nx6-12' Island Mist Grooved - Trex Transcend Lineage Decking,,1nx6-12' Island Mist Grooved - Trex Transcend Lineage Decking,,1nx6-12' Island Mist Grooved - Trex Transcend Lineage Decking,,,,,,,,,,,,,,,,,,,,,,,,,,,1nx6-12' Island Mist Grooved - Trex Transcend Lineage Decking,,,,,,,,,,,,,,,,,,,,,,,,,,,,,,,,,,,,,,,,,,,,,,,,,,,,,,,,,,,,,,,,,,,,,,,,,,,,,,,,,,,,,,,,,,,,,,,,,,,,,,,,,,,,,,,,,,,,,,,,,,,,,,,,,,,,,,,,,,,,,,,,,,,,,,,,,,,,,,,,,,,,,,,,,,,,,,,,,,,,,,,,,,,,,,,,,,,,,
,,,,,,,,,,,543144416,1nx6-16' Island Mist Grooved - Trex Transcend Lineage Decking,TREX,-- No Unilog Brand --,-- No DIB Brand --,U S Lumber (3073),U S Lumber,TREX,,543144416,,Industrial Supplies>General,1nx6-16' Island Mist Grooved - Trex Transcend Lineage Decking,,1nx6-16' Island Mist Grooved - Trex Transcend Lineage Decking,,1nx6-16' Island Mist Grooved - Trex Transcend Lineage Decking,,,,,,,,,,,,,,,,,,,,,,,,,,,1nx6-16' Island Mist Grooved - Trex Transcend Lineage Decking,,,,,,,,,,,,,,,,,,,,,,,,,,,,,,,,,,,,,,,,,,,,,,,,,,,,,,,,,,,,,,,,,,,,,,,,,,,,,,,,,,,,,,,,,,,,,,,,,,,,,,,,,,,,,,,,,,,,,,,,,,,,,,,,,,,,,,,,,,,,,,,,,,,,,,,,,,,,,,,,,,,,,,,,,,,,,,,,,,,,,,,,,,,,,,,,,,,,,
,,,,,,,,,,,543144420,1nx6-20' Island Mist Grooved - Trex Transcend Lineage Decking,TREX,-- No Unilog Brand --,-- No DIB Brand --,U S Lumber (3073),U S Lumber,TREX,,543144420,,Industrial Supplies>General,1nx6-20' Island Mist Grooved - Trex Transcend Lineage Decking,,1nx6-20' Island Mist Grooved - Trex Transcend Lineage Decking,,1nx6-20' Island Mist Grooved - Trex Transcend Lineage Decking,,,,,,,,,,,,,,,,,,,,,,,,,,,1nx6-20' Island Mist Grooved - Trex Transcend Lineage Decking,,,,,,,,,,,,,,,,,,,,,,,,,,,,,,,,,,,,,,,,,,,,,,,,,,,,,,,,,,,,,,,,,,,,,,,,,,,,,,,,,,,,,,,,,,,,,,,,,,,,,,,,,,,,,,,,,,,,,,,,,,,,,,,,,,,,,,,,,,,,,,,,,,,,,,,,,,,,,,,,,,,,,,,,,,,,,,,,,,,,,,,,,,,,,,,,,,,,,
,,,,,,,,,,,543143412,1nx6-12' Jasper Grooved - Trex Transcend Lineage Decking,TREX,-- No Unilog Brand --,-- No DIB Brand --,U S Lumber (3073),U S Lumber,TREX,,543143412,,Industrial Supplies>General,1nx6-12' Jasper Grooved - Trex Transcend Lineage Decking,,1nx6-12' Jasper Grooved - Trex Transcend Lineage Decking,,1nx6-12' Jasper Grooved - Trex Transcend Lineage Decking,,,,,,,,,,,,,,,,,,,,,,,,,,,1nx6-12' Jasper Grooved - Trex Transcend Lineage Decking,,,,,,,,,,,,,,,,,,,,,,,,,,,,,,,,,,,,,,,,,,,,,,,,,,,,,,,,,,,,,,,,,,,,,,,,,,,,,,,,,,,,,,,,,,,,,,,,,,,,,,,,,,,,,,,,,,,,,,,,,,,,,,,,,,,,,,,,,,,,,,,,,,,,,,,,,,,,,,,,,,,,,,,,,,,,,,,,,,,,,,,,,,,,,,,,,,,,,
,,,,,,,,,,,543143416,1nx6-16' Jasper Grooved - Trex Transcend Lineage Decking,TREX,-- No Unilog Brand --,-- No DIB Brand --,U S Lumber (3073),U S Lumber,TREX,,543143416,,Industrial Supplies>General,1nx6-16' Jasper Grooved - Trex Transcend Lineage Decking,,1nx6-16' Jasper Grooved - Trex Transcend Lineage Decking,,1nx6-16' Jasper Grooved - Trex Transcend Lineage Decking,,,,,,,,,,,,,,,,,,,,,,,,,,,1nx6-16' Jasper Grooved - Trex Transcend Lineage Decking,,,,,,,,,,,,,,,,,,,,,,,,,,,,,,,,,,,,,,,,,,,,,,,,,,,,,,,,,,,,,,,,,,,,,,,,,,,,,,,,,,,,,,,,,,,,,,,,,,,,,,,,,,,,,,,,,,,,,,,,,,,,,,,,,,,,,,,,,,,,,,,,,,,,,,,,,,,,,,,,,,,,,,,,,,,,,,,,,,,,,,,,,,,,,,,,,,,,,
,,,,,,,,,,,543143420,1nx6-20' Jasper Grooved - Trex Transcend Lineage Decking,TREX,-- No Unilog Brand --,-- No DIB Brand --,U S Lumber (3073),U S Lumber,TREX,,543143420,,Industrial Supplies>General,1nx6-20' Jasper Grooved - Trex Transcend Lineage Decking,,1nx6-20' Jasper Grooved - Trex Transcend Lineage Decking,,1nx6-20' Jasper Grooved - Trex Transcend Lineage Decking,,,,,,,,,,,,,,,,,,,,,,,,,,,1nx6-20' Jasper Grooved - Trex Transcend Lineage Decking,,,,,,,,,,,,,,,,,,,,,,,,,,,,,,,,,,,,,,,,,,,,,,,,,,,,,,,,,,,,,,,,,,,,,,,,,,,,,,,,,,,,,,,,,,,,,,,,,,,,,,,,,,,,,,,,,,,,,,,,,,,,,,,,,,,,,,,,,,,,,,,,,,,,,,,,,,,,,,,,,,,,,,,,,,,,,,,,,,,,,,,,,,,,,,,,,,,,,
,,,,,,,,,,,543141412,1nx6-12' Rainier Grooved - Trex Transcend Lineage Decking,TREX,-- No Unilog Brand --,-- No DIB Brand --,U S Lumber (3073),U S Lumber,TREX,,543141412,,Industrial Supplies>General,1nx6-12' Rainier Grooved - Trex Transcend Lineage Decking,,1nx6-12' Rainier Grooved - Trex Transcend Lineage Decking,,1nx6-12' Rainier Grooved - Trex Transcend Lineage Decking,,,,,,,,,,,,,,,,,,,,,,,,,,,1nx6-12' Rainier Grooved - Trex Transcend Lineage Decking,,,,,,,,,,,,,,,,,,,,,,,,,,,,,,,,,,,,,,,,,,,,,,,,,,,,,,,,,,,,,,,,,,,,,,,,,,,,,,,,,,,,,,,,,,,,,,,,,,,,,,,,,,,,,,,,,,,,,,,,,,,,,,,,,,,,,,,,,,,,,,,,,,,,,,,,,,,,,,,,,,,,,,,,,,,,,,,,,,,,,,,,,,,,,,,,,,,,,
,,,,,,,,,,,543141416,1nx6-16' Rainier Grooved - Trex Transcend Lineage Decking,TREX,-- No Unilog Brand --,-- No DIB Brand --,U S Lumber (3073),U S Lumber,TREX,,543141416,,Industrial Supplies>General,1nx6-16' Rainier Grooved - Trex Transcend Lineage Decking,,1nx6-16' Rainier Grooved - Trex Transcend Lineage Decking,,1nx6-16' Rainier Grooved - Trex Transcend Lineage Decking,,,,,,,,,,,,,,,,,,,,,,,,,,,1nx6-16' Rainier Grooved - Trex Transcend Lineage Decking,,,,,,,,,,,,,,,,,,,,,,,,,,,,,,,,,,,,,,,,,,,,,,,,,,,,,,,,,,,,,,,,,,,,,,,,,,,,,,,,,,,,,,,,,,,,,,,,,,,,,,,,,,,,,,,,,,,,,,,,,,,,,,,,,,,,,,,,,,,,,,,,,,,,,,,,,,,,,,,,,,,,,,,,,,,,,,,,,,,,,,,,,,,,,,,,,,,,,
,,,,,,,,,,,543141420,1nx6-20' Rainier Grooved - Trex Transcend Lineage Decking,TREX,-- No Unilog Brand --,-- No DIB Brand --,U S Lumber (3073),U S Lumber,TREX,,543141420,,Industrial Supplies>General,1nx6-20' Rainier Grooved - Trex Transcend Lineage Decking,,1nx6-20' Rainier Grooved - Trex Transcend Lineage Decking,,1nx6-20' Rainier Grooved - Trex Transcend Lineage Decking,,,,,,,,,,,,,,,,,,,,,,,,,,,1nx6-20' Rainier Grooved - Trex Transcend Lineage Decking,,,,,,,,,,,,,,,,,,,,,,,,,,,,,,,,,,,,,,,,,,,,,,,,,,,,,,,,,,,,,,,,,,,,,,,,,,,,,,,,,,,,,,,,,,,,,,,,,,,,,,,,,,,,,,,,,,,,,,,,,,,,,,,,,,,,,,,,,,,,,,,,,,,,,,,,,,,,,,,,,,,,,,,,,,,,,,,,,,,,,,,,,,,,,,,,,,,,,
,,,,,,,,,,,1513703,1nx6-16' Hatteras Sq Edge - Trex Transcend Lineage Decking,TREX,-- No Unilog Brand --,-- No DIB Brand --,Boise Cascade Building Materials (BOICA),Boise Cascade Building Materials,TREX,,1513703,,Industrial Supplies>General,1nx6-16' Hatteras Sq Edge - Trex Transcend Lineage Decking,,1nx6-16' Hatteras Sq Edge - Trex Transcend Lineage Decking,,1nx6-16' Hatteras Sq Edge - Trex Transcend Lineage Decking,,,,,,,,,,,,,,,,,,,,,,,,,,,1nx6-16' Hatteras Sq Edge - Trex Transcend Lineage Decking,,,,,,,,,,,,,,,,,,,,,,,,,,,,,,,,,,,,,,,,,,,,,,,,,,,,,,,,,,,,,,,,,,,,,,,,,,,,,,,,,,,,,,,,,,,,,,,,,,,,,,,,,,,,,,,,,,,,,,,,,,,,,,,,,,,,,,,,,,,,,,,,,,,,,,,,,,,,,,,,,,,,,,,,,,,,,,,,,,,,,,,,,,,,,,,,,,,,,
,,,,,,,,,,,1513704,1nx6-20' Hatteras Sq Edge - Trex Transcend Lineage Decking,TREX,-- No Unilog Brand --,-- No DIB Brand --,Boise Cascade Building Materials (BOICA),Boise Cascade Building Materials,TREX,,1513704,,Industrial Supplies>General,1nx6-20' Hatteras Sq Edge - Trex Transcend Lineage Decking,,1nx6-20' Hatteras Sq Edge - Trex Transcend Lineage Decking,,1nx6-20' Hatteras Sq Edge - Trex Transcend Lineage Decking,,,,,,,,,,,,,,,,,,,,,,,,,,,1nx6-20' Hatteras Sq Edge - Trex Transcend Lineage Decking,,,,,,,,,,,,,,,,,,,,,,,,,,,,,,,,,,,,,,,,,,,,,,,,,,,,,,,,,,,,,,,,,,,,,,,,,,,,,,,,,,,,,,,,,,,,,,,,,,,,,,,,,,,,,,,,,,,,,,,,,,,,,,,,,,,,,,,,,,,,,,,,,,,,,,,,,,,,,,,,,,,,,,,,,,,,,,,,,,,,,,,,,,,,,,,,,,,,,
,,,,,,,,,,,1513705,1nx6-12' Hatteras Grooved - Trex Transcend Lineage Decking,TREX,-- No Unilog Brand --,-- No DIB Brand --,Boise Cascade Building Materials (BOICA),Boise Cascade Building Materials,TREX,,1513705,,Industrial Supplies>General,1nx6-12' Hatteras Grooved - Trex Transcend Lineage Decking,,1nx6-12' Hatteras Grooved - Trex Transcend Lineage Decking,,1nx6-12' Hatteras Grooved - Trex Transcend Lineage Decking,,,,,,,,,,,,,,,,,,,,,,,,,,,1nx6-12' Hatteras Grooved - Trex Transcend Lineage Decking,,,,,,,,,,,,,,,,,,,,,,,,,,,,,,,,,,,,,,,,,,,,,,,,,,,,,,,,,,,,,,,,,,,,,,,,,,,,,,,,,,,,,,,,,,,,,,,,,,,,,,,,,,,,,,,,,,,,,,,,,,,,,,,,,,,,,,,,,,,,,,,,,,,,,,,,,,,,,,,,,,,,,,,,,,,,,,,,,,,,,,,,,,,,,,,,,,,,,
,,,,,,,,,,,1513706,1nx6-16' Hatteras Grooved - Trex Transcend Lineage Decking,TREX,-- No Unilog Brand --,-- No DIB Brand --,Boise Cascade Building Materials (BOICA),Boise Cascade Building Materials,TREX,,1513706,,Industrial Supplies>General,1nx6-16' Hatteras Grooved - Trex Transcend Lineage Decking,,1nx6-16' Hatteras Grooved - Trex Transcend Lineage Decking,,1nx6-16' Hatteras Grooved - Trex Transcend Lineage Decking,,,,,,,,,,,,,,,,,,,,,,,,,,,1nx6-16' Hatteras Grooved - Trex Transcend Lineage Decking,,,,,,,,,,,,,,,,,,,,,,,,,,,,,,,,,,,,,,,,,,,,,,,,,,,,,,,,,,,,,,,,,,,,,,,,,,,,,,,,,,,,,,,,,,,,,,,,,,,,,,,,,,,,,,,,,,,,,,,,,,,,,,,,,,,,,,,,,,,,,,,,,,,,,,,,,,,,,,,,,,,,,,,,,,,,,,,,,,,,,,,,,,,,,,,,,,,,,
,,,,,,,,,,,1513707,1nx6-20' Hatteras Grooved - Trex Transcend Lineage Decking,TREX,-- No Unilog Brand --,-- No DIB Brand --,Boise Cascade Building Materials (BOICA),Boise Cascade Building Materials,TREX,,1513707,,Industrial Supplies>General,1nx6-20' Hatteras Grooved - Trex Transcend Lineage Decking,,1nx6-20' Hatteras Grooved - Trex Transcend Lineage Decking,,1nx6-20' Hatteras Grooved - Trex Transcend Lineage Decking,,,,,,,,,,,,,,,,,,,,,,,,,,,1nx6-20' Hatteras Grooved - Trex Transcend Lineage Decking,,,,,,,,,,,,,,,,,,,,,,,,,,,,,,,,,,,,,,,,,,,,,,,,,,,,,,,,,,,,,,,,,,,,,,,,,,,,,,,,,,,,,,,,,,,,,,,,,,,,,,,,,,,,,,,,,,,,,,,,,,,,,,,,,,,,,,,,,,,,,,,,,,,,,,,,,,,,,,,,,,,,,,,,,,,,,,,,,,,,,,,,,,,,,,,,,,,,,
,,,,,,,,,,,1513708,1nx6-16' Salt Flat Sq Edge - Trex Transcend Lineage Decking,TREX,-- No Unilog Brand --,-- No DIB Brand --,Boise Cascade Building Materials (BOICA),Boise Cascade Building Materials,TREX,,1513708,,Industrial Supplies>General,1nx6-16' Salt Flat Sq Edge - Trex Transcend Lineage Decking,,1nx6-16' Salt Flat Sq Edge - Trex Transcend Lineage Decking,,1nx6-16' Salt Flat Sq Edge - Trex Transcend Lineage Decking,,,,,,,,,,,,,,,,,,,,,,,,,,,1nx6-16' Salt Flat Sq Edge - Trex Transcend Lineage Decking,,,,,,,,,,,,,,,,,,,,,,,,,,,,,,,,,,,,,,,,,,,,,,,,,,,,,,,,,,,,,,,,,,,,,,,,,,,,,,,,,,,,,,,,,,,,,,,,,,,,,,,,,,,,,,,,,,,,,,,,,,,,,,,,,,,,,,,,,,,,,,,,,,,,,,,,,,,,,,,,,,,,,,,,,,,,,,,,,,,,,,,,,,,,,,,,,,,,,
,,,,,,,,,,,1513709,1nx6-20' Salt Flat Sq Edge - Trex Transcend Lineage Decking,TREX,-- No Unilog Brand --,-- No DIB Brand --,Boise Cascade Building Materials (BOICA),Boise Cascade Building Materials,TREX,,1513709,,Industrial Supplies>General,1nx6-20' Salt Flat Sq Edge - Trex Transcend Lineage Decking,,1nx6-20' Salt Flat Sq Edge - Trex Transcend Lineage Decking,,1nx6-20' Salt Flat Sq Edge - Trex Transcend Lineage Decking,,,,,,,,,,,,,,,,,,,,,,,,,,,1nx6-20' Salt Flat Sq Edge - Trex Transcend Lineage Decking,,,,,,,,,,,,,,,,,,,,,,,,,,,,,,,,,,,,,,,,,,,,,,,,,,,,,,,,,,,,,,,,,,,,,,,,,,,,,,,,,,,,,,,,,,,,,,,,,,,,,,,,,,,,,,,,,,,,,,,,,,,,,,,,,,,,,,,,,,,,,,,,,,,,,,,,,,,,,,,,,,,,,,,,,,,,,,,,,,,,,,,,,,,,,,,,,,,,,
,,,,,,,,,,,1513710,1nx6-12' Salt Flat Grooved - Trex Transcend Lineage Decking,TREX,-- No Unilog Brand --,-- No DIB Brand --,Boise Cascade Building Materials (BOICA),Boise Cascade Building Materials,TREX,,1513710,,Industrial Supplies>General,1nx6-12' Salt Flat Grooved - Trex Transcend Lineage Decking,,1nx6-12' Salt Flat Grooved - Trex Transcend Lineage Decking,,1nx6-12' Salt Flat Grooved - Trex Transcend Lineage Decking,,,,,,,,,,,,,,,,,,,,,,,,,,,1nx6-12' Salt Flat Grooved - Trex Transcend Lineage Decking,,,,,,,,,,,,,,,,,,,,,,,,,,,,,,,,,,,,,,,,,,,,,,,,,,,,,,,,,,,,,,,,,,,,,,,,,,,,,,,,,,,,,,,,,,,,,,,,,,,,,,,,,,,,,,,,,,,,,,,,,,,,,,,,,,,,,,,,,,,,,,,,,,,,,,,,,,,,,,,,,,,,,,,,,,,,,,,,,,,,,,,,,,,,,,,,,,,,,
,,,,,,,,,,,1513711,1nx6-16' Salt Flat Grooved - Trex Transcend Lineage Decking,TREX,-- No Unilog Brand --,-- No DIB Brand --,Boise Cascade Building Materials (BOICA),Boise Cascade Building Materials,TREX,,1513711,,Industrial Supplies>General,1nx6-16' Salt Flat Grooved - Trex Transcend Lineage Decking,,1nx6-16' Salt Flat Grooved - Trex Transcend Lineage Decking,,1nx6-16' Salt Flat Grooved - Trex Transcend Lineage Decking,,,,,,,,,,,,,,,,,,,,,,,,,,,1nx6-16' Salt Flat Grooved - Trex Transcend Lineage Decking,,,,,,,,,,,,,,,,,,,,,,,,,,,,,,,,,,,,,,,,,,,,,,,,,,,,,,,,,,,,,,,,,,,,,,,,,,,,,,,,,,,,,,,,,,,,,,,,,,,,,,,,,,,,,,,,,,,,,,,,,,,,,,,,,,,,,,,,,,,,,,,,,,,,,,,,,,,,,,,,,,,,,,,,,,,,,,,,,,,,,,,,,,,,,,,,,,,,,
,,,,,,,,,,,1513712,1nx6-20' Salt Flat Grooved - Trex Transcend Lineage Decking,TREX,-- No Unilog Brand --,-- No DIB Brand --,Boise Cascade Building Materials (BOICA),Boise Cascade Building Materials,TREX,,1513712,,Industrial Supplies>General,1nx6-20' Salt Flat Grooved - Trex Transcend Lineage Decking,,1nx6-20' Salt Flat Grooved - Trex Transcend Lineage Decking,,1nx6-20' Salt Flat Grooved - Trex Transcend Lineage Decking,,,,,,,,,,,,,,,,,,,,,,,,,,,1nx6-20' Salt Flat Grooved - Trex Transcend Lineage Decking,,,,,,,,,,,,,,,,,,,,,,,,,,,,,,,,,,,,,,,,,,,,,,,,,,,,,,,,,,,,,,,,,,,,,,,,,,,,,,,,,,,,,,,,,,,,,,,,,,,,,,,,,,,,,,,,,,,,,,,,,,,,,,,,,,,,,,,,,,,,,,,,,,,,,,,,,,,,,,,,,,,,,,,,,,,,,,,,,,,,,,,,,,,,,,,,,,,,,
,,,,,,,,,,,1513717,1nx6-16' Honey Grove Sq Edge - Trex Enhance Naturals Decking,TREX,-- No Unilog Brand --,-- No DIB Brand --,Boise Cascade Building Materials (BOICA),Boise Cascade Building Materials,TREX,,1513717,,Industrial Supplies>General,1nx6-16' Honey Grove Sq Edge - Trex Enhance Naturals Decking,,1nx6-16' Honey Grove Sq Edge - Trex Enhance Naturals Decking,,1nx6-16' Honey Grove Sq Edge - Trex Enhance Naturals Decking,,,,,,,,,,,,,,,,,,,,,,,,,,,1nx6-16' Honey Grove Sq Edge - Trex Enhance Naturals Decking,,,,,,,,,,,,,,,,,,,,,,,,,,,,,,,,,,,,,,,,,,,,,,,,,,,,,,,,,,,,,,,,,,,,,,,,,,,,,,,,,,,,,,,,,,,,,,,,,,,,,,,,,,,,,,,,,,,,,,,,,,,,,,,,,,,,,,,,,,,,,,,,,,,,,,,,,,,,,,,,,,,,,,,,,,,,,,,,,,,,,,,,,,,,,,,,,,,,,
,,,,,,,,,,,1513718,1nx6-20' Honey Grove Sq Edge - Trex Enhance Naturals Decking,TREX,-- No Unilog Brand --,-- No DIB Brand --,Boise Cascade Building Materials (BOICA),Boise Cascade Building Materials,TREX,,1513718,,Industrial Supplies>General,1nx6-20' Honey Grove Sq Edge - Trex Enhance Naturals Decking,,1nx6-20' Honey Grove Sq Edge - Trex Enhance Naturals Decking,,1nx6-20' Honey Grove Sq Edge - Trex Enhance Naturals Decking,,,,,,,,,,,,,,,,,,,,,,,,,,,1nx6-20' Honey Grove Sq Edge - Trex Enhance Naturals Decking,,,,,,,,,,,,,,,,,,,,,,,,,,,,,,,,,,,,,,,,,,,,,,,,,,,,,,,,,,,,,,,,,,,,,,,,,,,,,,,,,,,,,,,,,,,,,,,,,,,,,,,,,,,,,,,,,,,,,,,,,,,,,,,,,,,,,,,,,,,,,,,,,,,,,,,,,,,,,,,,,,,,,,,,,,,,,,,,,,,,,,,,,,,,,,,,,,,,,
,,,,,,,,,,,1513719,1nx6-12' Honey Grove Grooved - Trex Enhance Naturals Decking,TREX,-- No Unilog Brand --,-- No DIB Brand --,Boise Cascade Building Materials (BOICA),Boise Cascade Building Materials,TREX,,1513719,,Industrial Supplies>General,1nx6-12' Honey Grove Grooved - Trex Enhance Naturals Decking,,1nx6-12' Honey Grove Grooved - Trex Enhance Naturals Decking,,1nx6-12' Honey Grove Grooved - Trex Enhance Naturals Decking,,,,,,,,,,,,,,,,,,,,,,,,,,,1nx6-12' Honey Grove Grooved - Trex Enhance Naturals Decking,,,,,,,,,,,,,,,,,,,,,,,,,,,,,,,,,,,,,,,,,,,,,,,,,,,,,,,,,,,,,,,,,,,,,,,,,,,,,,,,,,,,,,,,,,,,,,,,,,,,,,,,,,,,,,,,,,,,,,,,,,,,,,,,,,,,,,,,,,,,,,,,,,,,,,,,,,,,,,,,,,,,,,,,,,,,,,,,,,,,,,,,,,,,,,,,,,,,,
,,,,,,,,,,,1513720,1nx6-16' Honey Grove Grooved - Trex Enhance Naturals Decking,TREX,-- No Unilog Brand --,-- No DIB Brand --,Boise Cascade Building Materials (BOICA),Boise Cascade Building Materials,TREX,,1513720,,Industrial Supplies>General,1nx6-16' Honey Grove Grooved - Trex Enhance Naturals Decking,,1nx6-16' Honey Grove Grooved - Trex Enhance Naturals Decking,,1nx6-16' Honey Grove Grooved - Trex Enhance Naturals Decking,,,,,,,,,,,,,,,,,,,,,,,,,,,1nx6-16' Honey Grove Grooved - Trex Enhance Naturals Decking,,,,,,,,,,,,,,,,,,,,,,,,,,,,,,,,,,,,,,,,,,,,,,,,,,,,,,,,,,,,,,,,,,,,,,,,,,,,,,,,,,,,,,,,,,,,,,,,,,,,,,,,,,,,,,,,,,,,,,,,,,,,,,,,,,,,,,,,,,,,,,,,,,,,,,,,,,,,,,,,,,,,,,,,,,,,,,,,,,,,,,,,,,,,,,,,,,,,,
,,,,,,,,,,,1513721,1nx6-20' Honey Grove Grooved - Trex Enhance Naturals Decking,TREX,-- No Unilog Brand --,-- No DIB Brand --,Boise Cascade Building Materials (BOICA),Boise Cascade Building Materials,TREX,,1513721,,Industrial Supplies>General,1nx6-20' Honey Grove Grooved - Trex Enhance Naturals Decking,,1nx6-20' Honey Grove Grooved - Trex Enhance Naturals Decking,,1nx6-20' Honey Grove Grooved - Trex Enhance Naturals Decking,,,,,,,,,,,,,,,,,,,,,,,,,,,1nx6-20' Honey Grove Grooved - Trex Enhance Naturals Decking,,,,,,,,,,,,,,,,,,,,,,,,,,,,,,,,,,,,,,,,,,,,,,,,,,,,,,,,,,,,,,,,,,,,,,,,,,,,,,,,,,,,,,,,,,,,,,,,,,,,,,,,,,,,,,,,,,,,,,,,,,,,,,,,,,,,,,,,,,,,,,,,,,,,,,,,,,,,,,,,,,,,,,,,,,,,,,,,,,,,,,,,,,,,,,,,,,,,,
,,,,,,,,,,,1513724,1nx6-16' Tide Pool Sq Edge - Trex Enhance Basics Decking,TREX,-- No Unilog Brand --,-- No DIB Brand --,Boise Cascade Building Materials (BOICA),Boise Cascade Building Materials,TREX,,1513724,,Industrial Supplies>General,1nx6-16' Tide Pool Sq Edge - Trex Enhance Basics Decking,,1nx6-16' Tide Pool Sq Edge - Trex Enhance Basics Decking,,1nx6-16' Tide Pool Sq Edge - Trex Enhance Basics Decking,,,,,,,,,,,,,,,,,,,,,,,,,,,1nx6-16' Tide Pool Sq Edge - Trex Enhance Basics Decking,,,,,,,,,,,,,,,,,,,,,,,,,,,,,,,,,,,,,,,,,,,,,,,,,,,,,,,,,,,,,,,,,,,,,,,,,,,,,,,,,,,,,,,,,,,,,,,,,,,,,,,,,,,,,,,,,,,,,,,,,,,,,,,,,,,,,,,,,,,,,,,,,,,,,,,,,,,,,,,,,,,,,,,,,,,,,,,,,,,,,,,,,,,,,,,,,,,,,
,,,,,,,,,,,1513725,1nx6-20' Tide Pool Sq Edge - Trex Enhance Basics Decking,TREX,-- No Unilog Brand --,-- No DIB Brand --,Boise Cascade Building Materials (BOICA),Boise Cascade Building Materials,TREX,,1513725,,Industrial Supplies>General,1nx6-20' Tide Pool Sq Edge - Trex Enhance Basics Decking,,1nx6-20' Tide Pool Sq Edge - Trex Enhance Basics Decking,,1nx6-20' Tide Pool Sq Edge - Trex Enhance Basics Decking,,,,,,,,,,,,,,,,,,,,,,,,,,,1nx6-20' Tide Pool Sq Edge - Trex Enhance Basics Decking,,,,,,,,,,,,,,,,,,,,,,,,,,,,,,,,,,,,,,,,,,,,,,,,,,,,,,,,,,,,,,,,,,,,,,,,,,,,,,,,,,,,,,,,,,,,,,,,,,,,,,,,,,,,,,,,,,,,,,,,,,,,,,,,,,,,,,,,,,,,,,,,,,,,,,,,,,,,,,,,,,,,,,,,,,,,,,,,,,,,,,,,,,,,,,,,,,,,,
,,,,,,,,,,,1513726,1nx6-12' Tide Pool Grooved - Trex Enhance Basics Decking,TREX,-- No Unilog Brand --,-- No DIB Brand --,Boise Cascade Building Materials (BOICA),Boise Cascade Building Materials,TREX,,1513726,,Industrial Supplies>General,1nx6-12' Tide Pool Grooved - Trex Enhance Basics Decking,,1nx6-12' Tide Pool Grooved - Trex Enhance Basics Decking,,1nx6-12' Tide Pool Grooved - Trex Enhance Basics Decking,,,,,,,,,,,,,,,,,,,,,,,,,,,1nx6-12' Tide Pool Grooved - Trex Enhance Basics Decking,,,,,,,,,,,,,,,,,,,,,,,,,,,,,,,,,,,,,,,,,,,,,,,,,,,,,,,,,,,,,,,,,,,,,,,,,,,,,,,,,,,,,,,,,,,,,,,,,,,,,,,,,,,,,,,,,,,,,,,,,,,,,,,,,,,,,,,,,,,,,,,,,,,,,,,,,,,,,,,,,,,,,,,,,,,,,,,,,,,,,,,,,,,,,,,,,,,,,
,,,,,,,,,,,1513727,1nx6-16' Tide Pool Grooved - Trex Enhance Basics Decking,TREX,-- No Unilog Brand --,-- No DIB Brand --,Boise Cascade Building Materials (BOICA),Boise Cascade Building Materials,TREX,,1513727,,Industrial Supplies>General,1nx6-16' Tide Pool Grooved - Trex Enhance Basics Decking,,1nx6-16' Tide Pool Grooved - Trex Enhance Basics Decking,,1nx6-16' Tide Pool Grooved - Trex Enhance Basics Decking,,,,,,,,,,,,,,,,,,,,,,,,,,,1nx6-16' Tide Pool Grooved - Trex Enhance Basics Decking,,,,,,,,,,,,,,,,,,,,,,,,,,,,,,,,,,,,,,,,,,,,,,,,,,,,,,,,,,,,,,,,,,,,,,,,,,,,,,,,,,,,,,,,,,,,,,,,,,,,,,,,,,,,,,,,,,,,,,,,,,,,,,,,,,,,,,,,,,,,,,,,,,,,,,,,,,,,,,,,,,,,,,,,,,,,,,,,,,,,,,,,,,,,,,,,,,,,,
,,,,,,,,,,,1513728,1nx6-20' Tide Pool Grooved - Trex Enhance Basics Decking,TREX,-- No Unilog Brand --,-- No DIB Brand --,Boise Cascade Building Materials (BOICA),Boise Cascade Building Materials,TREX,,1513728,,Industrial Supplies>General,1nx6-20' Tide Pool Grooved - Trex Enhance Basics Decking,,1nx6-20' Tide Pool Grooved - Trex Enhance Basics Decking,,1nx6-20' Tide Pool Grooved - Trex Enhance Basics Decking,,,,,,,,,,,,,,,,,,,,,,,,,,,1nx6-20' Tide Pool Grooved - Trex Enhance Basics Decking,,,,,,,,,,,,,,,,,,,,,,,,,,,,,,,,,,,,,,,,,,,,,,,,,,,,,,,,,,,,,,,,,,,,,,,,,,,,,,,,,,,,,,,,,,,,,,,,,,,,,,,,,,,,,,,,,,,,,,,,,,,,,,,,,,,,,,,,,,,,,,,,,,,,,,,,,,,,,,,,,,,,,,,,,,,,,,,,,,,,,,,,,,,,,,,,,,,,,
,,,,,,,,,,,543076016,1nx6-16' Cinnamon Cove Sq Edge - Trex Enhance Naturals Decking,TREX,-- No Unilog Brand --,-- No DIB Brand --,Boise Cascade Building Materials (BOICA),Boise Cascade Building Materials,TREX,,543076016,,Industrial Supplies>General,1nx6-16' Cinnamon Cove Sq Edge - Trex Enhance Naturals Decking,,1nx6-16' Cinnamon Cove Sq Edge - Trex Enhance Naturals Decking,,1nx6-16' Cinnamon Cove Sq Edge - Trex Enhance Naturals Decking,,,,,,,,,,,,,,,,,,,,,,,,,,,1nx6-16' Cinnamon Cove Sq Edge - Trex Enhance Naturals Decking,,,,,,,,,,,,,,,,,,,,,,,,,,,,,,,,,,,,,,,,,,,,,,,,,,,,,,,,,,,,,,,,,,,,,,,,,,,,,,,,,,,,,,,,,,,,,,,,,,,,,,,,,,,,,,,,,,,,,,,,,,,,,,,,,,,,,,,,,,,,,,,,,,,,,,,,,,,,,,,,,,,,,,,,,,,,,,,,,,,,,,,,,,,,,,,,,,,,,
,,,,,,,,,,,543076020,1nx6-20' Cinnamon Cove Sq Edge - Trex Enhance Naturals Decking,TREX,-- No Unilog Brand --,-- No DIB Brand --,Boise Cascade Building Materials (BOICA),Boise Cascade Building Materials,TREX,,543076020,,Industrial Supplies>General,1nx6-20' Cinnamon Cove Sq Edge - Trex Enhance Naturals Decking,,1nx6-20' Cinnamon Cove Sq Edge - Trex Enhance Naturals Decking,,1nx6-20' Cinnamon Cove Sq Edge - Trex Enhance Naturals Decking,,,,,,,,,,,,,,,,,,,,,,,,,,,1nx6-20' Cinnamon Cove Sq Edge - Trex Enhance Naturals Decking,,,,,,,,,,,,,,,,,,,,,,,,,,,,,,,,,,,,,,,,,,,,,,,,,,,,,,,,,,,,,,,,,,,,,,,,,,,,,,,,,,,,,,,,,,,,,,,,,,,,,,,,,,,,,,,,,,,,,,,,,,,,,,,,,,,,,,,,,,,,,,,,,,,,,,,,,,,,,,,,,,,,,,,,,,,,,,,,,,,,,,,,,,,,,,,,,,,,,
,,,,,,,,,,,543076412,1nx6-12' Cinnamon Cove Grooved - Trex Enhance Naturals Decking,TREX,-- No Unilog Brand --,-- No DIB Brand --,Boise Cascade Building Materials (BOICA),Boise Cascade Building Materials,TREX,,543076412,,Industrial Supplies>General,1nx6-12' Cinnamon Cove Grooved - Trex Enhance Naturals Decking,,1nx6-12' Cinnamon Cove Grooved - Trex Enhance Naturals Decking,,1nx6-12' Cinnamon Cove Grooved - Trex Enhance Naturals Decking,,,,,,,,,,,,,,,,,,,,,,,,,,,1nx6-12' Cinnamon Cove Grooved - Trex Enhance Naturals Decking,,,,,,,,,,,,,,,,,,,,,,,,,,,,,,,,,,,,,,,,,,,,,,,,,,,,,,,,,,,,,,,,,,,,,,,,,,,,,,,,,,,,,,,,,,,,,,,,,,,,,,,,,,,,,,,,,,,,,,,,,,,,,,,,,,,,,,,,,,,,,,,,,,,,,,,,,,,,,,,,,,,,,,,,,,,,,,,,,,,,,,,,,,,,,,,,,,,,,
,,,,,,,,,,,543076416,1nx6-16' Cinnamon Cove Grooved - Trex Enhance Naturals Decking,TREX,-- No Unilog Brand --,-- No DIB Brand --,Boise Cascade Building Materials (BOICA),Boise Cascade Building Materials,TREX,,543076416,,Industrial Supplies>General,1nx6-16' Cinnamon Cove Grooved - Trex Enhance Naturals Decking,,1nx6-16' Cinnamon Cove Grooved - Trex Enhance Naturals Decking,,1nx6-16' Cinnamon Cove Grooved - Trex Enhance Naturals Decking,,,,,,,,,,,,,,,,,,,,,,,,,,,1nx6-16' Cinnamon Cove Grooved - Trex Enhance Naturals Decking,,,,,,,,,,,,,,,,,,,,,,,,,,,,,,,,,,,,,,,,,,,,,,,,,,,,,,,,,,,,,,,,,,,,,,,,,,,,,,,,,,,,,,,,,,,,,,,,,,,,,,,,,,,,,,,,,,,,,,,,,,,,,,,,,,,,,,,,,,,,,,,,,,,,,,,,,,,,,,,,,,,,,,,,,,,,,,,,,,,,,,,,,,,,,,,,,,,,,
,,,,,,,,,,,543076420,1nx6-20' Cinnamon Cove Grooved - Trex Enhance Naturals Decking,TREX,-- No Unilog Brand --,-- No DIB Brand --,Boise Cascade Building Materials (BOICA),Boise Cascade Building Materials,TREX,,543076420,,Industrial Supplies>General,1nx6-20' Cinnamon Cove Grooved - Trex Enhance Naturals Decking,,1nx6-20' Cinnamon Cove Grooved - Trex Enhance Naturals Decking,,1nx6-20' Cinnamon Cove Grooved - Trex Enhance Naturals Decking,,,,,,,,,,,,,,,,,,,,,,,,,,,1nx6-20' Cinnamon Cove Grooved - Trex Enhance Naturals Decking,,,,,,,,,,,,,,,,,,,,,,,,,,,,,,,,,,,,,,,,,,,,,,,,,,,,,,,,,,,,,,,,,,,,,,,,,,,,,,,,,,,,,,,,,,,,,,,,,,,,,,,,,,,,,,,,,,,,,,,,,,,,,,,,,,,,,,,,,,,,,,,,,,,,,,,,,,,,,,,,,,,,,,,,,,,,,,,,,,,,,,,,,,,,,,,,,,,,,
,,,,,,,,,,,1516870,1nx6-16' Golden Hour Sq Edge - Trex Enhance Naturals Decking,TREX,-- No Unilog Brand --,-- No DIB Brand --,Boise Cascade Building Materials (BOICA),Boise Cascade Building Materials,TREX,,1516870,,Industrial Supplies>General,1nx6-16' Golden Hour Sq Edge - Trex Enhance Naturals Decking,,1nx6-16' Golden Hour Sq Edge - Trex Enhance Naturals Decking,,1nx6-16' Golden Hour Sq Edge - Trex Enhance Naturals Decking,,,,,,,,,,,,,,,,,,,,,,,,,,,1nx6-16' Golden Hour Sq Edge - Trex Enhance Naturals Decking,,,,,,,,,,,,,,,,,,,,,,,,,,,,,,,,,,,,,,,,,,,,,,,,,,,,,,,,,,,,,,,,,,,,,,,,,,,,,,,,,,,,,,,,,,,,,,,,,,,,,,,,,,,,,,,,,,,,,,,,,,,,,,,,,,,,,,,,,,,,,,,,,,,,,,,,,,,,,,,,,,,,,,,,,,,,,,,,,,,,,,,,,,,,,,,,,,,,,
,,,,,,,,,,,1516871,1nx6-20' Golden Hour Sq Edge - Trex Enhance Naturals Decking,TREX,-- No Unilog Brand --,-- No DIB Brand --,Boise Cascade Building Materials (BOICA),Boise Cascade Building Materials,TREX,,1516871,,Industrial Supplies>General,1nx6-20' Golden Hour Sq Edge - Trex Enhance Naturals Decking,,1nx6-20' Golden Hour Sq Edge - Trex Enhance Naturals Decking,,1nx6-20' Golden Hour Sq Edge - Trex Enhance Naturals Decking,,,,,,,,,,,,,,,,,,,,,,,,,,,1nx6-20' Golden Hour Sq Edge - Trex Enhance Naturals Decking,,,,,,,,,,,,,,,,,,,,,,,,,,,,,,,,,,,,,,,,,,,,,,,,,,,,,,,,,,,,,,,,,,,,,,,,,,,,,,,,,,,,,,,,,,,,,,,,,,,,,,,,,,,,,,,,,,,,,,,,,,,,,,,,,,,,,,,,,,,,,,,,,,,,,,,,,,,,,,,,,,,,,,,,,,,,,,,,,,,,,,,,,,,,,,,,,,,,,
,,,,,,,,,,,1516872,1nx6-12' Golden Hour Grooved - Trex Enhance Naturals Decking,TREX,-- No Unilog Brand --,-- No DIB Brand --,Boise Cascade Building Materials (BOICA),Boise Cascade Building Materials,TREX,,1516872,,Industrial Supplies>General,1nx6-12' Golden Hour Grooved - Trex Enhance Naturals Decking,,1nx6-12' Golden Hour Grooved - Trex Enhance Naturals Decking,,1nx6-12' Golden Hour Grooved - Trex Enhance Naturals Decking,,,,,,,,,,,,,,,,,,,,,,,,,,,1nx6-12' Golden Hour Grooved - Trex Enhance Naturals Decking,,,,,,,,,,,,,,,,,,,,,,,,,,,,,,,,,,,,,,,,,,,,,,,,,,,,,,,,,,,,,,,,,,,,,,,,,,,,,,,,,,,,,,,,,,,,,,,,,,,,,,,,,,,,,,,,,,,,,,,,,,,,,,,,,,,,,,,,,,,,,,,,,,,,,,,,,,,,,,,,,,,,,,,,,,,,,,,,,,,,,,,,,,,,,,,,,,,,,
,,,,,,,,,,,1516873,1nx6-16' Golden Hour Grooved - Trex Enhance Naturals Decking,TREX,-- No Unilog Brand --,-- No DIB Brand --,Boise Cascade Building Materials (BOICA),Boise Cascade Building Materials,TREX,,1516873,,Industrial Supplies>General,1nx6-16' Golden Hour Grooved - Trex Enhance Naturals Decking,,1nx6-16' Golden Hour Grooved - Trex Enhance Naturals Decking,,1nx6-16' Golden Hour Grooved - Trex Enhance Naturals Decking,,,,,,,,,,,,,,,,,,,,,,,,,,,1nx6-16' Golden Hour Grooved - Trex Enhance Naturals Decking,,,,,,,,,,,,,,,,,,,,,,,,,,,,,,,,,,,,,,,,,,,,,,,,,,,,,,,,,,,,,,,,,,,,,,,,,,,,,,,,,,,,,,,,,,,,,,,,,,,,,,,,,,,,,,,,,,,,,,,,,,,,,,,,,,,,,,,,,,,,,,,,,,,,,,,,,,,,,,,,,,,,,,,,,,,,,,,,,,,,,,,,,,,,,,,,,,,,,
,,,,,,,,,,,1516874,1nx6-20' Golden Hour Grooved - Trex Enhance Naturals Decking,TREX,-- No Unilog Brand --,-- No DIB Brand --,Boise Cascade Building Materials (BOICA),Boise Cascade Building Materials,TREX,,1516874,,Industrial Supplies>General,1nx6-20' Golden Hour Grooved - Trex Enhance Naturals Decking,,1nx6-20' Golden Hour Grooved - Trex Enhance Naturals Decking,,1nx6-20' Golden Hour Grooved - Trex Enhance Naturals Decking,,,,,,,,,,,,,,,,,,,,,,,,,,,1nx6-20' Golden Hour Grooved - Trex Enhance Naturals Decking,,,,,,,,,,,,,,,,,,,,,,,,,,,,,,,,,,,,,,,,,,,,,,,,,,,,,,,,,,,,,,,,,,,,,,,,,,,,,,,,,,,,,,,,,,,,,,,,,,,,,,,,,,,,,,,,,,,,,,,,,,,,,,,,,,,,,,,,,,,,,,,,,,,,,,,,,,,,,,,,,,,,,,,,,,,,,,,,,,,,,,,,,,,,,,,,,,,,,
,,,,,,,,,,,1516879,1nx6-16' Pebble Beach Sq Edge - Trex Enhance Basics Decking,TREX,-- No Unilog Brand --,-- No DIB Brand --,Boise Cascade Building Materials (BOICA),Boise Cascade Building Materials,TREX,,1516879,,Industrial Supplies>General,1nx6-16' Pebble Beach Sq Edge - Trex Enhance Basics Decking,,1nx6-16' Pebble Beach Sq Edge - Trex Enhance Basics Decking,,1nx6-16' Pebble Beach Sq Edge - Trex Enhance Basics Decking,,,,,,,,,,,,,,,,,,,,,,,,,,,1nx6-16' Pebble Beach Sq Edge - Trex Enhance Basics Decking,,,,,,,,,,,,,,,,,,,,,,,,,,,,,,,,,,,,,,,,,,,,,,,,,,,,,,,,,,,,,,,,,,,,,,,,,,,,,,,,,,,,,,,,,,,,,,,,,,,,,,,,,,,,,,,,,,,,,,,,,,,,,,,,,,,,,,,,,,,,,,,,,,,,,,,,,,,,,,,,,,,,,,,,,,,,,,,,,,,,,,,,,,,,,,,,,,,,,
,,,,,,,,,,,1516880,1nx6-20' Pebble Beach Sq Edge - Trex Enhance Basics Decking,TREX,-- No Unilog Brand --,-- No DIB Brand --,Boise Cascade Building Materials (BOICA),Boise Cascade Building Materials,TREX,,1516880,,Industrial Supplies>General,1nx6-20' Pebble Beach Sq Edge - Trex Enhance Basics Decking,,1nx6-20' Pebble Beach Sq Edge - Trex Enhance Basics Decking,,1nx6-20' Pebble Beach Sq Edge - Trex Enhance Basics Decking,,,,,,,,,,,,,,,,,,,,,,,,,,,1nx6-20' Pebble Beach Sq Edge - Trex Enhance Basics Decking,,,,,,,,,,,,,,,,,,,,,,,,,,,,,,,,,,,,,,,,,,,,,,,,,,,,,,,,,,,,,,,,,,,,,,,,,,,,,,,,,,,,,,,,,,,,,,,,,,,,,,,,,,,,,,,,,,,,,,,,,,,,,,,,,,,,,,,,,,,,,,,,,,,,,,,,,,,,,,,,,,,,,,,,,,,,,,,,,,,,,,,,,,,,,,,,,,,,,
,,,,,,,,,,,1516881,1nx6-12' Pebble Beach Grooved - Trex Enhance Basics Decking,TREX,-- No Unilog Brand --,-- No DIB Brand --,Boise Cascade Building Materials (BOICA),Boise Cascade Building Materials,TREX,,1516881,,Industrial Supplies>General,1nx6-12' Pebble Beach Grooved - Trex Enhance Basics Decking,,1nx6-12' Pebble Beach Grooved - Trex Enhance Basics Decking,,1nx6-12' Pebble Beach Grooved - Trex Enhance Basics Decking,,,,,,,,,,,,,,,,,,,,,,,,,,,1nx6-12' Pebble Beach Grooved - Trex Enhance Basics Decking,,,,,,,,,,,,,,,,,,,,,,,,,,,,,,,,,,,,,,,,,,,,,,,,,,,,,,,,,,,,,,,,,,,,,,,,,,,,,,,,,,,,,,,,,,,,,,,,,,,,,,,,,,,,,,,,,,,,,,,,,,,,,,,,,,,,,,,,,,,,,,,,,,,,,,,,,,,,,,,,,,,,,,,,,,,,,,,,,,,,,,,,,,,,,,,,,,,,,
,,,,,,,,,,,1516882,1nx6-16' Pebble Beach Grooved - Trex Enhance Basics Decking,TREX,-- No Unilog Brand --,-- No DIB Brand --,Boise Cascade Building Materials (BOICA),Boise Cascade Building Materials,TREX,,1516882,,Industrial Supplies>General,1nx6-16' Pebble Beach Grooved - Trex Enhance Basics Decking,,1nx6-16' Pebble Beach Grooved - Trex Enhance Basics Decking,,1nx6-16' Pebble Beach Grooved - Trex Enhance Basics Decking,,,,,,,,,,,,,,,,,,,,,,,,,,,1nx6-16' Pebble Beach Grooved - Trex Enhance Basics Decking,,,,,,,,,,,,,,,,,,,,,,,,,,,,,,,,,,,,,,,,,,,,,,,,,,,,,,,,,,,,,,,,,,,,,,,,,,,,,,,,,,,,,,,,,,,,,,,,,,,,,,,,,,,,,,,,,,,,,,,,,,,,,,,,,,,,,,,,,,,,,,,,,,,,,,,,,,,,,,,,,,,,,,,,,,,,,,,,,,,,,,,,,,,,,,,,,,,,,
,,,,,,,,,,,1516883,1nx6-20' Pebble Beach Grooved - Trex Enhance Basics Decking,TREX,-- No Unilog Brand --,-- No DIB Brand --,Boise Cascade Building Materials (BOICA),Boise Cascade Building Materials,TREX,,1516883,,Industrial Supplies>General,1nx6-20' Pebble Beach Grooved - Trex Enhance Basics Decking,,1nx6-20' Pebble Beach Grooved - Trex Enhance Basics Decking,,1nx6-20' Pebble Beach Grooved - Trex Enhance Basics Decking,,,,,,,,,,,,,,,,,,,,,,,,,,,1nx6-20' Pebble Beach Grooved - Trex Enhance Basics Decking,,,,,,,,,,,,,,,,,,,,,,,,,,,,,,,,,,,,,,,,,,,,,,,,,,,,,,,,,,,,,,,,,,,,,,,,,,,,,,,,,,,,,,,,,,,,,,,,,,,,,,,,,,,,,,,,,,,,,,,,,,,,,,,,,,,,,,,,,,,,,,,,,,,,,,,,,,,,,,,,,,,,,,,,,,,,,,,,,,,,,,,,,,,,,,,,,,,,,
,,,,,,,,,,,543005016,7/8nx6-16' Malted Barley Sq Edge - Trex Select 2.0 Decking,TREX,-- No Unilog Brand --,-- No DIB Brand --,Boise Cascade Building Materials (BOICA),Boise Cascade Building Materials,TREX,,543005016,,Industrial Supplies>General,7/8nx6-16' Malted Barley Sq Edge - Trex Select 2.0 Decking,,7/8nx6-16' Malted Barley Sq Edge - Trex Select 2.0 Decking,,7/8nx6-16' Malted Barley Sq Edge - Trex Select 2.0 Decking,,,,,,,,,,,,,,,,,,,,,,,,,,,7/8nx6-16' Malted Barley Sq Edge - Trex Select 2.0 Decking,,,,,,,,,,,,,,,,,,,,,,,,,,,,,,,,,,,,,,,,,,,,,,,,,,,,,,,,,,,,,,,,,,,,,,,,,,,,,,,,,,,,,,,,,,,,,,,,,,,,,,,,,,,,,,,,,,,,,,,,,,,,,,,,,,,,,,,,,,,,,,,,,,,,,,,,,,,,,,,,,,,,,,,,,,,,,,,,,,,,,,,,,,,,,,,,,,,,,
,,,,,,,,,,,543005020,7/8nx6-20' Malted Barley Sq Edge - Trex Select 2.0 Decking,TREX,-- No Unilog Brand --,-- No DIB Brand --,Boise Cascade Building Materials (BOICA),Boise Cascade Building Materials,TREX,,543005020,,Industrial Supplies>General,7/8nx6-20' Malted Barley Sq Edge - Trex Select 2.0 Decking,,7/8nx6-20' Malted Barley Sq Edge - Trex Select 2.0 Decking,,7/8nx6-20' Malted Barley Sq Edge - Trex Select 2.0 Decking,,,,,,,,,,,,,,,,,,,,,,,,,,,7/8nx6-20' Malted Barley Sq Edge - Trex Select 2.0 Decking,,,,,,,,,,,,,,,,,,,,,,,,,,,,,,,,,,,,,,,,,,,,,,,,,,,,,,,,,,,,,,,,,,,,,,,,,,,,,,,,,,,,,,,,,,,,,,,,,,,,,,,,,,,,,,,,,,,,,,,,,,,,,,,,,,,,,,,,,,,,,,,,,,,,,,,,,,,,,,,,,,,,,,,,,,,,,,,,,,,,,,,,,,,,,,,,,,,,,
,,,,,,,,,,,543005412,7/8nx6-12' Malted Barley Grooved - Trex Select 2.0 Decking,TREX,-- No Unilog Brand --,-- No DIB Brand --,Boise Cascade Building Materials (BOICA),Boise Cascade Building Materials,TREX,,543005412,,Industrial Supplies>General,7/8nx6-12' Malted Barley Grooved - Trex Select 2.0 Decking,,7/8nx6-12' Malted Barley Grooved - Trex Select 2.0 Decking,,7/8nx6-12' Malted Barley Grooved - Trex Select 2.0 Decking,,,,,,,,,,,,,,,,,,,,,,,,,,,7/8nx6-12' Malted Barley Grooved - Trex Select 2.0 Decking,,,,,,,,,,,,,,,,,,,,,,,,,,,,,,,,,,,,,,,,,,,,,,,,,,,,,,,,,,,,,,,,,,,,,,,,,,,,,,,,,,,,,,,,,,,,,,,,,,,,,,,,,,,,,,,,,,,,,,,,,,,,,,,,,,,,,,,,,,,,,,,,,,,,,,,,,,,,,,,,,,,,,,,,,,,,,,,,,,,,,,,,,,,,,,,,,,,,,
,,,,,,,,,,,543005416,7/8nx6-16' Malted Barley Grooved - Trex Select 2.0 Decking,TREX,-- No Unilog Brand --,-- No DIB Brand --,Boise Cascade Building Materials (BOICA),Boise Cascade Building Materials,TREX,,543005416,,Industrial Supplies>General,7/8nx6-16' Malted Barley Grooved - Trex Select 2.0 Decking,,7/8nx6-16' Malted Barley Grooved - Trex Select 2.0 Decking,,7/8nx6-16' Malted Barley Grooved - Trex Select 2.0 Decking,,,,,,,,,,,,,,,,,,,,,,,,,,,7/8nx6-16' Malted Barley Grooved - Trex Select 2.0 Decking,,,,,,,,,,,,,,,,,,,,,,,,,,,,,,,,,,,,,,,,,,,,,,,,,,,,,,,,,,,,,,,,,,,,,,,,,,,,,,,,,,,,,,,,,,,,,,,,,,,,,,,,,,,,,,,,,,,,,,,,,,,,,,,,,,,,,,,,,,,,,,,,,,,,,,,,,,,,,,,,,,,,,,,,,,,,,,,,,,,,,,,,,,,,,,,,,,,,,
,,,,,,,,,,,543005420,7/8nx6-20' Malted Barley Grooved - Trex Select 2.0 Decking,TREX,-- No Unilog Brand --,-- No DIB Brand --,Boise Cascade Building Materials (BOICA),Boise Cascade Building Materials,TREX,,543005420,,Industrial Supplies>General,7/8nx6-20' Malted Barley Grooved - Trex Select 2.0 Decking,,7/8nx6-20' Malted Barley Grooved - Trex Select 2.0 Decking,,7/8nx6-20' Malted Barley Grooved - Trex Select 2.0 Decking,,,,,,,,,,,,,,,,,,,,,,,,,,,7/8nx6-20' Malted Barley Grooved - Trex Select 2.0 Decking,,,,,,,,,,,,,,,,,,,,,,,,,,,,,,,,,,,,,,,,,,,,,,,,,,,,,,,,,,,,,,,,,,,,,,,,,,,,,,,,,,,,,,,,,,,,,,,,,,,,,,,,,,,,,,,,,,,,,,,,,,,,,,,,,,,,,,,,,,,,,,,,,,,,,,,,,,,,,,,,,,,,,,,,,,,,,,,,,,,,,,,,,,,,,,,,,,,,,
,,,,,,,,,,,1516891,7/8nx6-16' Millstone Sq Edge - Trex Select 2.0 Decking,TREX,-- No Unilog Brand --,-- No DIB Brand --,Boise Cascade Building Materials (BOICA),Boise Cascade Building Materials,TREX,,1516891,,Industrial Supplies>General,7/8nx6-16' Millstone Sq Edge - Trex Select 2.0 Decking,,7/8nx6-16' Millstone Sq Edge - Trex Select 2.0 Decking,,7/8nx6-16' Millstone Sq Edge - Trex Select 2.0 Decking,,,,,,,,,,,,,,,,,,,,,,,,,,,7/8nx6-16' Millstone Sq Edge - Trex Select 2.0 Decking,,,,,,,,,,,,,,,,,,,,,,,,,,,,,,,,,,,,,,,,,,,,,,,,,,,,,,,,,,,,,,,,,,,,,,,,,,,,,,,,,,,,,,,,,,,,,,,,,,,,,,,,,,,,,,,,,,,,,,,,,,,,,,,,,,,,,,,,,,,,,,,,,,,,,,,,,,,,,,,,,,,,,,,,,,,,,,,,,,,,,,,,,,,,,,,,,,,,,
,,,,,,,,,,,1516892,7/8nx6-20' Millstone Sq Edge -Trex Select 2.0 Decking,TREX,-- No Unilog Brand --,-- No DIB Brand --,Boise Cascade Building Materials (BOICA),Boise Cascade Building Materials,TREX,,1516892,,Industrial Supplies>General,7/8nx6-20' Millstone Sq Edge -Trex Select 2.0 Decking,,7/8nx6-20' Millstone Sq Edge -Trex Select 2.0 Decking,,7/8nx6-20' Millstone Sq Edge -Trex Select 2.0 Decking,,,,,,,,,,,,,,,,,,,,,,,,,,,7/8nx6-20' Millstone Sq Edge -Trex Select 2.0 Decking,,,,,,,,,,,,,,,,,,,,,,,,,,,,,,,,,,,,,,,,,,,,,,,,,,,,,,,,,,,,,,,,,,,,,,,,,,,,,,,,,,,,,,,,,,,,,,,,,,,,,,,,,,,,,,,,,,,,,,,,,,,,,,,,,,,,,,,,,,,,,,,,,,,,,,,,,,,,,,,,,,,,,,,,,,,,,,,,,,,,,,,,,,,,,,,,,,,,,
,,,,,,,,,,,1516893,7/8nx6-12' Millstone Grooved - Trex Select 2.0 Decking,TREX,-- No Unilog Brand --,-- No DIB Brand --,Boise Cascade Building Materials (BOICA),Boise Cascade Building Materials,TREX,,1516893,,Industrial Supplies>General,7/8nx6-12' Millstone Grooved - Trex Select 2.0 Decking,,7/8nx6-12' Millstone Grooved - Trex Select 2.0 Decking,,7/8nx6-12' Millstone Grooved - Trex Select 2.0 Decking,,,,,,,,,,,,,,,,,,,,,,,,,,,7/8nx6-12' Millstone Grooved - Trex Select 2.0 Decking,,,,,,,,,,,,,,,,,,,,,,,,,,,,,,,,,,,,,,,,,,,,,,,,,,,,,,,,,,,,,,,,,,,,,,,,,,,,,,,,,,,,,,,,,,,,,,,,,,,,,,,,,,,,,,,,,,,,,,,,,,,,,,,,,,,,,,,,,,,,,,,,,,,,,,,,,,,,,,,,,,,,,,,,,,,,,,,,,,,,,,,,,,,,,,,,,,,,,
,,,,,,,,,,,1516894,7/8nx6-16' Millstone Grooved - Trex Select 2.0 Decking,TREX,-- No Unilog Brand --,-- No DIB Brand --,Boise Cascade Building Materials (BOICA),Boise Cascade Building Materials,TREX,,1516894,,Industrial Supplies>General,7/8nx6-16' Millstone Grooved - Trex Select 2.0 Decking,,7/8nx6-16' Millstone Grooved - Trex Select 2.0 Decking,,7/8nx6-16' Millstone Grooved - Trex Select 2.0 Decking,,,,,,,,,,,,,,,,,,,,,,,,,,,7/8nx6-16' Millstone Grooved - Trex Select 2.0 Decking,,,,,,,,,,,,,,,,,,,,,,,,,,,,,,,,,,,,,,,,,,,,,,,,,,,,,,,,,,,,,,,,,,,,,,,,,,,,,,,,,,,,,,,,,,,,,,,,,,,,,,,,,,,,,,,,,,,,,,,,,,,,,,,,,,,,,,,,,,,,,,,,,,,,,,,,,,,,,,,,,,,,,,,,,,,,,,,,,,,,,,,,,,,,,,,,,,,,,
,,,,,,,,,,,1516895,7/8nx6-20' Millstone Grooved - Trex Select 2.0 Decking,TREX,-- No Unilog Brand --,-- No DIB Brand --,Boise Cascade Building Materials (BOICA),Boise Cascade Building Materials,TREX,,1516895,,Industrial Supplies>General,7/8nx6-20' Millstone Grooved - Trex Select 2.0 Decking,,7/8nx6-20' Millstone Grooved - Trex Select 2.0 Decking,,7/8nx6-20' Millstone Grooved - Trex Select 2.0 Decking,,,,,,,,,,,,,,,,,,,,,,,,,,,7/8nx6-20' Millstone Grooved - Trex Select 2.0 Decking,,,,,,,,,,,,,,,,,,,,,,,,,,,,,,,,,,,,,,,,,,,,,,,,,,,,,,,,,,,,,,,,,,,,,,,,,,,,,,,,,,,,,,,,,,,,,,,,,,,,,,,,,,,,,,,,,,,,,,,,,,,,,,,,,,,,,,,,,,,,,,,,,,,,,,,,,,,,,,,,,,,,,,,,,,,,,,,,,,,,,,,,,,,,,,,,,,,,,
,,,,,,,,,,,543007016,7/8nx6-16' Whiskey Barrel Sq Edge - Trex Select 2.0 Decking,TREX,-- No Unilog Brand --,-- No DIB Brand --,Boise Cascade Building Materials (BOICA),Boise Cascade Building Materials,TREX,,543007016,,Industrial Supplies>General,7/8nx6-16' Whiskey Barrel Sq Edge - Trex Select 2.0 Decking,,7/8nx6-16' Whiskey Barrel Sq Edge - Trex Select 2.0 Decking,,7/8nx6-16' Whiskey Barrel Sq Edge - Trex Select 2.0 Decking,,,,,,,,,,,,,,,,,,,,,,,,,,,7/8nx6-16' Whiskey Barrel Sq Edge - Trex Select 2.0 Decking,,,,,,,,,,,,,,,,,,,,,,,,,,,,,,,,,,,,,,,,,,,,,,,,,,,,,,,,,,,,,,,,,,,,,,,,,,,,,,,,,,,,,,,,,,,,,,,,,,,,,,,,,,,,,,,,,,,,,,,,,,,,,,,,,,,,,,,,,,,,,,,,,,,,,,,,,,,,,,,,,,,,,,,,,,,,,,,,,,,,,,,,,,,,,,,,,,,,,
,,,,,,,,,,,543007020,7/8nx6-20' Whiskey Barrel Sq Edge - Trex Select 2.0 Decking,TREX,-- No Unilog Brand --,-- No DIB Brand --,Boise Cascade Building Materials (BOICA),Boise Cascade Building Materials,TREX,,543007020,,Industrial Supplies>General,7/8nx6-20' Whiskey Barrel Sq Edge - Trex Select 2.0 Decking,,7/8nx6-20' Whiskey Barrel Sq Edge - Trex Select 2.0 Decking,,7/8nx6-20' Whiskey Barrel Sq Edge - Trex Select 2.0 Decking,,,,,,,,,,,,,,,,,,,,,,,,,,,7/8nx6-20' Whiskey Barrel Sq Edge - Trex Select 2.0 Decking,,,,,,,,,,,,,,,,,,,,,,,,,,,,,,,,,,,,,,,,,,,,,,,,,,,,,,,,,,,,,,,,,,,,,,,,,,,,,,,,,,,,,,,,,,,,,,,,,,,,,,,,,,,,,,,,,,,,,,,,,,,,,,,,,,,,,,,,,,,,,,,,,,,,,,,,,,,,,,,,,,,,,,,,,,,,,,,,,,,,,,,,,,,,,,,,,,,,,
,,,,,,,,,,,543007412,7/8nx6-12' Whiskey Barrel Grooved - Trex Select 2.0 Decking,TREX,-- No Unilog Brand --,-- No DIB Brand --,Boise Cascade Building Materials (BOICA),Boise Cascade Building Materials,TREX,,543007412,,Industrial Supplies>General,7/8nx6-12' Whiskey Barrel Grooved - Trex Select 2.0 Decking,,7/8nx6-12' Whiskey Barrel Grooved - Trex Select 2.0 Decking,,7/8nx6-12' Whiskey Barrel Grooved - Trex Select 2.0 Decking,,,,,,,,,,,,,,,,,,,,,,,,,,,7/8nx6-12' Whiskey Barrel Grooved - Trex Select 2.0 Decking,,,,,,,,,,,,,,,,,,,,,,,,,,,,,,,,,,,,,,,,,,,,,,,,,,,,,,,,,,,,,,,,,,,,,,,,,,,,,,,,,,,,,,,,,,,,,,,,,,,,,,,,,,,,,,,,,,,,,,,,,,,,,,,,,,,,,,,,,,,,,,,,,,,,,,,,,,,,,,,,,,,,,,,,,,,,,,,,,,,,,,,,,,,,,,,,,,,,,
,,,,,,,,,,,543007416,7/8nx6-16' Whiskey Barrel Grooved - Trex Select 2.0 Decking,TREX,-- No Unilog Brand --,-- No DIB Brand --,Boise Cascade Building Materials (BOICA),Boise Cascade Building Materials,TREX,,543007416,,Industrial Supplies>General,7/8nx6-16' Whiskey Barrel Grooved - Trex Select 2.0 Decking,,7/8nx6-16' Whiskey Barrel Grooved - Trex Select 2.0 Decking,,7/8nx6-16' Whiskey Barrel Grooved - Trex Select 2.0 Decking,,,,,,,,,,,,,,,,,,,,,,,,,,,7/8nx6-16' Whiskey Barrel Grooved - Trex Select 2.0 Decking,,,,,,,,,,,,,,,,,,,,,,,,,,,,,,,,,,,,,,,,,,,,,,,,,,,,,,,,,,,,,,,,,,,,,,,,,,,,,,,,,,,,,,,,,,,,,,,,,,,,,,,,,,,,,,,,,,,,,,,,,,,,,,,,,,,,,,,,,,,,,,,,,,,,,,,,,,,,,,,,,,,,,,,,,,,,,,,,,,,,,,,,,,,,,,,,,,,,,
,,,,,,,,,,,543007420,7/8nx6-20' Whiskey Barrel Grooved - Trex Select 2.0 Decking,TREX,-- No Unilog Brand --,-- No DIB Brand --,Boise Cascade Building Materials (BOICA),Boise Cascade Building Materials,TREX,,543007420,,Industrial Supplies>General,7/8nx6-20' Whiskey Barrel Grooved - Trex Select 2.0 Decking,,7/8nx6-20' Whiskey Barrel Grooved - Trex Select 2.0 Decking,,7/8nx6-20' Whiskey Barrel Grooved - Trex Select 2.0 Decking,,,,,,,,,,,,,,,,,,,,,,,,,,,7/8nx6-20' Whiskey Barrel Grooved - Trex Select 2.0 Decking,,,,,,,,,,,,,,,,,,,,,,,,,,,,,,,,,,,,,,,,,,,,,,,,,,,,,,,,,,,,,,,,,,,,,,,,,,,,,,,,,,,,,,,,,,,,,,,,,,,,,,,,,,,,,,,,,,,,,,,,,,,,,,,,,,,,,,,,,,,,,,,,,,,,,,,,,,,,,,,,,,,,,,,,,,,,,,,,,,,,,,,,,,,,,,,,,,,,,
,,,,,,,,,,,ADR5117512CS,1x12-12' Coastline - Vintage Azek PVC Fascia,TIMBERTECH,-- No Unilog Brand --,-- No DIB Brand --,Parksite (6151),Parksite,TIMBERTECH,,ADR5117512CS,,Industrial Supplies>General,1x12-12' Coastline - Vintage Azek PVC Fascia,,1x12-12' Coastline - Vintage Azek PVC Fascia,,1x12-12' Coastline - Vintage Azek PVC Fascia,,,,,,,,,,,,,,,,,,,,,,,,,,,1x12-12' Coastline - Vintage Azek PVC Fascia,,,,,,,,,,,,,,,,,,,,,,,,,,,,,,,,,,,,,,,,,,,,,,,,,,,,,,,,,,,,,,,,,,,,,,,,,,,,,,,,,,,,,,,,,,,,,,,,,,,,,,,,,,,,,,,,,,,,,,,,,,,,,,,,,,,,,,,,,,,,,,,,,,,,,,,,,,,,,,,,,,,,,,,,,,,,,,,,,,,,,,,,,,,,,,,,,,,,,
,,,,,,,,,,,ADR5117512MH,1x12-12' Mahogany - Vintage Azek PVC Fascia,TIMBERTECH,-- No Unilog Brand --,-- No DIB Brand --,Parksite (6151),Parksite,TIMBERTECH,,ADR5117512MH,,Industrial Supplies>General,1x12-12' Mahogany - Vintage Azek PVC Fascia,,1x12-12' Mahogany - Vintage Azek PVC Fascia,,1x12-12' Mahogany - Vintage Azek PVC Fascia,,,,,,,,,,,,,,,,,,,,,,,,,,,1x12-12' Mahogany - Vintage Azek PVC Fascia,,,,,,,,,,,,,,,,,,,,,,,,,,,,,,,,,,,,,,,,,,,,,,,,,,,,,,,,,,,,,,,,,,,,,,,,,,,,,,,,,,,,,,,,,,,,,,,,,,,,,,,,,,,,,,,,,,,,,,,,,,,,,,,,,,,,,,,,,,,,,,,,,,,,,,,,,,,,,,,,,,,,,,,,,,,,,,,,,,,,,,,,,,,,,,,,,,,,,
,,,,,,,,,,,ADR5117512WT,1x12-12' Weathered Teak - Vintage Azek PVC Fascia,TIMBERTECH,-- No Unilog Brand --,-- No DIB Brand --,Parksite (6151),Parksite,TIMBERTECH,,ADR5117512WT,,Industrial Supplies>General,1x12-12' Weathered Teak - Vintage Azek PVC Fascia,,1x12-12' Weathered Teak - Vintage Azek PVC Fascia,,1x12-12' Weathered Teak - Vintage Azek PVC Fascia,,,,,,,,,,,,,,,,,,,,,,,,,,,1x12-12' Weathered Teak - Vintage Azek PVC Fascia,,,,,,,,,,,,,,,,,,,,,,,,,,,,,,,,,,,,,,,,,,,,,,,,,,,,,,,,,,,,,,,,,,,,,,,,,,,,,,,,,,,,,,,,,,,,,,,,,,,,,,,,,,,,,,,,,,,,,,,,,,,,,,,,,,,,,,,,,,,,,,,,,,,,,,,,,,,,,,,,,,,,,,,,,,,,,,,,,,,,,,,,,,,,,,,,,,,,,
,,,,,,,,,,,ADR5117512AW,1x12-12' American Walnut - Landmark Azek PVC Fascia,TIMBERTECH,-- No Unilog Brand --,-- No DIB Brand --,Parksite (6151),Parksite,TIMBERTECH,,ADR5117512AW,,Industrial Supplies>General,1x12-12' American Walnut - Landmark Azek PVC Fascia,,1x12-12' American Walnut - Landmark Azek PVC Fascia,,1x12-12' American Walnut - Landmark Azek PVC Fascia,,,,,,,,,,,,,,,,,,,,,,,,,,,1x12-12' American Walnut - Landmark Azek PVC Fascia,,,,,,,,,,,,,,,,,,,,,,,,,,,,,,,,,,,,,,,,,,,,,,,,,,,,,,,,,,,,,,,,,,,,,,,,,,,,,,,,,,,,,,,,,,,,,,,,,,,,,,,,,,,,,,,,,,,,,,,,,,,,,,,,,,,,,,,,,,,,,,,,,,,,,,,,,,,,,,,,,,,,,,,,,,,,,,,,,,,,,,,,,,,,,,,,,,,,,
,,,,,,,,,,,ADR5117512CG,1x12-12' Castle Gate - Landmark Azek PVC Fascia,TIMBERTECH,-- No Unilog Brand --,-- No DIB Brand --,Parksite (6151),Parksite,TIMBERTECH,,ADR5117512CG,,Industrial Supplies>General,1x12-12' Castle Gate - Landmark Azek PVC Fascia,,1x12-12' Castle Gate - Landmark Azek PVC Fascia,,1x12-12' Castle Gate - Landmark Azek PVC Fascia,,,,,,,,,,,,,,,,,,,,,,,,,,,1x12-12' Castle Gate - Landmark Azek PVC Fascia,,,,,,,,,,,,,,,,,,,,,,,,,,,,,,,,,,,,,,,,,,,,,,,,,,,,,,,,,,,,,,,,,,,,,,,,,,,,,,,,,,,,,,,,,,,,,,,,,,,,,,,,,,,,,,,,,,,,,,,,,,,,,,,,,,,,,,,,,,,,,,,,,,,,,,,,,,,,,,,,,,,,,,,,,,,,,,,,,,,,,,,,,,,,,,,,,,,,,
,,,,,,,,,,,ADR5117512FW,1x12-12' French White Oak - Landmark Azek PVC Fascia,TIMBERTECH,-- No Unilog Brand --,-- No DIB Brand --,Parksite (6151),Parksite,TIMBERTECH,,ADR5117512FW,,Industrial Supplies>General,1x12-12' French White Oak - Landmark Azek PVC Fascia,,1x12-12' French White Oak - Landmark Azek PVC Fascia,,1x12-12' French White Oak - Landmark Azek PVC Fascia,,,,,,,,,,,,,,,,,,,,,,,,,,,1x12-12' French White Oak - Landmark Azek PVC Fascia,,,,,,,,,,,,,,,,,,,,,,,,,,,,,,,,,,,,,,,,,,,,,,,,,,,,,,,,,,,,,,,,,,,,,,,,,,,,,,,,,,,,,,,,,,,,,,,,,,,,,,,,,,,,,,,,,,,,,,,,,,,,,,,,,,,,,,,,,,,,,,,,,,,,,,,,,,,,,,,,,,,,,,,,,,,,,,,,,,,,,,,,,,,,,,,,,,,,,
,,,,,,,,,,,1508395,1x8-12' Brownstone - Harvest Azek PVC Fascia,TIMBERTECH,-- No Unilog Brand --,-- No DIB Brand --,Parksite (6151),Parksite,TIMBERTECH,,1508395,,Industrial Supplies>General,1x8-12' Brownstone - Harvest Azek PVC Fascia,,1x8-12' Brownstone - Harvest Azek PVC Fascia,,1x8-12' Brownstone - Harvest Azek PVC Fascia,,,,,,,,,,,,,,,,,,,,,,,,,,,1x8-12' Brownstone - Harvest Azek PVC Fascia,,,,,,,,,,,,,,,,,,,,,,,,,,,,,,,,,,,,,,,,,,,,,,,,,,,,,,,,,,,,,,,,,,,,,,,,,,,,,,,,,,,,,,,,,,,,,,,,,,,,,,,,,,,,,,,,,,,,,,,,,,,,,,,,,,,,,,,,,,,,,,,,,,,,,,,,,,,,,,,,,,,,,,,,,,,,,,,,,,,,,,,,,,,,,,,,,,,,,
,,,,,,,,,,,1508396,1x8-12' Slate Gray - Harvest Azek PVC Fascia,TIMBERTECH,-- No Unilog Brand --,-- No DIB Brand --,Parksite (6151),Parksite,TIMBERTECH,,1508396,,Industrial Supplies>General,1x8-12' Slate Gray - Harvest Azek PVC Fascia,,1x8-12' Slate Gray - Harvest Azek PVC Fascia,,1x8-12' Slate Gray - Harvest Azek PVC Fascia,,,,,,,,,,,,,,,,,,,,,,,,,,,1x8-12' Slate Gray - Harvest Azek PVC Fascia,,,,,,,,,,,,,,,,,,,,,,,,,,,,,,,,,,,,,,,,,,,,,,,,,,,,,,,,,,,,,,,,,,,,,,,,,,,,,,,,,,,,,,,,,,,,,,,,,,,,,,,,,,,,,,,,,,,,,,,,,,,,,,,,,,,,,,,,,,,,,,,,,,,,,,,,,,,,,,,,,,,,,,,,,,,,,,,,,,,,,,,,,,,,,,,,,,,,,
,,,,,,,,,,,ADCR5117512BS,1x12-12' Brownstone - Harvest Azek PVC Fascia,TIMBERTECH,-- No Unilog Brand --,-- No DIB Brand --,Parksite (6151),Parksite,TIMBERTECH,,ADCR5117512BS,,Industrial Supplies>General,1x12-12' Brownstone - Harvest Azek PVC Fascia,,1x12-12' Brownstone - Harvest Azek PVC Fascia,,1x12-12' Brownstone - Harvest Azek PVC Fascia,,,,,,,,,,,,,,,,,,,,,,,,,,,1x12-12' Brownstone - Harvest Azek PVC Fascia,,,,,,,,,,,,,,,,,,,,,,,,,,,,,,,,,,,,,,,,,,,,,,,,,,,,,,,,,,,,,,,,,,,,,,,,,,,,,,,,,,,,,,,,,,,,,,,,,,,,,,,,,,,,,,,,,,,,,,,,,,,,,,,,,,,,,,,,,,,,,,,,,,,,,,,,,,,,,,,,,,,,,,,,,,,,,,,,,,,,,,,,,,,,,,,,,,,,,
,,,,,,,,,,,ADCR5117512SG,1x12-12' Slate Gray - Harvest Azek PVC Fascia,TIMBERTECH,-- No Unilog Brand --,-- No DIB Brand --,Parksite (6151),Parksite,TIMBERTECH,,ADCR5117512SG,,Industrial Supplies>General,1x12-12' Slate Gray - Harvest Azek PVC Fascia,,1x12-12' Slate Gray - Harvest Azek PVC Fascia,,1x12-12' Slate Gray - Harvest Azek PVC Fascia,,,,,,,,,,,,,,,,,,,,,,,,,,,1x12-12' Slate Gray - Harvest Azek PVC Fascia,,,,,,,,,,,,,,,,,,,,,,,,,,,,,,,,,,,,,,,,,,,,,,,,,,,,,,,,,,,,,,,,,,,,,,,,,,,,,,,,,,,,,,,,,,,,,,,,,,,,,,,,,,,,,,,,,,,,,,,,,,,,,,,,,,,,,,,,,,,,,,,,,,,,,,,,,,,,,,,,,,,,,,,,,,,,,,,,,,,,,,,,,,,,,,,,,,,,,
,,,,,,,,,,,543140908,1x8-12' Biscayne - Trex Lineage,TREX,-- No Unilog Brand --,-- No DIB Brand --,U S Lumber (3073),U S Lumber,TREX,,543140908,,Industrial Supplies>General,1x8-12' Biscayne - Trex Lineage,,1x8-12' Biscayne - Trex Lineage,,1x8-12' Biscayne - Trex Lineage,,,,,,,,,,,,,,,,,,,,,,,,,,,1x8-12' Biscayne - Trex Lineage,,,,,,,,,,,,,,,,,,,,,,,,,,,,,,,,,,,,,,,,,,,,,,,,,,,,,,,,,,,,,,,,,,,,,,,,,,,,,,,,,,,,,,,,,,,,,,,,,,,,,,,,,,,,,,,,,,,,,,,,,,,,,,,,,,,,,,,,,,,,,,,,,,,,,,,,,,,,,,,,,,,,,,,,,,,,,,,,,,,,,,,,,,,,,,,,,,,,,
,,,,,,,,,,,543142908,1x8-12' Carmel - Trex Lineage,TREX,-- No Unilog Brand --,-- No DIB Brand --,U S Lumber (3073),U S Lumber,TREX,,543142908,,Industrial Supplies>General,1x8-12' Carmel - Trex Lineage,,1x8-12' Carmel - Trex Lineage,,1x8-12' Carmel - Trex Lineage,,,,,,,,,,,,,,,,,,,,,,,,,,,1x8-12' Carmel - Trex Lineage,,,,,,,,,,,,,,,,,,,,,,,,,,,,,,,,,,,,,,,,,,,,,,,,,,,,,,,,,,,,,,,,,,,,,,,,,,,,,,,,,,,,,,,,,,,,,,,,,,,,,,,,,,,,,,,,,,,,,,,,,,,,,,,,,,,,,,,,,,,,,,,,,,,,,,,,,,,,,,,,,,,,,,,,,,,,,,,,,,,,,,,,,,,,,,,,,,,,,
,,,,,,,,,,,543143908,1x8-12' Jasper - Trex Lineage,TREX,-- No Unilog Brand --,-- No DIB Brand --,U S Lumber (3073),U S Lumber,TREX,,543143908,,Industrial Supplies>General,1x8-12' Jasper - Trex Lineage,,1x8-12' Jasper - Trex Lineage,,1x8-12' Jasper - Trex Lineage,,,,,,,,,,,,,,,,,,,,,,,,,,,1x8-12' Jasper - Trex Lineage,,,,,,,,,,,,,,,,,,,,,,,,,,,,,,,,,,,,,,,,,,,,,,,,,,,,,,,,,,,,,,,,,,,,,,,,,,,,,,,,,,,,,,,,,,,,,,,,,,,,,,,,,,,,,,,,,,,,,,,,,,,,,,,,,,,,,,,,,,,,,,,,,,,,,,,,,,,,,,,,,,,,,,,,,,,,,,,,,,,,,,,,,,,,,,,,,,,,,
,,,,,,,,,,,543140912,1x12-12' Biscayne - Trex Lineage,TREX,-- No Unilog Brand --,-- No DIB Brand --,U S Lumber (3073),U S Lumber,TREX,,543140912,,Industrial Supplies>General,1x12-12' Biscayne - Trex Lineage,,1x12-12' Biscayne - Trex Lineage,,1x12-12' Biscayne - Trex Lineage,,,,,,,,,,,,,,,,,,,,,,,,,,,1x12-12' Biscayne - Trex Lineage,,,,,,,,,,,,,,,,,,,,,,,,,,,,,,,,,,,,,,,,,,,,,,,,,,,,,,,,,,,,,,,,,,,,,,,,,,,,,,,,,,,,,,,,,,,,,,,,,,,,,,,,,,,,,,,,,,,,,,,,,,,,,,,,,,,,,,,,,,,,,,,,,,,,,,,,,,,,,,,,,,,,,,,,,,,,,,,,,,,,,,,,,,,,,,,,,,,,,
,,,,,,,,,,,543142912,1x12-12' Carmel - Trex Lineage,TREX,-- No Unilog Brand --,-- No DIB Brand --,U S Lumber (3073),U S Lumber,TREX,,543142912,,Industrial Supplies>General,1x12-12' Carmel - Trex Lineage,,1x12-12' Carmel - Trex Lineage,,1x12-12' Carmel - Trex Lineage,,,,,,,,,,,,,,,,,,,,,,,,,,,1x12-12' Carmel - Trex Lineage,,,,,,,,,,,,,,,,,,,,,,,,,,,,,,,,,,,,,,,,,,,,,,,,,,,,,,,,,,,,,,,,,,,,,,,,,,,,,,,,,,,,,,,,,,,,,,,,,,,,,,,,,,,,,,,,,,,,,,,,,,,,,,,,,,,,,,,,,,,,,,,,,,,,,,,,,,,,,,,,,,,,,,,,,,,,,,,,,,,,,,,,,,,,,,,,,,,,,
,,,,,,,,,,,543143912,1x12-12' Jasper - Trex Lineage,TREX,-- No Unilog Brand --,-- No DIB Brand --,U S Lumber (3073),U S Lumber,TREX,,543143912,,Industrial Supplies>General,1x12-12' Jasper - Trex Lineage,,1x12-12' Jasper - Trex Lineage,,1x12-12' Jasper - Trex Lineage,,,,,,,,,,,,,,,,,,,,,,,,,,,1x12-12' Jasper - Trex Lineage,,,,,,,,,,,,,,,,,,,,,,,,,,,,,,,,,,,,,,,,,,,,,,,,,,,,,,,,,,,,,,,,,,,,,,,,,,,,,,,,,,,,,,,,,,,,,,,,,,,,,,,,,,,,,,,,,,,,,,,,,,,,,,,,,,,,,,,,,,,,,,,,,,,,,,,,,,,,,,,,,,,,,,,,,,,,,,,,,,,,,,,,,,,,,,,,,,,,,
,,,,,,,,,,,1513715,1x12-12' Hatteras - Trex Lineage,TREX,-- No Unilog Brand --,-- No DIB Brand --,Boise Cascade Building Materials (BOICA),Boise Cascade Building Materials,TREX,,1513715,,Industrial Supplies>General,1x12-12' Hatteras - Trex Lineage,,1x12-12' Hatteras - Trex Lineage,,1x12-12' Hatteras - Trex Lineage,,,,,,,,,,,,,,,,,,,,,,,,,,,1x12-12' Hatteras - Trex Lineage,,,,,,,,,,,,,,,,,,,,,,,,,,,,,,,,,,,,,,,,,,,,,,,,,,,,,,,,,,,,,,,,,,,,,,,,,,,,,,,,,,,,,,,,,,,,,,,,,,,,,,,,,,,,,,,,,,,,,,,,,,,,,,,,,,,,,,,,,,,,,,,,,,,,,,,,,,,,,,,,,,,,,,,,,,,,,,,,,,,,,,,,,,,,,,,,,,,,,
,,,,,,,,,,,1513716,1x12-12' Salt Flat - Trex Lineage,TREX,-- No Unilog Brand --,-- No DIB Brand --,Boise Cascade Building Materials (BOICA),Boise Cascade Building Materials,TREX,,1513716,,Industrial Supplies>General,1x12-12' Salt Flat - Trex Lineage,,1x12-12' Salt Flat - Trex Lineage,,1x12-12' Salt Flat - Trex Lineage,,,,,,,,,,,,,,,,,,,,,,,,,,,1x12-12' Salt Flat - Trex Lineage,,,,,,,,,,,,,,,,,,,,,,,,,,,,,,,,,,,,,,,,,,,,,,,,,,,,,,,,,,,,,,,,,,,,,,,,,,,,,,,,,,,,,,,,,,,,,,,,,,,,,,,,,,,,,,,,,,,,,,,,,,,,,,,,,,,,,,,,,,,,,,,,,,,,,,,,,,,,,,,,,,,,,,,,,,,,,,,,,,,,,,,,,,,,,,,,,,,,,
,,,,,,,,,,,1513722,1x8-12' Honey Grove - Trex Enhance Naturals Fascia,TREX,-- No Unilog Brand --,-- No DIB Brand --,Boise Cascade Building Materials (BOICA),Boise Cascade Building Materials,TREX,,1513722,,Industrial Supplies>General,1x8-12' Honey Grove - Trex Enhance Naturals Fascia,,1x8-12' Honey Grove - Trex Enhance Naturals Fascia,,1x8-12' Honey Grove - Trex Enhance Naturals Fascia,,,,,,,,,,,,,,,,,,,,,,,,,,,1x8-12' Honey Grove - Trex Enhance Naturals Fascia,,,,,,,,,,,,,,,,,,,,,,,,,,,,,,,,,,,,,,,,,,,,,,,,,,,,,,,,,,,,,,,,,,,,,,,,,,,,,,,,,,,,,,,,,,,,,,,,,,,,,,,,,,,,,,,,,,,,,,,,,,,,,,,,,,,,,,,,,,,,,,,,,,,,,,,,,,,,,,,,,,,,,,,,,,,,,,,,,,,,,,,,,,,,,,,,,,,,,
,,,,,,,,,,,1513723,1x12-12' Honey Grove - Trex Enhance Naturals Fascia,TREX,-- No Unilog Brand --,-- No DIB Brand --,Boise Cascade Building Materials (BOICA),Boise Cascade Building Materials,TREX,,1513723,,Industrial Supplies>General,1x12-12' Honey Grove - Trex Enhance Naturals Fascia,,1x12-12' Honey Grove - Trex Enhance Naturals Fascia,,1x12-12' Honey Grove - Trex Enhance Naturals Fascia,,,,,,,,,,,,,,,,,,,,,,,,,,,1x12-12' Honey Grove - Trex Enhance Naturals Fascia,,,,,,,,,,,,,,,,,,,,,,,,,,,,,,,,,,,,,,,,,,,,,,,,,,,,,,,,,,,,,,,,,,,,,,,,,,,,,,,,,,,,,,,,,,,,,,,,,,,,,,,,,,,,,,,,,,,,,,,,,,,,,,,,,,,,,,,,,,,,,,,,,,,,,,,,,,,,,,,,,,,,,,,,,,,,,,,,,,,,,,,,,,,,,,,,,,,,,
,,,,,,,,,,,1513729,1x8-12' Tide Pool - Trex Enhance Basics Fascia,TREX,-- No Unilog Brand --,-- No DIB Brand --,Boise Cascade Building Materials (BOICA),Boise Cascade Building Materials,TREX,,1513729,,Industrial Supplies>General,1x8-12' Tide Pool - Trex Enhance Basics Fascia,,1x8-12' Tide Pool - Trex Enhance Basics Fascia,,1x8-12' Tide Pool - Trex Enhance Basics Fascia,,,,,,,,,,,,,,,,,,,,,,,,,,,1x8-12' Tide Pool - Trex Enhance Basics Fascia,,,,,,,,,,,,,,,,,,,,,,,,,,,,,,,,,,,,,,,,,,,,,,,,,,,,,,,,,,,,,,,,,,,,,,,,,,,,,,,,,,,,,,,,,,,,,,,,,,,,,,,,,,,,,,,,,,,,,,,,,,,,,,,,,,,,,,,,,,,,,,,,,,,,,,,,,,,,,,,,,,,,,,,,,,,,,,,,,,,,,,,,,,,,,,,,,,,,,
,,,,,,,,,,,1513730,1x12-12' Tide Pool - Trex Enhance Basics Fascia,TREX,-- No Unilog Brand --,-- No DIB Brand --,Boise Cascade Building Materials (BOICA),Boise Cascade Building Materials,TREX,,1513730,,Industrial Supplies>General,1x12-12' Tide Pool - Trex Enhance Basics Fascia,,1x12-12' Tide Pool - Trex Enhance Basics Fascia,,1x12-12' Tide Pool - Trex Enhance Basics Fascia,,,,,,,,,,,,,,,,,,,,,,,,,,,1x12-12' Tide Pool - Trex Enhance Basics Fascia,,,,,,,,,,,,,,,,,,,,,,,,,,,,,,,,,,,,,,,,,,,,,,,,,,,,,,,,,,,,,,,,,,,,,,,,,,,,,,,,,,,,,,,,,,,,,,,,,,,,,,,,,,,,,,,,,,,,,,,,,,,,,,,,,,,,,,,,,,,,,,,,,,,,,,,,,,,,,,,,,,,,,,,,,,,,,,,,,,,,,,,,,,,,,,,,,,,,,
,,,,,,,,,,,543076916,1x8-12' Cinnamon Cove - Trex Enhance Naturals Fascia,TREX,-- No Unilog Brand --,-- No DIB Brand --,Boise Cascade Building Materials (BOICA),Boise Cascade Building Materials,TREX,,543076916,,Industrial Supplies>General,1x8-12' Cinnamon Cove - Trex Enhance Naturals Fascia,,1x8-12' Cinnamon Cove - Trex Enhance Naturals Fascia,,1x8-12' Cinnamon Cove - Trex Enhance Naturals Fascia,,,,,,,,,,,,,,,,,,,,,,,,,,,1x8-12' Cinnamon Cove - Trex Enhance Naturals Fascia,,,,,,,,,,,,,,,,,,,,,,,,,,,,,,,,,,,,,,,,,,,,,,,,,,,,,,,,,,,,,,,,,,,,,,,,,,,,,,,,,,,,,,,,,,,,,,,,,,,,,,,,,,,,,,,,,,,,,,,,,,,,,,,,,,,,,,,,,,,,,,,,,,,,,,,,,,,,,,,,,,,,,,,,,,,,,,,,,,,,,,,,,,,,,,,,,,,,,
,,,,,,,,,,,1516876,1x8-12' Golden Hour - Trex Enhance Naturals Fascia,TREX,-- No Unilog Brand --,-- No DIB Brand --,Boise Cascade Building Materials (BOICA),Boise Cascade Building Materials,TREX,,1516876,,Industrial Supplies>General,1x8-12' Golden Hour - Trex Enhance Naturals Fascia,,1x8-12' Golden Hour - Trex Enhance Naturals Fascia,,1x8-12' Golden Hour - Trex Enhance Naturals Fascia,,,,,,,,,,,,,,,,,,,,,,,,,,,1x8-12' Golden Hour - Trex Enhance Naturals Fascia,,,,,,,,,,,,,,,,,,,,,,,,,,,,,,,,,,,,,,,,,,,,,,,,,,,,,,,,,,,,,,,,,,,,,,,,,,,,,,,,,,,,,,,,,,,,,,,,,,,,,,,,,,,,,,,,,,,,,,,,,,,,,,,,,,,,,,,,,,,,,,,,,,,,,,,,,,,,,,,,,,,,,,,,,,,,,,,,,,,,,,,,,,,,,,,,,,,,,
,,,,,,,,,,,543076936,1x12-12' Cinnamon Cove - Trex Enhance Naturals Fascia,TREX,-- No Unilog Brand --,-- No DIB Brand --,Boise Cascade Building Materials (BOICA),Boise Cascade Building Materials,TREX,,543076936,,Industrial Supplies>General,1x12-12' Cinnamon Cove - Trex Enhance Naturals Fascia,,1x12-12' Cinnamon Cove - Trex Enhance Naturals Fascia,,1x12-12' Cinnamon Cove - Trex Enhance Naturals Fascia,,,,,,,,,,,,,,,,,,,,,,,,,,,1x12-12' Cinnamon Cove - Trex Enhance Naturals Fascia,,,,,,,,,,,,,,,,,,,,,,,,,,,,,,,,,,,,,,,,,,,,,,,,,,,,,,,,,,,,,,,,,,,,,,,,,,,,,,,,,,,,,,,,,,,,,,,,,,,,,,,,,,,,,,,,,,,,,,,,,,,,,,,,,,,,,,,,,,,,,,,,,,,,,,,,,,,,,,,,,,,,,,,,,,,,,,,,,,,,,,,,,,,,,,,,,,,,,
,,,,,,,,,,,1516878,1x12-12' Golden Hour - Trex Enhance Naturals Fascia,TREX,-- No Unilog Brand --,-- No DIB Brand --,Boise Cascade Building Materials (BOICA),Boise Cascade Building Materials,TREX,,1516878,,Industrial Supplies>General,1x12-12' Golden Hour - Trex Enhance Naturals Fascia,,1x12-12' Golden Hour - Trex Enhance Naturals Fascia,,1x12-12' Golden Hour - Trex Enhance Naturals Fascia,,,,,,,,,,,,,,,,,,,,,,,,,,,1x12-12' Golden Hour - Trex Enhance Naturals Fascia,,,,,,,,,,,,,,,,,,,,,,,,,,,,,,,,,,,,,,,,,,,,,,,,,,,,,,,,,,,,,,,,,,,,,,,,,,,,,,,,,,,,,,,,,,,,,,,,,,,,,,,,,,,,,,,,,,,,,,,,,,,,,,,,,,,,,,,,,,,,,,,,,,,,,,,,,,,,,,,,,,,,,,,,,,,,,,,,,,,,,,,,,,,,,,,,,,,,,
,,,,,,,,,,,1516884,1x8-12' Pebble Beach - Trex Enhance Basics Fascia,TREX,-- No Unilog Brand --,-- No DIB Brand --,Boise Cascade Building Materials (BOICA),Boise Cascade Building Materials,TREX,,1516884,,Industrial Supplies>General,1x8-12' Pebble Beach - Trex Enhance Basics Fascia,,1x8-12' Pebble Beach - Trex Enhance Basics Fascia,,1x8-12' Pebble Beach - Trex Enhance Basics Fascia,,,,,,,,,,,,,,,,,,,,,,,,,,,1x8-12' Pebble Beach - Trex Enhance Basics Fascia,,,,,,,,,,,,,,,,,,,,,,,,,,,,,,,,,,,,,,,,,,,,,,,,,,,,,,,,,,,,,,,,,,,,,,,,,,,,,,,,,,,,,,,,,,,,,,,,,,,,,,,,,,,,,,,,,,,,,,,,,,,,,,,,,,,,,,,,,,,,,,,,,,,,,,,,,,,,,,,,,,,,,,,,,,,,,,,,,,,,,,,,,,,,,,,,,,,,,
,,,,,,,,,,,1516885,1x12-12' Pebble Beach - Trex Enhance Basics Fascia,TREX,-- No Unilog Brand --,-- No DIB Brand --,Boise Cascade Building Materials (BOICA),Boise Cascade Building Materials,TREX,,1516885,,Industrial Supplies>General,1x12-12' Pebble Beach - Trex Enhance Basics Fascia,,1x12-12' Pebble Beach - Trex Enhance Basics Fascia,,1x12-12' Pebble Beach - Trex Enhance Basics Fascia,,,,,,,,,,,,,,,,,,,,,,,,,,,1x12-12' Pebble Beach - Trex Enhance Basics Fascia,,,,,,,,,,,,,,,,,,,,,,,,,,,,,,,,,,,,,,,,,,,,,,,,,,,,,,,,,,,,,,,,,,,,,,,,,,,,,,,,,,,,,,,,,,,,,,,,,,,,,,,,,,,,,,,,,,,,,,,,,,,,,,,,,,,,,,,,,,,,,,,,,,,,,,,,,,,,,,,,,,,,,,,,,,,,,,,,,,,,,,,,,,,,,,,,,,,,,
,,,,,,,,,,,543005916,1x8-12' Malted Barley - Trex Select 2.0 Fascia,TREX,-- No Unilog Brand --,-- No DIB Brand --,Boise Cascade Building Materials (BOICA),Boise Cascade Building Materials,TREX,,543005916,,Industrial Supplies>General,1x8-12' Malted Barley - Trex Select 2.0 Fascia,,1x8-12' Malted Barley - Trex Select 2.0 Fascia,,1x8-12' Malted Barley - Trex Select 2.0 Fascia,,,,,,,,,,,,,,,,,,,,,,,,,,,1x8-12' Malted Barley - Trex Select 2.0 Fascia,,,,,,,,,,,,,,,,,,,,,,,,,,,,,,,,,,,,,,,,,,,,,,,,,,,,,,,,,,,,,,,,,,,,,,,,,,,,,,,,,,,,,,,,,,,,,,,,,,,,,,,,,,,,,,,,,,,,,,,,,,,,,,,,,,,,,,,,,,,,,,,,,,,,,,,,,,,,,,,,,,,,,,,,,,,,,,,,,,,,,,,,,,,,,,,,,,,,,
,,,,,,,,,,,1516902,1x8-12' Millstone - Trex Select 2.0 Fascia,TREX,-- No Unilog Brand --,-- No DIB Brand --,Boise Cascade Building Materials (BOICA),Boise Cascade Building Materials,TREX,,1516902,,Industrial Supplies>General,1x8-12' Millstone - Trex Select 2.0 Fascia,,1x8-12' Millstone - Trex Select 2.0 Fascia,,1x8-12' Millstone - Trex Select 2.0 Fascia,,,,,,,,,,,,,,,,,,,,,,,,,,,1x8-12' Millstone - Trex Select 2.0 Fascia,,,,,,,,,,,,,,,,,,,,,,,,,,,,,,,,,,,,,,,,,,,,,,,,,,,,,,,,,,,,,,,,,,,,,,,,,,,,,,,,,,,,,,,,,,,,,,,,,,,,,,,,,,,,,,,,,,,,,,,,,,,,,,,,,,,,,,,,,,,,,,,,,,,,,,,,,,,,,,,,,,,,,,,,,,,,,,,,,,,,,,,,,,,,,,,,,,,,,
,,,,,,,,,,,543007916,1x8-12' Whiskey Barrel - Trex Select 2.0 Fascia,TREX,-- No Unilog Brand --,-- No DIB Brand --,Boise Cascade Building Materials (BOICA),Boise Cascade Building Materials,TREX,,543007916,,Industrial Supplies>General,1x8-12' Whiskey Barrel - Trex Select 2.0 Fascia,,1x8-12' Whiskey Barrel - Trex Select 2.0 Fascia,,1x8-12' Whiskey Barrel - Trex Select 2.0 Fascia,,,,,,,,,,,,,,,,,,,,,,,,,,,1x8-12' Whiskey Barrel - Trex Select 2.0 Fascia,,,,,,,,,,,,,,,,,,,,,,,,,,,,,,,,,,,,,,,,,,,,,,,,,,,,,,,,,,,,,,,,,,,,,,,,,,,,,,,,,,,,,,,,,,,,,,,,,,,,,,,,,,,,,,,,,,,,,,,,,,,,,,,,,,,,,,,,,,,,,,,,,,,,,,,,,,,,,,,,,,,,,,,,,,,,,,,,,,,,,,,,,,,,,,,,,,,,,
,,,,,,,,,,,543005936,1x12-12' Malted Barley - Trex Select 2.0 Fascia,TREX,-- No Unilog Brand --,-- No DIB Brand --,Boise Cascade Building Materials (BOICA),Boise Cascade Building Materials,TREX,,543005936,,Industrial Supplies>General,1x12-12' Malted Barley - Trex Select 2.0 Fascia,,1x12-12' Malted Barley - Trex Select 2.0 Fascia,,1x12-12' Malted Barley - Trex Select 2.0 Fascia,,,,,,,,,,,,,,,,,,,,,,,,,,,1x12-12' Malted Barley - Trex Select 2.0 Fascia,,,,,,,,,,,,,,,,,,,,,,,,,,,,,,,,,,,,,,,,,,,,,,,,,,,,,,,,,,,,,,,,,,,,,,,,,,,,,,,,,,,,,,,,,,,,,,,,,,,,,,,,,,,,,,,,,,,,,,,,,,,,,,,,,,,,,,,,,,,,,,,,,,,,,,,,,,,,,,,,,,,,,,,,,,,,,,,,,,,,,,,,,,,,,,,,,,,,,
,,,,,,,,,,,1516905,1x12-12' Millstone - Trex Select 2.0 Fascia,TREX,-- No Unilog Brand --,-- No DIB Brand --,Boise Cascade Building Materials (BOICA),Boise Cascade Building Materials,TREX,,1516905,,Industrial Supplies>General,1x12-12' Millstone - Trex Select 2.0 Fascia,,1x12-12' Millstone - Trex Select 2.0 Fascia,,1x12-12' Millstone - Trex Select 2.0 Fascia,,,,,,,,,,,,,,,,,,,,,,,,,,,1x12-12' Millstone - Trex Select 2.0 Fascia,,,,,,,,,,,,,,,,,,,,,,,,,,,,,,,,,,,,,,,,,,,,,,,,,,,,,,,,,,,,,,,,,,,,,,,,,,,,,,,,,,,,,,,,,,,,,,,,,,,,,,,,,,,,,,,,,,,,,,,,,,,,,,,,,,,,,,,,,,,,,,,,,,,,,,,,,,,,,,,,,,,,,,,,,,,,,,,,,,,,,,,,,,,,,,,,,,,,,
,,,,,,,,,,,543007936,1x12-12' Whiskey Barrel - Trex Select 2.0 Fascia,TREX,-- No Unilog Brand --,-- No DIB Brand --,Boise Cascade Building Materials (BOICA),Boise Cascade Building Materials,TREX,,543007936,,Industrial Supplies>General,1x12-12' Whiskey Barrel - Trex Select 2.0 Fascia,,1x12-12' Whiskey Barrel - Trex Select 2.0 Fascia,,1x12-12' Whiskey Barrel - Trex Select 2.0 Fascia,,,,,,,,,,,,,,,,,,,,,,,,,,,1x12-12' Whiskey Barrel - Trex Select 2.0 Fascia,,,,,,,,,,,,,,,,,,,,,,,,,,,,,,,,,,,,,,,,,,,,,,,,,,,,,,,,,,,,,,,,,,,,,,,,,,,,,,,,,,,,,,,,,,,,,,,,,,,,,,,,,,,,,,,,,,,,,,,,,,,,,,,,,,,,,,,,,,,,,,,,,,,,,,,,,,,,,,,,,,,,,,,,,,,,,,,,,,,,,,,,,,,,,,,,,,,,,
,,,,,,,,,,,543144908,1x8-12' Island Mist - Trex Lineage,TREX,-- No Unilog Brand --,-- No DIB Brand --,U S Lumber (3073),U S Lumber,TREX,,543144908,,Industrial Supplies>General,1x8-12' Island Mist - Trex Lineage,,1x8-12' Island Mist - Trex Lineage,,1x8-12' Island Mist - Trex Lineage,,,,,,,,,,,,,,,,,,,,,,,,,,,1x8-12' Island Mist - Trex Lineage,,,,,,,,,,,,,,,,,,,,,,,,,,,,,,,,,,,,,,,,,,,,,,,,,,,,,,,,,,,,,,,,,,,,,,,,,,,,,,,,,,,,,,,,,,,,,,,,,,,,,,,,,,,,,,,,,,,,,,,,,,,,,,,,,,,,,,,,,,,,,,,,,,,,,,,,,,,,,,,,,,,,,,,,,,,,,,,,,,,,,,,,,,,,,,,,,,,,,
,,,,,,,,,,,543141908,1x8-12' Rainier - Trex Lineage,TREX,-- No Unilog Brand --,-- No DIB Brand --,U S Lumber (3073),U S Lumber,TREX,,543141908,,Industrial Supplies>General,1x8-12' Rainier - Trex Lineage,,1x8-12' Rainier - Trex Lineage,,1x8-12' Rainier - Trex Lineage,,,,,,,,,,,,,,,,,,,,,,,,,,,1x8-12' Rainier - Trex Lineage,,,,,,,,,,,,,,,,,,,,,,,,,,,,,,,,,,,,,,,,,,,,,,,,,,,,,,,,,,,,,,,,,,,,,,,,,,,,,,,,,,,,,,,,,,,,,,,,,,,,,,,,,,,,,,,,,,,,,,,,,,,,,,,,,,,,,,,,,,,,,,,,,,,,,,,,,,,,,,,,,,,,,,,,,,,,,,,,,,,,,,,,,,,,,,,,,,,,,
,,,,,,,,,,,543144912,1x12-12' Island Mist - Trex Lineage,TREX,-- No Unilog Brand --,-- No DIB Brand --,U S Lumber (3073),U S Lumber,TREX,,543144912,,Industrial Supplies>General,1x12-12' Island Mist - Trex Lineage,,1x12-12' Island Mist - Trex Lineage,,1x12-12' Island Mist - Trex Lineage,,,,,,,,,,,,,,,,,,,,,,,,,,,1x12-12' Island Mist - Trex Lineage,,,,,,,,,,,,,,,,,,,,,,,,,,,,,,,,,,,,,,,,,,,,,,,,,,,,,,,,,,,,,,,,,,,,,,,,,,,,,,,,,,,,,,,,,,,,,,,,,,,,,,,,,,,,,,,,,,,,,,,,,,,,,,,,,,,,,,,,,,,,,,,,,,,,,,,,,,,,,,,,,,,,,,,,,,,,,,,,,,,,,,,,,,,,,,,,,,,,,
,,,,,,,,,,,543141912,1x12-12' Rainier - Trex Lineage,TREX,-- No Unilog Brand --,-- No DIB Brand --,U S Lumber (3073),U S Lumber,TREX,,543141912,,Industrial Supplies>General,1x12-12' Rainier - Trex Lineage,,1x12-12' Rainier - Trex Lineage,,1x12-12' Rainier - Trex Lineage,,,,,,,,,,,,,,,,,,,,,,,,,,,1x12-12' Rainier - Trex Lineage,,,,,,,,,,,,,,,,,,,,,,,,,,,,,,,,,,,,,,,,,,,,,,,,,,,,,,,,,,,,,,,,,,,,,,,,,,,,,,,,,,,,,,,,,,,,,,,,,,,,,,,,,,,,,,,,,,,,,,,,,,,,,,,,,,,,,,,,,,,,,,,,,,,,,,,,,,,,,,,,,,,,,,,,,,,,,,,,,,,,,,,,,,,,,,,,,,,,,
,,,,,,,,,,,1513713,1x8-12' Hatteras - Trex Lineage,TREX,-- No Unilog Brand --,-- No DIB Brand --,Boise Cascade Building Materials (BOICA),Boise Cascade Building Materials,TREX,,1513713,,Industrial Supplies>General,1x8-12' Hatteras - Trex Lineage,,1x8-12' Hatteras - Trex Lineage,,1x8-12' Hatteras - Trex Lineage,,,,,,,,,,,,,,,,,,,,,,,,,,,1x8-12' Hatteras - Trex Lineage,,,,,,,,,,,,,,,,,,,,,,,,,,,,,,,,,,,,,,,,,,,,,,,,,,,,,,,,,,,,,,,,,,,,,,,,,,,,,,,,,,,,,,,,,,,,,,,,,,,,,,,,,,,,,,,,,,,,,,,,,,,,,,,,,,,,,,,,,,,,,,,,,,,,,,,,,,,,,,,,,,,,,,,,,,,,,,,,,,,,,,,,,,,,,,,,,,,,,
,,,,,,,,,,,1513714,1x8-12' Salt Flat - Trex Lineage,TREX,-- No Unilog Brand --,-- No DIB Brand --,Boise Cascade Building Materials (BOICA),Boise Cascade Building Materials,TREX,,1513714,,Industrial Supplies>General,1x8-12' Salt Flat - Trex Lineage,,1x8-12' Salt Flat - Trex Lineage,,1x8-12' Salt Flat - Trex Lineage,,,,,,,,,,,,,,,,,,,,,,,,,,,1x8-12' Salt Flat - Trex Lineage,,,,,,,,,,,,,,,,,,,,,,,,,,,,,,,,,,,,,,,,,,,,,,,,,,,,,,,,,,,,,,,,,,,,,,,,,,,,,,,,,,,,,,,,,,,,,,,,,,,,,,,,,,,,,,,,,,,,,,,,,,,,,,,,,,,,,,,,,,,,,,,,,,,,,,,,,,,,,,,,,,,,,,,,,,,,,,,,,,,,,,,,,,,,,,,,,,,,,
,,,,,,,,,,,73012503,4x4 Wh Heritage Post Trim RDI,-- Unbranded --,-- No Unilog Brand --,-- No DIB Brand --,-,,,,73012503,,Industrial Supplies>General,4x4 Wh Heritage Post Trim RDI,,4x4 Wh Heritage Post Trim RDI,,4x4 Wh Heritage Post Trim RDI,,,,,,,,,,,,,,,,,,,,,,,,,,,4x4 Wh Heritage Post Trim RDI,,,,,,,,,,,,,,,,,,,,,,,,,,,,,,,,,,,,,,,,,,,,,,,,,,,,,,,,,,,,,,,,,,,,,,,,,,,,,,,,,,,,,,,,,,,,,,,,,,,,,,,,,,,,,,,,,,,,,,,,,,,,,,,,,,,,,,,,,,,,,,,,,,,,,,,,,,,,,,,,,,,,,,,,,,,,,,,,,,,,,,,,,,,,,,,,,,,,,
,,,,,,,,,,,73018131,6x6 Wh Elite Post Trim 4pc RDI,-- Unbranded --,-- No Unilog Brand --,-- No DIB Brand --,-,,,,73018131,,Industrial Supplies>General,6x6 Wh Elite Post Trim 4pc RDI,,6x6 Wh Elite Post Trim 4pc RDI,,6x6 Wh Elite Post Trim 4pc RDI,,4pc,,,,,,,,,,,,,,,,,,,,,,,,,6x6 Wh Elite Post Trim 4pc RDI,Pieces per Package,4,EA,,,,,,,,,,,,,,,,,,,,,,,,,,,,,,,,,,,,,,,,,,,,,,,,,,,,,,,,,,,,,,,,,,,,,,,,,,,,,,,,,,,,,,,,,,,,,,,,,,,,,,,,,,,,,,,,,,,,,,,,,,,,,,,,,,,,,,,,,,,,,,,,,,,,,,,,,,,,,,,,,,,,,,,,,,,,,,,,,,,,,,,,,,,,,,,,,,
,,,,,,,,,,,73018091,4x4 Wh Elite Post Trim RDI,-- Unbranded --,-- No Unilog Brand --,-- No DIB Brand --,-,,,,73018091,,Industrial Supplies>General,4x4 Wh Elite Post Trim RDI,,4x4 Wh Elite Post Trim RDI,,4x4 Wh Elite Post Trim RDI,,,,,,,,,,,,,,,,,,,,,,,,,,,4x4 Wh Elite Post Trim RDI,,,,,,,,,,,,,,,,,,,,,,,,,,,,,,,,,,,,,,,,,,,,,,,,,,,,,,,,,,,,,,,,,,,,,,,,,,,,,,,,,,,,,,,,,,,,,,,,,,,,,,,,,,,,,,,,,,,,,,,,,,,,,,,,,,,,,,,,,,,,,,,,,,,,,,,,,,,,,,,,,,,,,,,,,,,,,,,,,,,,,,,,,,,,,,,,,,,,,
,,,,,,,,,,,73018066,Clay 6x6 Elite Post Trim RDI - 4pc,-- Unbranded --,-- No Unilog Brand --,-- No DIB Brand --,-,,,,73018066,,Industrial Supplies>General,Clay 6x6 Elite Post Trim RDI - 4pc,,Clay 6x6 Elite Post Trim RDI - 4pc,,Clay 6x6 Elite Post Trim RDI - 4pc,,4pc,,,,,,,,,,,,,,,,,,,,,,,,,6x6 Elite Post Trim RDI - 4pc,Pieces per Package,4,EA,,,,,,,,,,,,,,,,,,,,,,,,,,,,,,,,,,,,,,,,,,,,,,,,,,,,,,,,,,,,,,,,,,,,,,,,,,,,,,,,,,,,,,,,,,,,,,,,,,,,,,,,,,,,,,,,,,,,,,,,,,,,,,,,,,,,,,,,,,,,,,,,,,,,,,,,,,,,,,,,,,,,,,,,,,,,,,,,,,,,,,,,,,,,,,,,,,
,,,,,,,,,,,73018076,4x4 Wh Flat Post Cap RDI,-- Unbranded --,-- No Unilog Brand --,-- No DIB Brand --,-,,,,73018076,,Industrial Supplies>General,4x4 Wh Flat Post Cap RDI,,4x4 Wh Flat Post Cap RDI,,4x4 Wh Flat Post Cap RDI,,,,,,,,,,,,,,,,,,,,,,,,,,,4x4 Wh Flat Post Cap RDI,,,,,,,,,,,,,,,,,,,,,,,,,,,,,,,,,,,,,,,,,,,,,,,,,,,,,,,,,,,,,,,,,,,,,,,,,,,,,,,,,,,,,,,,,,,,,,,,,,,,,,,,,,,,,,,,,,,,,,,,,,,,,,,,,,,,,,,,,,,,,,,,,,,,,,,,,,,,,,,,,,,,,,,,,,,,,,,,,,,,,,,,,,,,,,,,,,,,,
,,,,,,,,,,,61109087,Wh 4x4-39 Blank Post RDI,-- Unbranded --,-- No Unilog Brand --,-- No DIB Brand --,-,,,,61109087,,Industrial Supplies>General,Wh 4x4-39 Blank Post RDI,,Wh 4x4-39 Blank Post RDI,,Wh 4x4-39 Blank Post RDI,,,,,,,,,,,,,,,,,,,,,,,,,,,Wh 4x4-39 Blank Post RDI,,,,,,,,,,,,,,,,,,,,,,,,,,,,,,,,,,,,,,,,,,,,,,,,,,,,,,,,,,,,,,,,,,,,,,,,,,,,,,,,,,,,,,,,,,,,,,,,,,,,,,,,,,,,,,,,,,,,,,,,,,,,,,,,,,,,,,,,,,,,,,,,,,,,,,,,,,,,,,,,,,,,,,,,,,,,,,,,,,,,,,,,,,,,,,,,,,,,,
,,,,,,,,,,,73018731,Wh 6x6-108 Post Sleeve RDI,-- Unbranded --,-- No Unilog Brand --,-- No DIB Brand --,-,,,,73018731,,Industrial Supplies>General,Wh 6x6-108 Post Sleeve RDI,,Wh 6x6-108 Post Sleeve RDI,,Wh 6x6-108 Post Sleeve RDI,,,,,,,,,,,,,,,,,,,,,,,,,,,Wh 6x6-108 Post Sleeve RDI,,,,,,,,,,,,,,,,,,,,,,,,,,,,,,,,,,,,,,,,,,,,,,,,,,,,,,,,,,,,,,,,,,,,,,,,,,,,,,,,,,,,,,,,,,,,,,,,,,,,,,,,,,,,,,,,,,,,,,,,,,,,,,,,,,,,,,,,,,,,,,,,,,,,,,,,,,,,,,,,,,,,,,,,,,,,,,,,,,,,,,,,,,,,,,,,,,,,,
,,,,,,,,,,,61109090,Wh 4x4-108 Post Sleeve RDI,-- Unbranded --,-- No Unilog Brand --,-- No DIB Brand --,-,,,,61109090,,Industrial Supplies>General,Wh 4x4-108 Post Sleeve RDI,,Wh 4x4-108 Post Sleeve RDI,,Wh 4x4-108 Post Sleeve RDI,,,,,,,,,,,,,,,,,,,,,,,,,,,Wh 4x4-108 Post Sleeve RDI,,,,,,,,,,,,,,,,,,,,,,,,,,,,,,,,,,,,,,,,,,,,,,,,,,,,,,,,,,,,,,,,,,,,,,,,,,,,,,,,,,,,,,,,,,,,,,,,,,,,,,,,,,,,,,,,,,,,,,,,,,,,,,,,,,,,,,,,,,,,,,,,,,,,,,,,,,,,,,,,,,,,,,,,,,,,,,,,,,,,,,,,,,,,,,,,,,,,,
,,,,,,,,,,,73053603,Clay 4x4-108 Post Sleeve RDI,-- Unbranded --,-- No Unilog Brand --,-- No DIB Brand --,-,,,,73053603,,Industrial Supplies>General,Clay 4x4-108 Post Sleeve RDI,,Clay 4x4-108 Post Sleeve RDI,,Clay 4x4-108 Post Sleeve RDI,,,,,,,,,,,,,,,,,,,,,,,,,,,4x4-108 Post Sleeve RDI,,,,,,,,,,,,,,,,,,,,,,,,,,,,,,,,,,,,,,,,,,,,,,,,,,,,,,,,,,,,,,,,,,,,,,,,,,,,,,,,,,,,,,,,,,,,,,,,,,,,,,,,,,,,,,,,,,,,,,,,,,,,,,,,,,,,,,,,,,,,,,,,,,,,,,,,,,,,,,,,,,,,,,,,,,,,,,,,,,,,,,,,,,,,,,,,,,,,,
,,,,,,,,,,,73053608,Clay 6x6-108 Post Sleeve RDI,-- Unbranded --,-- No Unilog Brand --,-- No DIB Brand --,-,,,,73053608,,Industrial Supplies>General,Clay 6x6-108 Post Sleeve RDI,,Clay 6x6-108 Post Sleeve RDI,,Clay 6x6-108 Post Sleeve RDI,,,,,,,,,,,,,,,,,,,,,,,,,,,6x6-108 Post Sleeve RDI,,,,,,,,,,,,,,,,,,,,,,,,,,,,,,,,,,,,,,,,,,,,,,,,,,,,,,,,,,,,,,,,,,,,,,,,,,,,,,,,,,,,,,,,,,,,,,,,,,,,,,,,,,,,,,,,,,,,,,,,,,,,,,,,,,,,,,,,,,,,,,,,,,,,,,,,,,,,,,,,,,,,,,,,,,,,,,,,,,,,,,,,,,,,,,,,,,,,,
,,,,,,,,,,,543340896,"4x4-37"" Black Alum Post Sleeve Select Alum Railing - w/Cap & Skirt",TREX,-- No Unilog Brand --,-- No DIB Brand --,Boise Cascade Building Materials (BOICA),Boise Cascade Building Materials,TREX,,543340896,,Industrial Supplies>General,"4x4-37"" Black Alum Post Sleeve Select Alum Railing - w/Cap & Skirt",,"4x4-37"" Black Alum Post Sleeve Select Alum Railing - w/Cap & Skirt",,"4x4-37"" Black Alum Post Sleeve Select Alum Railing - w/Cap & Skirt",,,,,,,,,,,,,,,,,,,,,,,,,,,"4x4-37"" Black Alum Post Sleeve Select Alum Railing - w/Cap & Skirt",,,,,,,,,,,,,,,,,,,,,,,,,,,,,,,,,,,,,,,,,,,,,,,,,,,,,,,,,,,,,,,,,,,,,,,,,,,,,,,,,,,,,,,,,,,,,,,,,,,,,,,,,,,,,,,,,,,,,,,,,,,,,,,,,,,,,,,,,,,,,,,,,,,,,,,,,,,,,,,,,,,,,,,,,,,,,,,,,,,,,,,,,,,,,,,,,,,,,
,,,,,,,,,,,543340898,"4x4-43"" Black Alum Post Sleeve Select Alum Railing w/Cap & Skirt",TREX,-- No Unilog Brand --,-- No DIB Brand --,Boise Cascade Building Materials (BOICA),Boise Cascade Building Materials,TREX,,543340898,,Industrial Supplies>General,"4x4-43"" Black Alum Post Sleeve Select Alum Railing w/Cap & Skirt",,"4x4-43"" Black Alum Post Sleeve Select Alum Railing w/Cap & Skirt",,"4x4-43"" Black Alum Post Sleeve Select Alum Railing w/Cap & Skirt",,,,,,,,,,,,,,,,,,,,,,,,,,,"4x4-43"" Black Alum Post Sleeve Select Alum Railing w/Cap & Skirt",,,,,,,,,,,,,,,,,,,,,,,,,,,,,,,,,,,,,,,,,,,,,,,,,,,,,,,,,,,,,,,,,,,,,,,,,,,,,,,,,,,,,,,,,,,,,,,,,,,,,,,,,,,,,,,,,,,,,,,,,,,,,,,,,,,,,,,,,,,,,,,,,,,,,,,,,,,,,,,,,,,,,,,,,,,,,,,,,,,,,,,,,,,,,,,,,,,,,
,,,,,,,,,,,73272TBK,6x6-10' Black Alum Deco - Support Post,DSI Westbury,-- No Unilog Brand --,-- No DIB Brand --,Palmer Donavin Mfg Company (PALDO),Palmer Donavin Mfg Company,DSI Westbury,,73272TBK,,Industrial Supplies>General,6x6-10' Black Alum Deco - Support Post,,6x6-10' Black Alum Deco - Support Post,,6x6-10' Black Alum Deco - Support Post,,,,,,,,,,,,,,,,,,,,,,,,,,,6x6-10' Black Alum Deco - Support Post,,,,,,,,,,,,,,,,,,,,,,,,,,,,,,,,,,,,,,,,,,,,,,,,,,,,,,,,,,,,,,,,,,,,,,,,,,,,,,,,,,,,,,,,,,,,,,,,,,,,,,,,,,,,,,,,,,,,,,,,,,,,,,,,,,,,,,,,,,,,,,,,,,,,,,,,,,,,,,,,,,,,,,,,,,,,,,,,,,,,,,,,,,,,,,,,,,,,,
,,,,,,,,,,,543302127,6' Wh Select T-Rail Kit Stair - w/Sq Composite Balusters,TREX,-- No Unilog Brand --,-- No DIB Brand --,U S Lumber (3073),U S Lumber,TREX,,543302127,,Industrial Supplies>General,6' Wh Select T-Rail Kit Stair - w/Sq Composite Balusters,,6' Wh Select T-Rail Kit Stair - w/Sq Composite Balusters,,6' Wh Select T-Rail Kit Stair - w/Sq Composite Balusters,,,,,,,,,,,,,,,,,,,,,,,,,,,6' Wh Select T-Rail Kit Stair - w/Sq Composite Balusters,,,,,,,,,,,,,,,,,,,,,,,,,,,,,,,,,,,,,,,,,,,,,,,,,,,,,,,,,,,,,,,,,,,,,,,,,,,,,,,,,,,,,,,,,,,,,,,,,,,,,,,,,,,,,,,,,,,,,,,,,,,,,,,,,,,,,,,,,,,,,,,,,,,,,,,,,,,,,,,,,,,,,,,,,,,,,,,,,,,,,,,,,,,,,,,,,,,,,
,,,,,,,,,,,543302147,8' Wh Select T-Rail Kit Stair - w/Sq Composite Balusters,TREX,-- No Unilog Brand --,-- No DIB Brand --,U S Lumber (3073),U S Lumber,TREX,,543302147,,Industrial Supplies>General,8' Wh Select T-Rail Kit Stair - w/Sq Composite Balusters,,8' Wh Select T-Rail Kit Stair - w/Sq Composite Balusters,,8' Wh Select T-Rail Kit Stair - w/Sq Composite Balusters,,,,,,,,,,,,,,,,,,,,,,,,,,,8' Wh Select T-Rail Kit Stair - w/Sq Composite Balusters,,,,,,,,,,,,,,,,,,,,,,,,,,,,,,,,,,,,,,,,,,,,,,,,,,,,,,,,,,,,,,,,,,,,,,,,,,,,,,,,,,,,,,,,,,,,,,,,,,,,,,,,,,,,,,,,,,,,,,,,,,,,,,,,,,,,,,,,,,,,,,,,,,,,,,,,,,,,,,,,,,,,,,,,,,,,,,,,,,,,,,,,,,,,,,,,,,,,,
,,,,,,,,,,,73019599,Finyline Wh 6' Str Rail Kit Sq,-- Unbranded --,-- No Unilog Brand --,-- No DIB Brand --,-,,,,73019599,,Industrial Supplies>General,Finyline Wh 6' Str Rail Kit Sq,,Finyline Wh 6' Str Rail Kit Sq,,Finyline Wh 6' Str Rail Kit Sq,,,,,,,,,,,,,,,,,,,,,,,,,,,Wh 6' Str Rail Kit Sq,,,,,,,,,,,,,,,,,,,,,,,,,,,,,,,,,,,,,,,,,,,,,,,,,,,,,,,,,,,,,,,,,,,,,,,,,,,,,,,,,,,,,,,,,,,,,,,,,,,,,,,,,,,,,,,,,,,,,,,,,,,,,,,,,,,,,,,,,,,,,,,,,,,,,,,,,,,,,,,,,,,,,,,,,,,,,,,,,,,,,,,,,,,,,,,,,,,,,
,,,,,,,,,,,73019648,Finyline Wh 8' Str Rail Kit Sq,-- Unbranded --,-- No Unilog Brand --,-- No DIB Brand --,-,,,,73019648,,Industrial Supplies>General,Finyline Wh 8' Str Rail Kit Sq,,Finyline Wh 8' Str Rail Kit Sq,,Finyline Wh 8' Str Rail Kit Sq,,,,,,,,,,,,,,,,,,,,,,,,,,,Wh 8' Str Rail Kit Sq,,,,,,,,,,,,,,,,,,,,,,,,,,,,,,,,,,,,,,,,,,,,,,,,,,,,,,,,,,,,,,,,,,,,,,,,,,,,,,,,,,,,,,,,,,,,,,,,,,,,,,,,,,,,,,,,,,,,,,,,,,,,,,,,,,,,,,,,,,,,,,,,,,,,,,,,,,,,,,,,,,,,,,,,,,,,,,,,,,,,,,,,,,,,,,,,,,,,,
,,,,,,,,,,,73019598,Finyline Wh 6' Str Rail Kit Rd - w/Black Alum Balusters,-- Unbranded --,-- No Unilog Brand --,-- No DIB Brand --,-,,BLACK+DECKER,,73019598,,Industrial Supplies>General,Finyline Wh 6' Str Rail Kit Rd - w/Black Alum Balusters,,Finyline Wh 6' Str Rail Kit Rd - w/Black Alum Balusters,,Finyline Wh 6' Str Rail Kit Rd - w/Black Alum Balusters,,,,,,,,,,,,,,,,,,,,,,,,,,,Wh 6' Str Rail Kit Rd - w/Black Alum Balusters,,,,,,,,,,,,,,,,,,,,,,,,,,,,,,,,,,,,,,,,,,,,,,,,,,,,,,,,,,,,,,,,,,,,,,,,,,,,,,,,,,,,,,,,,,,,,,,,,,,,,,,,,,,,,,,,,,,,,,,,,,,,,,,,,,,,,,,,,,,,,,,,,,,,,,,,,,,,,,,,,,,,,,,,,,,,,,,,,,,,,,,,,,,,,,,,,,,,,
,,,,,,,,,,,73019647,Finyline Wh 8' Str Rail Kit Rd - w/Black Alum Balusters,-- Unbranded --,-- No Unilog Brand --,-- No DIB Brand --,-,,BLACK+DECKER,,73019647,,Industrial Supplies>General,Finyline Wh 8' Str Rail Kit Rd - w/Black Alum Balusters,,Finyline Wh 8' Str Rail Kit Rd - w/Black Alum Balusters,,Finyline Wh 8' Str Rail Kit Rd - w/Black Alum Balusters,,,,,,,,,,,,,,,,,,,,,,,,,,,Wh 8' Str Rail Kit Rd - w/Black Alum Balusters,,,,,,,,,,,,,,,,,,,,,,,,,,,,,,,,,,,,,,,,,,,,,,,,,,,,,,,,,,,,,,,,,,,,,,,,,,,,,,,,,,,,,,,,,,,,,,,,,,,,,,,,,,,,,,,,,,,,,,,,,,,,,,,,,,,,,,,,,,,,,,,,,,,,,,,,,,,,,,,,,,,,,,,,,,,,,,,,,,,,,,,,,,,,,,,,,,,,,
,,,,,,,,,,,543300257,6' Black Select Classic Stair - Rail w/Rnd Black Alum Baluster,TREX,-- No Unilog Brand --,-- No DIB Brand --,Boise Cascade Building Materials (BOICA),Boise Cascade Building Materials,TREX,,543300257,,Industrial Supplies>General,6' Black Select Classic Stair - Rail w/Rnd Black Alum Baluster,,6' Black Select Classic Stair - Rail w/Rnd Black Alum Baluster,,6' Black Select Classic Stair - Rail w/Rnd Black Alum Baluster,,,,,,,,,,,,,,,,,,,,,,,,,,,6' Black Select Classic Stair - Rail w/Rnd Black Alum Baluster,,,,,,,,,,,,,,,,,,,,,,,,,,,,,,,,,,,,,,,,,,,,,,,,,,,,,,,,,,,,,,,,,,,,,,,,,,,,,,,,,,,,,,,,,,,,,,,,,,,,,,,,,,,,,,,,,,,,,,,,,,,,,,,,,,,,,,,,,,,,,,,,,,,,,,,,,,,,,,,,,,,,,,,,,,,,,,,,,,,,,,,,,,,,,,,,,,,,,
,,,,,,,,,,,543300277,8' Black Select Classic Stair - Rail w/Rnd Black Alum Baluster,TREX,-- No Unilog Brand --,-- No DIB Brand --,Boise Cascade Building Materials (BOICA),Boise Cascade Building Materials,TREX,,543300277,,Industrial Supplies>General,8' Black Select Classic Stair - Rail w/Rnd Black Alum Baluster,,8' Black Select Classic Stair - Rail w/Rnd Black Alum Baluster,,8' Black Select Classic Stair - Rail w/Rnd Black Alum Baluster,,,,,,,,,,,,,,,,,,,,,,,,,,,8' Black Select Classic Stair - Rail w/Rnd Black Alum Baluster,,,,,,,,,,,,,,,,,,,,,,,,,,,,,,,,,,,,,,,,,,,,,,,,,,,,,,,,,,,,,,,,,,,,,,,,,,,,,,,,,,,,,,,,,,,,,,,,,,,,,,,,,,,,,,,,,,,,,,,,,,,,,,,,,,,,,,,,,,,,,,,,,,,,,,,,,,,,,,,,,,,,,,,,,,,,,,,,,,,,,,,,,,,,,,,,,,,,,
,,,,,,,,,,,SPB-44BPL,"Patriot 4""x4""x37""/43"" Adjustable Self Leveling Support Post",-- Unbranded --,-- No Unilog Brand --,-- No DIB Brand --,-,,,,SPB-44BPL,,Industrial Supplies>General,"Patriot 4""x4""x37""/43"" Adjustable Self Leveling Support Post",,"Patriot 4""x4""x37""/43"" Adjustable Self Leveling Support Post",,"Patriot 4""x4""x37""/43"" Adjustable Self Leveling Support Post",,,,,,,,,,,,,,,,,,,,,,,,,,,"4""x4""x37""/43"" Adjustable Self Leveling Support Post",,,,,,,,,,,,,,,,,,,,,,,,,,,,,,,,,,,,,,,,,,,,,,,,,,,,,,,,,,,,,,,,,,,,,,,,,,,,,,,,,,,,,,,,,,,,,,,,,,,,,,,,,,,,,,,,,,,,,,,,,,,,,,,,,,,,,,,,,,,,,,,,,,,,,,,,,,,,,,,,,,,,,,,,,,,,,,,,,,,,,,,,,,,,,,,,,,,,,
,,,,,,,,,,,925219,"2""x50' Deck Joist Tape - Protecto Wrap",-- Unbranded --,-- No Unilog Brand --,-- No DIB Brand --,Palmer Donavin Mfg Company (PALDO),Palmer Donavin Mfg Company,,,925219,,Industrial Supplies>General,"2""x50' Deck Joist Tape - Protecto Wrap",,"2""x50' Deck Joist Tape - Protecto Wrap",,"2""x50' Deck Joist Tape - Protecto Wrap",,,,,,,,,,,,,,,,,,,,,,,,,,,"2""x50' Deck Joist Tape - Protecto Wrap",,,,,,,,,,,,,,,,,,,,,,,,,,,,,,,,,,,,,,,,,,,,,,,,,,,,,,,,,,,,,,,,,,,,,,,,,,,,,,,,,,,,,,,,,,,,,,,,,,,,,,,,,,,,,,,,,,,,,,,,,,,,,,,,,,,,,,,,,,,,,,,,,,,,,,,,,,,,,,,,,,,,,,,,,,,,,,,,,,,,,,,,,,,,,,,,,,,,,
,,,,,,,,,,,27233,24x48 WH Attic Access Door,AJM,-- No Unilog Brand --,-- No DIB Brand --,A J Manufacturing Inc (AJMAN),A J Manufacturing Inc,AJM,,27233,,Industrial Supplies>General,24x48 WH Attic Access Door,,24x48 WH Attic Access Door,,24x48 WH Attic Access Door,,,,,,,,,,,,,,,,,,,,,,,,,,,WH Attic Access Door,,,,,,,,,,,,,,,,,,,,,,,,,,,,,,,,,,,,,,,,,,,,,,,,,,,,,,,,,,,,,,,,,,,,,,,,,,,,,,,,,,,,,,,,,,,,,,,,,,,,,,,,,,,,,,,,,,,,,,,,,,,,,,,,,,,,,,,,,,,,,,,,,,,,,,,,,,,,,,,,,,,,,,,,,,,,,,,,,,,,,,,,,,,,,,,,,,,,,
,,,,,,,,,,,1517602,6068R Gliding Patio Dr 4500 United Blk Ext/WH Int LowE Arg w/J,United Window & Door,-- No Unilog Brand --,-- No DIB Brand --,United Window & Door Manufacturing (UNIWI),United Window & Door Manufacturing,United Window & Door,,1517602,,Industrial Supplies>General,6068R Gliding Patio Dr 4500 United Blk Ext/WH Int LowE Arg w/J,,6068R Gliding Patio Dr 4500 United Blk Ext/WH Int LowE Arg w/J,,6068R Gliding Patio Dr 4500 United Blk Ext/WH Int LowE Arg w/J,,,,,,,,,,,,,,,,,,,,,,,,,,,Gliding Patio Dr 4500 United Blk Ext/WH Int LowE Arg w/J,,,,,,,,,,,,,,,,,,,,,,,,,,,,,,,,,,,,,,,,,,,,,,,,,,,,,,,,,,,,,,,,,,,,,,,,,,,,,,,,,,,,,,,,,,,,,,,,,,,,,,,,,,,,,,,,,,,,,,,,,,,,,,,,,,,,,,,,,,,,,,,,,,,,,,,,,,,,,,,,,,,,,,,,,,,,,,,,,,,,,,,,,,,,,,,,,,,,,
,,,,,,,,,,,1517603,6068L Gliding Patio Dr 4500 United Blk Ext/WH Int LowE Arg w/J,United Window & Door,-- No Unilog Brand --,-- No DIB Brand --,United Window & Door Manufacturing (UNIWI),United Window & Door Manufacturing,United Window & Door,,1517603,,Industrial Supplies>General,6068L Gliding Patio Dr 4500 United Blk Ext/WH Int LowE Arg w/J,,6068L Gliding Patio Dr 4500 United Blk Ext/WH Int LowE Arg w/J,,6068L Gliding Patio Dr 4500 United Blk Ext/WH Int LowE Arg w/J,,,,,,,,,,,,,,,,,,,,,,,,,,,Gliding Patio Dr 4500 United Blk Ext/WH Int LowE Arg w/J,,,,,,,,,,,,,,,,,,,,,,,,,,,,,,,,,,,,,,,,,,,,,,,,,,,,,,,,,,,,,,,,,,,,,,,,,,,,,,,,,,,,,,,,,,,,,,,,,,,,,,,,,,,,,,,,,,,,,,,,,,,,,,,,,,,,,,,,,,,,,,,,,,,,,,,,,,,,,,,,,,,,,,,,,,,,,,,,,,,,,,,,,,,,,,,,,,,,,
,,,,,,,,,,,1517604,6068L Gliding Patio Dr 4500 United White LowE Arg w/J,United Window & Door,-- No Unilog Brand --,-- No DIB Brand --,United Window & Door Manufacturing (UNIWI),United Window & Door Manufacturing,United Window & Door,,1517604,,Industrial Supplies>General,6068L Gliding Patio Dr 4500 United White LowE Arg w/J,,6068L Gliding Patio Dr 4500 United White LowE Arg w/J,,6068L Gliding Patio Dr 4500 United White LowE Arg w/J,,,,,,,,,,,,,,,,,,,,,,,,,,,Gliding Patio Dr 4500 United White LowE Arg w/J,,,,,,,,,,,,,,,,,,,,,,,,,,,,,,,,,,,,,,,,,,,,,,,,,,,,,,,,,,,,,,,,,,,,,,,,,,,,,,,,,,,,,,,,,,,,,,,,,,,,,,,,,,,,,,,,,,,,,,,,,,,,,,,,,,,,,,,,,,,,,,,,,,,,,,,,,,,,,,,,,,,,,,,,,,,,,,,,,,,,,,,,,,,,,,,,,,,,,
,,,,,,,,,,,1517605,6068R Gliding Patio Dr 4500 United White LowE Arg w/J,United Window & Door,-- No Unilog Brand --,-- No DIB Brand --,United Window & Door Manufacturing (UNIWI),United Window & Door Manufacturing,United Window & Door,,1517605,,Industrial Supplies>General,6068R Gliding Patio Dr 4500 United White LowE Arg w/J,,6068R Gliding Patio Dr 4500 United White LowE Arg w/J,,6068R Gliding Patio Dr 4500 United White LowE Arg w/J,,,,,,,,,,,,,,,,,,,,,,,,,,,Gliding Patio Dr 4500 United White LowE Arg w/J,,,,,,,,,,,,,,,,,,,,,,,,,,,,,,,,,,,,,,,,,,,,,,,,,,,,,,,,,,,,,,,,,,,,,,,,,,,,,,,,,,,,,,,,,,,,,,,,,,,,,,,,,,,,,,,,,,,,,,,,,,,,,,,,,,,,,,,,,,,,,,,,,,,,,,,,,,,,,,,,,,,,,,,,,,,,,,,,,,,,,,,,,,,,,,,,,,,,,
,,,,,,,,,,,FS C01 2004S,"FS C01 Velux Fxd Skylt Gry/Wh - w/Solar Shade RO 21""x26-7/8""",-- Unbranded --,-- No Unilog Brand --,-- No DIB Brand --,Velux America Inc (VELAM),Velux America Inc,,,FS C01 2004S,,Industrial Supplies>General,"FS C01 Velux Fxd Skylt Gry/Wh - w/Solar Shade RO 21""x26-7/8""",,"FS C01 Velux Fxd Skylt Gry/Wh - w/Solar Shade RO 21""x26-7/8""",,"FS C01 Velux Fxd Skylt Gry/Wh - w/Solar Shade RO 21""x26-7/8""",,,,,,,,,,,,,,,,,,,,,,,,,,,"FS C01 Velux Fxd Skylt Gry/Wh - w/Solar Shade RO 21""x26-7/8""",,,,,,,,,,,,,,,,,,,,,,,,,,,,,,,,,,,,,,,,,,,,,,,,,,,,,,,,,,,,,,,,,,,,,,,,,,,,,,,,,,,,,,,,,,,,,,,,,,,,,,,,,,,,,,,,,,,,,,,,,,,,,,,,,,,,,,,,,,,,,,,,,,,,,,,,,,,,,,,,,,,,,,,,,,,,,,,,,,,,,,,,,,,,,,,,,,,,,
,,,,,,,,,,,FS C04 2004S,"FS C04 Velux Fxd Skylt Gry/Wh - w/Solar Shade RO 21""x37-7/8""",-- Unbranded --,-- No Unilog Brand --,-- No DIB Brand --,Velux America Inc (VELAM),Velux America Inc,,,FS C04 2004S,,Industrial Supplies>General,"FS C04 Velux Fxd Skylt Gry/Wh - w/Solar Shade RO 21""x37-7/8""",,"FS C04 Velux Fxd Skylt Gry/Wh - w/Solar Shade RO 21""x37-7/8""",,"FS C04 Velux Fxd Skylt Gry/Wh - w/Solar Shade RO 21""x37-7/8""",,,,,,,,,,,,,,,,,,,,,,,,,,,"FS C04 Velux Fxd Skylt Gry/Wh - w/Solar Shade RO 21""x37-7/8""",,,,,,,,,,,,,,,,,,,,,,,,,,,,,,,,,,,,,,,,,,,,,,,,,,,,,,,,,,,,,,,,,,,,,,,,,,,,,,,,,,,,,,,,,,,,,,,,,,,,,,,,,,,,,,,,,,,,,,,,,,,,,,,,,,,,,,,,,,,,,,,,,,,,,,,,,,,,,,,,,,,,,,,,,,,,,,,,,,,,,,,,,,,,,,,,,,,,,
,,,,,,,,,,,FS C06 2004S,"FS C06 Velux Fxd Skylt Gry/Wh - w/Solar Shade RO 21""x45-7/8""",-- Unbranded --,-- No Unilog Brand --,-- No DIB Brand --,Velux America Inc (VELAM),Velux America Inc,,,FS C06 2004S,,Industrial Supplies>General,"FS C06 Velux Fxd Skylt Gry/Wh - w/Solar Shade RO 21""x45-7/8""",,"FS C06 Velux Fxd Skylt Gry/Wh - w/Solar Shade RO 21""x45-7/8""",,"FS C06 Velux Fxd Skylt Gry/Wh - w/Solar Shade RO 21""x45-7/8""",,,,,,,,,,,,,,,,,,,,,,,,,,,"FS C06 Velux Fxd Skylt Gry/Wh - w/Solar Shade RO 21""x45-7/8""",,,,,,,,,,,,,,,,,,,,,,,,,,,,,,,,,,,,,,,,,,,,,,,,,,,,,,,,,,,,,,,,,,,,,,,,,,,,,,,,,,,,,,,,,,,,,,,,,,,,,,,,,,,,,,,,,,,,,,,,,,,,,,,,,,,,,,,,,,,,,,,,,,,,,,,,,,,,,,,,,,,,,,,,,,,,,,,,,,,,,,,,,,,,,,,,,,,,,
,,,,,,,,,,,1501831,31.5x14.75 Bsmt ecoLitePlus WH - Hopper DLA w/Screen,PROVIA,-- No Unilog Brand --,-- No DIB Brand --,ProVia (PRODO),ProVia,PROVIA,,1501831,,Industrial Supplies>General,31.5x14.75 Bsmt ecoLitePlus WH - Hopper DLA w/Screen,,31.5x14.75 Bsmt ecoLitePlus WH - Hopper DLA w/Screen,,31.5x14.75 Bsmt ecoLitePlus WH - Hopper DLA w/Screen,,,,,,,,,,,,,,,,,,,,,,,,,,,Bsmt ecoLitePlus WH - Hopper DLA w/Screen,,,,,,,,,,,,,,,,,,,,,,,,,,,,,,,,,,,,,,,,,,,,,,,,,,,,,,,,,,,,,,,,,,,,,,,,,,,,,,,,,,,,,,,,,,,,,,,,,,,,,,,,,,,,,,,,,,,,,,,,,,,,,,,,,,,,,,,,,,,,,,,,,,,,,,,,,,,,,,,,,,,,,,,,,,,,,,,,,,,,,,,,,,,,,,,,,,,,,
,,,,,,,,,,,1501832,31.5x22.75 Bsmt ecoLitePlus WH - Hopper DLA w/Screen,PROVIA,-- No Unilog Brand --,-- No DIB Brand --,ProVia (PRODO),ProVia,PROVIA,,1501832,,Industrial Supplies>General,31.5x22.75 Bsmt ecoLitePlus WH - Hopper DLA w/Screen,,31.5x22.75 Bsmt ecoLitePlus WH - Hopper DLA w/Screen,,31.5x22.75 Bsmt ecoLitePlus WH - Hopper DLA w/Screen,,,,,,,,,,,,,,,,,,,,,,,,,,,Bsmt ecoLitePlus WH - Hopper DLA w/Screen,,,,,,,,,,,,,,,,,,,,,,,,,,,,,,,,,,,,,,,,,,,,,,,,,,,,,,,,,,,,,,,,,,,,,,,,,,,,,,,,,,,,,,,,,,,,,,,,,,,,,,,,,,,,,,,,,,,,,,,,,,,,,,,,,,,,,,,,,,,,,,,,,,,,,,,,,,,,,,,,,,,,,,,,,,,,,,,,,,,,,,,,,,,,,,,,,,,,,
,,,,,,,,,,,1515974,3030 Slider 3900 United Black WH Int LowE-2 w/Half Scrn w/J,United Window & Door,-- No Unilog Brand --,-- No DIB Brand --,-,,United Window & Door,,1515974,,Industrial Supplies>General,3030 Slider 3900 United Black WH Int LowE-2 w/Half Scrn w/J,,3030 Slider 3900 United Black WH Int LowE-2 w/Half Scrn w/J,,3030 Slider 3900 United Black WH Int LowE-2 w/Half Scrn w/J,,,,,,,,,,,,,,,,,,,,,,,,,,,Slider 3900 United Black WH Int LowE-2 w/Half Scrn w/J,,,,,,,,,,,,,,,,,,,,,,,,,,,,,,,,,,,,,,,,,,,,,,,,,,,,,,,,,,,,,,,,,,,,,,,,,,,,,,,,,,,,,,,,,,,,,,,,,,,,,,,,,,,,,,,,,,,,,,,,,,,,,,,,,,,,,,,,,,,,,,,,,,,,,,,,,,,,,,,,,,,,,,,,,,,,,,,,,,,,,,,,,,,,,,,,,,,,,
,,,,,,,,,,,640383,"1/2"" 54""x10 Drywall Easi-Lite",-- Unbranded --,-- No Unilog Brand --,-- No DIB Brand --,Certainteed Gypsum (2765),Certainteed Gypsum,,,640383,,Industrial Supplies>General,"1/2"" 54""x10 Drywall Easi-Lite",,"1/2"" 54""x10 Drywall Easi-Lite",,"1/2"" 54""x10 Drywall Easi-Lite",,,,,,,,,,,,,,,,,,,,,,,,,,,"1/2"" 54""x10 Drywall Easi-Lite",,,,,,,,,,,,,,,,,,,,,,,,,,,,,,,,,,,,,,,,,,,,,,,,,,,,,,,,,,,,,,,,,,,,,,,,,,,,,,,,,,,,,,,,,,,,,,,,,,,,,,,,,,,,,,,,,,,,,,,,,,,,,,,,,,,,,,,,,,,,,,,,,,,,,,,,,,,,,,,,,,,,,,,,,,,,,,,,,,,,,,,,,,,,,,,,,,,,,
,,,,,,,,,,,653258,"5/8"" 4x9 Drywall Firelite",-- Unbranded --,-- No Unilog Brand --,-- No DIB Brand --,Certainteed Gypsum (2765),Certainteed Gypsum,,,653258,,Industrial Supplies>General,"5/8"" 4x9 Drywall Firelite",,"5/8"" 4x9 Drywall Firelite",,"5/8"" 4x9 Drywall Firelite",,,,,,,,,,,,,,,,,,,,,,,,,,,"5/8"" 4x9 Drywall Firelite",,,,,,,,,,,,,,,,,,,,,,,,,,,,,,,,,,,,,,,,,,,,,,,,,,,,,,,,,,,,,,,,,,,,,,,,,,,,,,,,,,,,,,,,,,,,,,,,,,,,,,,,,,,,,,,,,,,,,,,,,,,,,,,,,,,,,,,,,,,,,,,,,,,,,,,,,,,,,,,,,,,,,,,,,,,,,,,,,,,,,,,,,,,,,,,,,,,,,
,,,,,,,,,,,413S-DBA-36,"413S 36"" Alum Threshold DBZ",HAGER,-- No Unilog Brand --,-- No DIB Brand --,Hager Hinge Co (4189),Hager Hinge Co,HAGER,,413S-DBA-36,,Industrial Supplies>General,"413S 36"" Alum Threshold DBZ",,"413S 36"" Alum Threshold DBZ",,"413S 36"" Alum Threshold DBZ",,,,,,,,,,,,,,,,,,,,,,,,,,,"36"" Alum Threshold DBZ",,,,,,,,,,,,,,,,,,,,,,,,,,,,,,,,,,,,,,,,,,,,,,,,,,,,,,,,,,,,,,,,,,,,,,,,,,,,,,,,,,,,,,,,,,,,,,,,,,,,,,,,,,,,,,,,,,,,,,,,,,,,,,,,,,,,,,,,,,,,,,,,,,,,,,,,,,,,,,,,,,,,,,,,,,,,,,,,,,,,,,,,,,,,,,,,,,,,,
,,,,,,,,,,,413S-DBA-72,"413S 72"" Alum Threshold DBZ",HAGER,-- No Unilog Brand --,-- No DIB Brand --,Hager Hinge Co (4189),Hager Hinge Co,HAGER,,413S-DBA-72,,Industrial Supplies>General,"413S 72"" Alum Threshold DBZ",,"413S 72"" Alum Threshold DBZ",,"413S 72"" Alum Threshold DBZ",,,,,,,,,,,,,,,,,,,,,,,,,,,"72"" Alum Threshold DBZ",,,,,,,,,,,,,,,,,,,,,,,,,,,,,,,,,,,,,,,,,,,,,,,,,,,,,,,,,,,,,,,,,,,,,,,,,,,,,,,,,,,,,,,,,,,,,,,,,,,,,,,,,,,,,,,,,,,,,,,,,,,,,,,,,,,,,,,,,,,,,,,,,,,,,,,,,,,,,,,,,,,,,,,,,,,,,,,,,,,,,,,,,,,,,,,,,,,,,
,,,,,,,,,,,1511506,4'x65' Zip Rainscreen,-- Unbranded --,-- No Unilog Brand --,-- No DIB Brand --,Huber Eng Wood LLC (3158),Huber Eng Wood LLC,,,1511506,,Industrial Supplies>General,4'x65' Zip Rainscreen,,4'x65' Zip Rainscreen,,4'x65' Zip Rainscreen,,,,,,,,,,,,,,,,,,,,,,,,,,,4'x65' Zip Rainscreen,,,,,,,,,,,,,,,,,,,,,,,,,,,,,,,,,,,,,,,,,,,,,,,,,,,,,,,,,,,,,,,,,,,,,,,,,,,,,,,,,,,,,,,,,,,,,,,,,,,,,,,,,,,,,,,,,,,,,,,,,,,,,,,,,,,,,,,,,,,,,,,,,,,,,,,,,,,,,,,,,,,,,,,,,,,,,,,,,,,,,,,,,,,,,,,,,,,,,
,,,,,,,,,,,1513577,1x8-12' Doug Fir STK Smooth 1S2E,COMMODITY - UNBRANDED,-- No Unilog Brand --,-- No DIB Brand --,Westwood Lumber Sales (WESLU),Westwood Lumber Sales,COMMODITY - UNBRANDED,,1513577,,Industrial Supplies>General,1x8-12' Doug Fir STK Smooth 1S2E,,1x8-12' Doug Fir STK Smooth 1S2E,,1x8-12' Doug Fir STK Smooth 1S2E,,,,,,,,,,,,,,,,,,,,,,,,,,,1x8-12' Doug Fir STK Smooth 1S2E,,,,,,,,,,,,,,,,,,,,,,,,,,,,,,,,,,,,,,,,,,,,,,,,,,,,,,,,,,,,,,,,,,,,,,,,,,,,,,,,,,,,,,,,,,,,,,,,,,,,,,,,,,,,,,,,,,,,,,,,,,,,,,,,,,,,,,,,,,,,,,,,,,,,,,,,,,,,,,,,,,,,,,,,,,,,,,,,,,,,,,,,,,,,,,,,,,,,,
,,,,,,,,,,,1513578,1x8-16' Doug Fir STK Smooth 1S2E,COMMODITY - UNBRANDED,-- No Unilog Brand --,-- No DIB Brand --,Westwood Lumber Sales (WESLU),Westwood Lumber Sales,COMMODITY - UNBRANDED,,1513578,,Industrial Supplies>General,1x8-16' Doug Fir STK Smooth 1S2E,,1x8-16' Doug Fir STK Smooth 1S2E,,1x8-16' Doug Fir STK Smooth 1S2E,,,,,,,,,,,,,,,,,,,,,,,,,,,1x8-16' Doug Fir STK Smooth 1S2E,,,,,,,,,,,,,,,,,,,,,,,,,,,,,,,,,,,,,,,,,,,,,,,,,,,,,,,,,,,,,,,,,,,,,,,,,,,,,,,,,,,,,,,,,,,,,,,,,,,,,,,,,,,,,,,,,,,,,,,,,,,,,,,,,,,,,,,,,,,,,,,,,,,,,,,,,,,,,,,,,,,,,,,,,,,,,,,,,,,,,,,,,,,,,,,,,,,,,
,,,,,,,,,,,1513579,1x12-12 'Doug Fir STK Smooth 1S2E,COMMODITY - UNBRANDED,-- No Unilog Brand --,-- No DIB Brand --,Westwood Lumber Sales (WESLU),Westwood Lumber Sales,COMMODITY - UNBRANDED,,1513579,,Industrial Supplies>General,1x12-12 'Doug Fir STK Smooth 1S2E,,1x12-12 'Doug Fir STK Smooth 1S2E,,1x12-12 'Doug Fir STK Smooth 1S2E,,,,,,,,,,,,,,,,,,,,,,,,,,,'Doug Fir STK Smooth 1S2E,,,,,,,,,,,,,,,,,,,,,,,,,,,,,,,,,,,,,,,,,,,,,,,,,,,,,,,,,,,,,,,,,,,,,,,,,,,,,,,,,,,,,,,,,,,,,,,,,,,,,,,,,,,,,,,,,,,,,,,,,,,,,,,,,,,,,,,,,,,,,,,,,,,,,,,,,,,,,,,,,,,,,,,,,,,,,,,,,,,,,,,,,,,,,,,,,,,,,
,,,,,,,,,,,1513580,1x12-16' Doug Fir STK Smooth 1S2E,COMMODITY - UNBRANDED,-- No Unilog Brand --,-- No DIB Brand --,Westwood Lumber Sales (WESLU),Westwood Lumber Sales,COMMODITY - UNBRANDED,,1513580,,Industrial Supplies>General,1x12-16' Doug Fir STK Smooth 1S2E,,1x12-16' Doug Fir STK Smooth 1S2E,,1x12-16' Doug Fir STK Smooth 1S2E,,,,,,,,,,,,,,,,,,,,,,,,,,,1x12-16' Doug Fir STK Smooth 1S2E,,,,,,,,,,,,,,,,,,,,,,,,,,,,,,,,,,,,,,,,,,,,,,,,,,,,,,,,,,,,,,,,,,,,,,,,,,,,,,,,,,,,,,,,,,,,,,,,,,,,,,,,,,,,,,,,,,,,,,,,,,,,,,,,,,,,,,,,,,,,,,,,,,,,,,,,,,,,,,,,,,,,,,,,,,,,,,,,,,,,,,,,,,,,,,,,,,,,,
,,,,,,,,,,,1501767,"3/4"" 4x8T&G Huber Blue PlusOSB - Sub Floor",-- Unbranded --,-- No Unilog Brand --,-- No DIB Brand --,-,,,,1501767,,Industrial Supplies>General,"3/4"" 4x8T&G Huber Blue PlusOSB - Sub Floor",,"3/4"" 4x8T&G Huber Blue PlusOSB - Sub Floor",,"3/4"" 4x8T&G Huber Blue PlusOSB - Sub Floor",,,,,,,,,,,,,,,,,,,,,,,,,,,"3/4"" 4x8T&G Huber Blue PlusOSB - Sub Floor",,,,,,,,,,,,,,,,,,,,,,,,,,,,,,,,,,,,,,,,,,,,,,,,,,,,,,,,,,,,,,,,,,,,,,,,,,,,,,,,,,,,,,,,,,,,,,,,,,,,,,,,,,,,,,,,,,,,,,,,,,,,,,,,,,,,,,,,,,,,,,,,,,,,,,,,,,,,,,,,,,,,,,,,,,,,,,,,,,,,,,,,,,,,,,,,,,,,,
,,,,,,,,,,,PP-8BL,8' Premier Rib XL Black,-- Unbranded --,-- No Unilog Brand --,-- No DIB Brand --,Premier Metals (PREME),Premier Metals,BLACK+DECKER,,PP-8BL,,Industrial Supplies>General,8' Premier Rib XL Black,,8' Premier Rib XL Black,,8' Premier Rib XL Black,,,,,,,,,,,,,,,,,,,,,,,,,,,8' Premier Rib XL Black,,,,,,,,,,,,,,,,,,,,,,,,,,,,,,,,,,,,,,,,,,,,,,,,,,,,,,,,,,,,,,,,,,,,,,,,,,,,,,,,,,,,,,,,,,,,,,,,,,,,,,,,,,,,,,,,,,,,,,,,,,,,,,,,,,,,,,,,,,,,,,,,,,,,,,,,,,,,,,,,,,,,,,,,,,,,,,,,,,,,,,,,,,,,,,,,,,,,,
,,,,,,,,,,,PP-10BL,10' Premier Rib XL Black,-- Unbranded --,-- No Unilog Brand --,-- No DIB Brand --,Premier Metals (PREME),Premier Metals,BLACK+DECKER,,PP-10BL,,Industrial Supplies>General,10' Premier Rib XL Black,,10' Premier Rib XL Black,,10' Premier Rib XL Black,,,,,,,,,,,,,,,,,,,,,,,,,,,10' Premier Rib XL Black,,,,,,,,,,,,,,,,,,,,,,,,,,,,,,,,,,,,,,,,,,,,,,,,,,,,,,,,,,,,,,,,,,,,,,,,,,,,,,,,,,,,,,,,,,,,,,,,,,,,,,,,,,,,,,,,,,,,,,,,,,,,,,,,,,,,,,,,,,,,,,,,,,,,,,,,,,,,,,,,,,,,,,,,,,,,,,,,,,,,,,,,,,,,,,,,,,,,,
,,,,,,,,,,,PP-12BL,12' Premier Rib XL Black,-- Unbranded --,-- No Unilog Brand --,-- No DIB Brand --,Premier Metals (PREME),Premier Metals,BLACK+DECKER,,PP-12BL,,Industrial Supplies>General,12' Premier Rib XL Black,,12' Premier Rib XL Black,,12' Premier Rib XL Black,,,,,,,,,,,,,,,,,,,,,,,,,,,12' Premier Rib XL Black,,,,,,,,,,,,,,,,,,,,,,,,,,,,,,,,,,,,,,,,,,,,,,,,,,,,,,,,,,,,,,,,,,,,,,,,,,,,,,,,,,,,,,,,,,,,,,,,,,,,,,,,,,,,,,,,,,,,,,,,,,,,,,,,,,,,,,,,,,,,,,,,,,,,,,,,,,,,,,,,,,,,,,,,,,,,,,,,,,,,,,,,,,,,,,,,,,,,,
,,,,,,,,,,,PP-8CH,8' Premier Rib XL Charcoal,-- Unbranded --,-- No Unilog Brand --,-- No DIB Brand --,Premier Metals (PREME),Premier Metals,,,PP-8CH,,Industrial Supplies>General,8' Premier Rib XL Charcoal,,8' Premier Rib XL Charcoal,,8' Premier Rib XL Charcoal,,,,,,,,,,,,,,,,,,,,,,,,,,,8' Premier Rib XL Charcoal,,,,,,,,,,,,,,,,,,,,,,,,,,,,,,,,,,,,,,,,,,,,,,,,,,,,,,,,,,,,,,,,,,,,,,,,,,,,,,,,,,,,,,,,,,,,,,,,,,,,,,,,,,,,,,,,,,,,,,,,,,,,,,,,,,,,,,,,,,,,,,,,,,,,,,,,,,,,,,,,,,,,,,,,,,,,,,,,,,,,,,,,,,,,,,,,,,,,,
,,,,,,,,,,,PP-10CH,10' Premier Rib XL Charcoal,-- Unbranded --,-- No Unilog Brand --,-- No DIB Brand --,Premier Metals (PREME),Premier Metals,,,PP-10CH,,Industrial Supplies>General,10' Premier Rib XL Charcoal,,10' Premier Rib XL Charcoal,,10' Premier Rib XL Charcoal,,,,,,,,,,,,,,,,,,,,,,,,,,,10' Premier Rib XL Charcoal,,,,,,,,,,,,,,,,,,,,,,,,,,,,,,,,,,,,,,,,,,,,,,,,,,,,,,,,,,,,,,,,,,,,,,,,,,,,,,,,,,,,,,,,,,,,,,,,,,,,,,,,,,,,,,,,,,,,,,,,,,,,,,,,,,,,,,,,,,,,,,,,,,,,,,,,,,,,,,,,,,,,,,,,,,,,,,,,,,,,,,,,,,,,,,,,,,,,,
,,,,,,,,,,,PP-12CH,12' Premier Rib XL Charcoal,-- Unbranded --,-- No Unilog Brand --,-- No DIB Brand --,Premier Metals (PREME),Premier Metals,,,PP-12CH,,Industrial Supplies>General,12' Premier Rib XL Charcoal,,12' Premier Rib XL Charcoal,,12' Premier Rib XL Charcoal,,,,,,,,,,,,,,,,,,,,,,,,,,,12' Premier Rib XL Charcoal,,,,,,,,,,,,,,,,,,,,,,,,,,,,,,,,,,,,,,,,,,,,,,,,,,,,,,,,,,,,,,,,,,,,,,,,,,,,,,,,,,,,,,,,,,,,,,,,,,,,,,,,,,,,,,,,,,,,,,,,,,,,,,,,,,,,,,,,,,,,,,,,,,,,,,,,,,,,,,,,,,,,,,,,,,,,,,,,,,,,,,,,,,,,,,,,,,,,,
,,,,,,,,,,,PP-8WH,8' Premier Rib XL White,-- Unbranded --,-- No Unilog Brand --,-- No DIB Brand --,Premier Metals (PREME),Premier Metals,,,PP-8WH,,Industrial Supplies>General,8' Premier Rib XL White,,8' Premier Rib XL White,,8' Premier Rib XL White,,,,,,,,,,,,,,,,,,,,,,,,,,,8' Premier Rib XL White,,,,,,,,,,,,,,,,,,,,,,,,,,,,,,,,,,,,,,,,,,,,,,,,,,,,,,,,,,,,,,,,,,,,,,,,,,,,,,,,,,,,,,,,,,,,,,,,,,,,,,,,,,,,,,,,,,,,,,,,,,,,,,,,,,,,,,,,,,,,,,,,,,,,,,,,,,,,,,,,,,,,,,,,,,,,,,,,,,,,,,,,,,,,,,,,,,,,,
,,,,,,,,,,,PP-10WH,10' Premier Rib XL White,-- Unbranded --,-- No Unilog Brand --,-- No DIB Brand --,Premier Metals (PREME),Premier Metals,,,PP-10WH,,Industrial Supplies>General,10' Premier Rib XL White,,10' Premier Rib XL White,,10' Premier Rib XL White,,,,,,,,,,,,,,,,,,,,,,,,,,,10' Premier Rib XL White,,,,,,,,,,,,,,,,,,,,,,,,,,,,,,,,,,,,,,,,,,,,,,,,,,,,,,,,,,,,,,,,,,,,,,,,,,,,,,,,,,,,,,,,,,,,,,,,,,,,,,,,,,,,,,,,,,,,,,,,,,,,,,,,,,,,,,,,,,,,,,,,,,,,,,,,,,,,,,,,,,,,,,,,,,,,,,,,,,,,,,,,,,,,,,,,,,,,,
,,,,,,,,,,,1504345,OC Duration TruDef Wburg Gray (BDL),-- Unbranded --,-- No Unilog Brand --,-- No DIB Brand --,Palmer Donavin Mfg Company (PALDO),Palmer Donavin Mfg Company,,,1504345,,Industrial Supplies>General,OC Duration TruDef Wburg Gray (BDL),,OC Duration TruDef Wburg Gray (BDL),,OC Duration TruDef Wburg Gray (BDL),,,,,,,,,,,,,,,,,,,,,,,,,,,OC Duration TruDef Wburg Gray (BDL),,,,,,,,,,,,,,,,,,,,,,,,,,,,,,,,,,,,,,,,,,,,,,,,,,,,,,,,,,,,,,,,,,,,,,,,,,,,,,,,,,,,,,,,,,,,,,,,,,,,,,,,,,,,,,,,,,,,,,,,,,,,,,,,,,,,,,,,,,,,,,,,,,,,,,,,,,,,,,,,,,,,,,,,,,,,,,,,,,,,,,,,,,,,,,,,,,,,,
,,,,,,,,,,,2733,3'x65' Henry Eaveguard - Ice Guard,-- Unbranded --,-- No Unilog Brand --,-- No DIB Brand --,Palmer Donavin Mfg Company (PALDO),Palmer Donavin Mfg Company,,,2733,,Industrial Supplies>General,3'x65' Henry Eaveguard - Ice Guard,,3'x65' Henry Eaveguard - Ice Guard,,3'x65' Henry Eaveguard - Ice Guard,,,,,,,,,,,,,,,,,,,,,,,,,,,3'x65' Henry Eaveguard - Ice Guard,,,,,,,,,,,,,,,,,,,,,,,,,,,,,,,,,,,,,,,,,,,,,,,,,,,,,,,,,,,,,,,,,,,,,,,,,,,,,,,,,,,,,,,,,,,,,,,,,,,,,,,,,,,,,,,,,,,,,,,,,,,,,,,,,,,,,,,,,,,,,,,,,,,,,,,,,,,,,,,,,,,,,,,,,,,,,,,,,,,,,,,,,,,,,,,,,,,,,
,,,,,,,,,,,7547,Ice Guard OC Weathr Lk Mat 2sq,-- Unbranded --,-- No Unilog Brand --,-- No DIB Brand --,-,,,,7547,,Industrial Supplies>General,Ice Guard OC Weathr Lk Mat 2sq,,Ice Guard OC Weathr Lk Mat 2sq,,Ice Guard OC Weathr Lk Mat 2sq,,,,,,,,,,,,,,,,,,,,,,,,,,,Ice Guard OC Weathr Lk Mat 2sq,,,,,,,,,,,,,,,,,,,,,,,,,,,,,,,,,,,,,,,,,,,,,,,,,,,,,,,,,,,,,,,,,,,,,,,,,,,,,,,,,,,,,,,,,,,,,,,,,,,,,,,,,,,,,,,,,,,,,,,,,,,,,,,,,,,,,,,,,,,,,,,,,,,,,,,,,,,,,,,,,,,,,,,,,,,,,,,,,,,,,,,,,,,,,,,,,,,,,
,,,,,,,,,,,8912220,"7-1/4""x12' Hardie Sdg Smooth - Primed HardiePlank",JAMESHARDIE,-- No Unilog Brand --,-- No DIB Brand --,Boise Cascade Building Materials (BOICA),Boise Cascade Building Materials,JAMESHARDIE,,8912220,,Industrial Supplies>General,"7-1/4""x12' Hardie Sdg Smooth - Primed HardiePlank",,"7-1/4""x12' Hardie Sdg Smooth - Primed HardiePlank",,"7-1/4""x12' Hardie Sdg Smooth - Primed HardiePlank",,,,,,,,,,,,,,,,,,,,,,,,,,,"7-1/4""x12' Hardie Sdg Smooth - Primed HardiePlank",Thread Size,7-1,,,,,,,,,,,,,,,,,,,,,,,,,,,,,,,,,,,,,,,,,,,,,,,,,,,,,,,,,,,,,,,,,,,,,,,,,,,,,,,,,,,,,,,,,,,,,,,,,,,,,,,,,,,,,,,,,,,,,,,,,,,,,,,,,,,,,,,,,,,,,,,,,,,,,,,,,,,,,,,,,,,,,,,,,,,,,,,,,,,,,,,,,,,,,,,,,,,
,,,,,,,,,,,8904015,4'x10' HardiePanel Smooth - Primed,JAMESHARDIE,-- No Unilog Brand --,-- No DIB Brand --,Boise Cascade Building Materials (BOICA),Boise Cascade Building Materials,JAMESHARDIE,,8904015,,Industrial Supplies>General,4'x10' HardiePanel Smooth - Primed,,4'x10' HardiePanel Smooth - Primed,,4'x10' HardiePanel Smooth - Primed,,,,,,,,,,,,,,,,,,,,,,,,,,,4'x10' HardiePanel Smooth - Primed,,,,,,,,,,,,,,,,,,,,,,,,,,,,,,,,,,,,,,,,,,,,,,,,,,,,,,,,,,,,,,,,,,,,,,,,,,,,,,,,,,,,,,,,,,,,,,,,,,,,,,,,,,,,,,,,,,,,,,,,,,,,,,,,,,,,,,,,,,,,,,,,,,,,,,,,,,,,,,,,,,,,,,,,,,,,,,,,,,,,,,,,,,,,,,,,,,,,,
,,,,,,,,,,,25796,"6""x16' Smart Lap Sdg Cedar",LP SMARTSIDE,-- No Unilog Brand --,-- No DIB Brand --,U S Lumber (3073),U S Lumber,LP SMARTSIDE,,25796,,Industrial Supplies>General,"6""x16' Smart Lap Sdg Cedar",,"6""x16' Smart Lap Sdg Cedar",,"6""x16' Smart Lap Sdg Cedar",,,,,,,,,,,,,,,,,,,,,,,,,,,"6""x16' Smart Lap Sdg Cedar",,,,,,,,,,,,,,,,,,,,,,,,,,,,,,,,,,,,,,,,,,,,,,,,,,,,,,,,,,,,,,,,,,,,,,,,,,,,,,,,,,,,,,,,,,,,,,,,,,,,,,,,,,,,,,,,,,,,,,,,,,,,,,,,,,,,,,,,,,,,,,,,,,,,,,,,,,,,,,,,,,,,,,,,,,,,,,,,,,,,,,,,,,,,,,,,,,,,,
,,,,,,,,,,,40503,"3/8"" 16""x16' Smart Pan Cedar - No-Groove Sq Edge B&B",LP SMARTSIDE,-- No Unilog Brand --,-- No DIB Brand --,U S Lumber (3073),U S Lumber,LP SMARTSIDE,,40503,,Industrial Supplies>General,"3/8"" 16""x16' Smart Pan Cedar - No-Groove Sq Edge B&B",,"3/8"" 16""x16' Smart Pan Cedar - No-Groove Sq Edge B&B",,"3/8"" 16""x16' Smart Pan Cedar - No-Groove Sq Edge B&B",,,,,,,,,,,,,,,,,,,,,,,,,,,"3/8"" 16""x16' Smart Pan Cedar - No-Groove Sq Edge B&B",,,,,,,,,,,,,,,,,,,,,,,,,,,,,,,,,,,,,,,,,,,,,,,,,,,,,,,,,,,,,,,,,,,,,,,,,,,,,,,,,,,,,,,,,,,,,,,,,,,,,,,,,,,,,,,,,,,,,,,,,,,,,,,,,,,,,,,,,,,,,,,,,,,,,,,,,,,,,,,,,,,,,,,,,,,,,,,,,,,,,,,,,,,,,,,,,,,,,
,,,,,,,,,,,25825,"3/8"" 4x10 Smart Pan Cedar - No-Groove w/Shiplap Edges",LP SMARTSIDE,-- No Unilog Brand --,-- No DIB Brand --,U S Lumber (3073),U S Lumber,LP SMARTSIDE,,25825,,Industrial Supplies>General,"3/8"" 4x10 Smart Pan Cedar - No-Groove w/Shiplap Edges",,"3/8"" 4x10 Smart Pan Cedar - No-Groove w/Shiplap Edges",,"3/8"" 4x10 Smart Pan Cedar - No-Groove w/Shiplap Edges",,,,,,,,,,,,,,,,,,,,,,,,,,,"3/8"" 4x10 Smart Pan Cedar - No-Groove w/Shiplap Edges",,,,,,,,,,,,,,,,,,,,,,,,,,,,,,,,,,,,,,,,,,,,,,,,,,,,,,,,,,,,,,,,,,,,,,,,,,,,,,,,,,,,,,,,,,,,,,,,,,,,,,,,,,,,,,,,,,,,,,,,,,,,,,,,,,,,,,,,,,,,,,,,,,,,,,,,,,,,,,,,,,,,,,,,,,,,,,,,,,,,,,,,,,,,,,,,,,,,,
,,,,,,,,,,,25822,"3/8"" 12""x16' Smart Vented Soff - Cedar Soffit",LP SMARTSIDE,-- No Unilog Brand --,-- No DIB Brand --,U S Lumber (3073),U S Lumber,LP SMARTSIDE,,25822,,Industrial Supplies>General,"3/8"" 12""x16' Smart Vented Soff - Cedar Soffit",,"3/8"" 12""x16' Smart Vented Soff - Cedar Soffit",,"3/8"" 12""x16' Smart Vented Soff - Cedar Soffit",,,,,,,,,,,,,,,,,,,,,,,,,,,"3/8"" 12""x16' Smart Vented Soff - Cedar Soffit",,,,,,,,,,,,,,,,,,,,,,,,,,,,,,,,,,,,,,,,,,,,,,,,,,,,,,,,,,,,,,,,,,,,,,,,,,,,,,,,,,,,,,,,,,,,,,,,,,,,,,,,,,,,,,,,,,,,,,,,,,,,,,,,,,,,,,,,,,,,,,,,,,,,,,,,,,,,,,,,,,,,,,,,,,,,,,,,,,,,,,,,,,,,,,,,,,,,,
,,,,,,,,,,,543650101,Black Alum ADA Wall Mount Trex,TREX,-- No Unilog Brand --,-- No DIB Brand --,Boise Cascade Building Materials (BOICA),Boise Cascade Building Materials,TREX,,543650101,,Industrial Supplies>General,Black Alum ADA Wall Mount Trex,,Black Alum ADA Wall Mount Trex,,Black Alum ADA Wall Mount Trex,,,,,,,,,,,,,,,,,,,,,,,,,,,Alum ADA Wall Mount Trex,,,,,,,,,,,,,,,,,,,,,,,,,,,,,,,,,,,,,,,,,,,,,,,,,,,,,,,,,,,,,,,,,,,,,,,,,,,,,,,,,,,,,,,,,,,,,,,,,,,,,,,,,,,,,,,,,,,,,,,,,,,,,,,,,,,,,,,,,,,,,,,,,,,,,,,,,,,,,,,,,,,,,,,,,,,,,,,,,,,,,,,,,,,,,,,,,,,,,
,,,,,,,,,,,543650010,Black Alum ADA Int End Cap - Trex,TREX,-- No Unilog Brand --,-- No DIB Brand --,Boise Cascade Building Materials (BOICA),Boise Cascade Building Materials,TREX,,543650010,,Industrial Supplies>General,Black Alum ADA Int End Cap - Trex,,Black Alum ADA Int End Cap - Trex,,Black Alum ADA Int End Cap - Trex,,,,,,,,,,,,,,,,,,,,,,,,,,,Alum ADA Int End Cap - Trex,,,,,,,,,,,,,,,,,,,,,,,,,,,,,,,,,,,,,,,,,,,,,,,,,,,,,,,,,,,,,,,,,,,,,,,,,,,,,,,,,,,,,,,,,,,,,,,,,,,,,,,,,,,,,,,,,,,,,,,,,,,,,,,,,,,,,,,,,,,,,,,,,,,,,,,,,,,,,,,,,,,,,,,,,,,,,,,,,,,,,,,,,,,,,,,,,,,,,
,,,,,,,,,,,543650048,8' Black Alum ADA Rail Trex,TREX,-- No Unilog Brand --,-- No DIB Brand --,Boise Cascade Building Materials (BOICA),Boise Cascade Building Materials,TREX,,543650048,,Industrial Supplies>General,8' Black Alum ADA Rail Trex,,8' Black Alum ADA Rail Trex,,8' Black Alum ADA Rail Trex,,,,,,,,,,,,,,,,,,,,,,,,,,,8' Black Alum ADA Rail Trex,,,,,,,,,,,,,,,,,,,,,,,,,,,,,,,,,,,,,,,,,,,,,,,,,,,,,,,,,,,,,,,,,,,,,,,,,,,,,,,,,,,,,,,,,,,,,,,,,,,,,,,,,,,,,,,,,,,,,,,,,,,,,,,,,,,,,,,,,,,,,,,,,,,,,,,,,,,,,,,,,,,,,,,,,,,,,,,,,,,,,,,,,,,,,,,,,,,,,
,,,,,,,,,,,1506969,"1-1/2"" 4x8 Huber Zip R6.6 - Insulated R-Sheathing",-- Unbranded --,-- No Unilog Brand --,-- No DIB Brand --,-,,,,1506969,,Industrial Supplies>General,"1-1/2"" 4x8 Huber Zip R6.6 - Insulated R-Sheathing",,"1-1/2"" 4x8 Huber Zip R6.6 - Insulated R-Sheathing",,"1-1/2"" 4x8 Huber Zip R6.6 - Insulated R-Sheathing",,,,,,,,,,,,,,,,,,,,,,,,,,,"1-1/2"" 4x8 Huber Zip R6.6 - Insulated R-Sheathing",Thread Size,1-1,,,,,,,,,,,,,,,,,,,,,,,,,,,,,,,,,,,,,,,,,,,,,,,,,,,,,,,,,,,,,,,,,,,,,,,,,,,,,,,,,,,,,,,,,,,,,,,,,,,,,,,,,,,,,,,,,,,,,,,,,,,,,,,,,,,,,,,,,,,,,,,,,,,,,,,,,,,,,,,,,,,,,,,,,,,,,,,,,,,,,,,,,,,,,,,,,,,
,,,,,,,,,,,1514681,"1"" 4x8 Huber Zip R3.6 - Insulated R-Sheathing",-- Unbranded --,-- No Unilog Brand --,-- No DIB Brand --,-,,,,1514681,,Industrial Supplies>General,"1"" 4x8 Huber Zip R3.6 - Insulated R-Sheathing",,"1"" 4x8 Huber Zip R3.6 - Insulated R-Sheathing",,"1"" 4x8 Huber Zip R3.6 - Insulated R-Sheathing",,,,,,,,,,,,,,,,,,,,,,,,,,,"1"" 4x8 Huber Zip R3.6 - Insulated R-Sheathing",,,,,,,,,,,,,,,,,,,,,,,,,,,,,,,,,,,,,,,,,,,,,,,,,,,,,,,,,,,,,,,,,,,,,,,,,,,,,,,,,,,,,,,,,,,,,,,,,,,,,,,,,,,,,,,,,,,,,,,,,,,,,,,,,,,,,,,,,,,,,,,,,,,,,,,,,,,,,,,,,,,,,,,,,,,,,,,,,,,,,,,,,,,,,,,,,,,,,
,,,,,,,,,,,1514726,"2"" 4x8 Huber Zip R9.6 - Insulated R-Sheathing",-- Unbranded --,-- No Unilog Brand --,-- No DIB Brand --,-,,,,1514726,,Industrial Supplies>General,"2"" 4x8 Huber Zip R9.6 - Insulated R-Sheathing",,"2"" 4x8 Huber Zip R9.6 - Insulated R-Sheathing",,"2"" 4x8 Huber Zip R9.6 - Insulated R-Sheathing",,,,,,,,,,,,,,,,,,,,,,,,,,,"2"" 4x8 Huber Zip R9.6 - Insulated R-Sheathing",,,,,,,,,,,,,,,,,,,,,,,,,,,,,,,,,,,,,,,,,,,,,,,,,,,,,,,,,,,,,,,,,,,,,,,,,,,,,,,,,,,,,,,,,,,,,,,,,,,,,,,,,,,,,,,,,,,,,,,,,,,,,,,,,,,,,,,,,,,,,,,,,,,,,,,,,,,,,,,,,,,,,,,,,,,,,,,,,,,,,,,,,,,,,,,,,,,,,
,,,,,,,,,,,1728ABL,2x2 Black Fine Fissured 1728BL,-- Unbranded --,-- No Unilog Brand --,-- No DIB Brand --,Palmer Donavin Mfg Company (PALDO),Palmer Donavin Mfg Company,BLACK+DECKER,,1728ABL,,Industrial Supplies>General,2x2 Black Fine Fissured 1728BL,,2x2 Black Fine Fissured 1728BL,,2x2 Black Fine Fissured 1728BL,,,,,,,,,,,,,,,,,,,,,,,,,,,2x2 Black Fine Fissured 1728BL,,,,,,,,,,,,,,,,,,,,,,,,,,,,,,,,,,,,,,,,,,,,,,,,,,,,,,,,,,,,,,,,,,,,,,,,,,,,,,,,,,,,,,,,,,,,,,,,,,,,,,,,,,,,,,,,,,,,,,,,,,,,,,,,,,,,,,,,,,,,,,,,,,,,,,,,,,,,,,,,,,,,,,,,,,,,,,,,,,,,,,,,,,,,,,,,,,,,,
,,,,,,,,,,,402-R,402R 12V12AH 8D Battery,-- Unbranded --,-- No Unilog Brand --,-- No DIB Brand --,MillerTech Energy Solutions (MILTE),MillerTech Energy Solutions,,,402-R,,Industrial Supplies>General,402R 12V12AH 8D Battery,,402R 12V12AH 8D Battery,,402R 12V12AH 8D Battery,,,,,,,,,,,,,,,,,,,,,,,,,,,12V12AH 8D Battery,,,,,,,,,,,,,,,,,,,,,,,,,,,,,,,,,,,,,,,,,,,,,,,,,,,,,,,,,,,,,,,,,,,,,,,,,,,,,,,,,,,,,,,,,,,,,,,,,,,,,,,,,,,,,,,,,,,,,,,,,,,,,,,,,,,,,,,,,,,,,,,,,,,,,,,,,,,,,,,,,,,,,,,,,,,,,,,,,,,,,,,,,,,,,,,,,,,,,
,,,,,,,,,,,SL1672,SL1672 Jumpstart & Pwr Supply,-- Unbranded --,-- No Unilog Brand --,Schumacher,-,,Schumacher,,SL1672,,Industrial Supplies>General,SL1672 Jumpstart & Pwr Supply,,SL1672 Jumpstart & Pwr Supply,,SL1672 Jumpstart & Pwr Supply,,,,,,,,,,,,,,,,,,,,,,,,,,,Jumpstart & Pwr Supply,,,,,,,,,,,,,,,,,,,,,,,,,,,,,,,,,,,,,,,,,,,,,,,,,,,,,,,,,,,,,,,,,,,,,,,,,,,,,,,,,,,,,,,,,,,,,,,,,,,,,,,,,,,,,,,,,,,,,,,,,,,,,,,,,,,,,,,,,,,,,,,,,,,,,,,,,,,,,,,,,,,,,,,,,,,,,,,,,,,,,,,,,,,,,,,,,,,,,
,,,,,,,,,,,BM-DW20-YLW-6,BM-DW20-YLW-6 Dewalt - Battery Mounts 6pk,-- Unbranded --,-- No Unilog Brand --,StealthMounts,Metalmark Industrial Inc (METIN),Metalmark Industrial Inc,StealthMounts,,BM-DW20-YLW-6,,Industrial Supplies>General,BM-DW20-YLW-6 Dewalt - Battery Mounts 6pk,,BM-DW20-YLW-6 Dewalt - Battery Mounts 6pk,,BM-DW20-YLW-6 Dewalt - Battery Mounts 6pk,,,,,,,,,,,,,,,,,,,,,,,,,,,Dewalt - Battery Mounts 6pk,,,,,,,,,,,,,,,,,,,,,,,,,,,,,,,,,,,,,,,,,,,,,,,,,,,,,,,,,,,,,,,,,,,,,,,,,,,,,,,,,,,,,,,,,,,,,,,,,,,,,,,,,,,,,,,,,,,,,,,,,,,,,,,,,,,,,,,,,,,,,,,,,,,,,,,,,,,,,,,,,,,,,,,,,,,,,,,,,,,,,,,,,,,,,,,,,,,,,
,,,,,,,,,,,BHA1-UPC,16-24 Adjust Hanger,-- Unbranded --,-- No Unilog Brand --,Southwire,Southwire/g Turner (6603),Southwire/g Turner,Southwire,,BHA1-UPC,,Industrial Supplies>General,16-24 Adjust Hanger,,16-24 Adjust Hanger,,16-24 Adjust Hanger,,,,,,,,,,,,,,,,,,,,,,,,,,,Adjust Hanger,Thread Size,16-24,,,,,,,,,,,,,,,,,,,,,,,,,,,,,,,,,,,,,,,,,,,,,,,,,,,,,,,,,,,,,,,,,,,,,,,,,,,,,,,,,,,,,,,,,,,,,,,,,,,,,,,,,,,,,,,,,,,,,,,,,,,,,,,,,,,,,,,,,,,,,,,,,,,,,,,,,,,,,,,,,,,,,,,,,,,,,,,,,,,,,,,,,,,,,,,,,,,
,,,,,,,,,,,G1941-UPC,"G1941UPC 4"" Sq Cover Sw/Outlet",-- Unbranded --,-- No Unilog Brand --,Southwire,Southwire/g Turner (6603),Southwire/g Turner,Southwire,,G1941-UPC,,Industrial Supplies>General,"G1941UPC 4"" Sq Cover Sw/Outlet",,"G1941UPC 4"" Sq Cover Sw/Outlet",,"G1941UPC 4"" Sq Cover Sw/Outlet",,,,,,,,,,,,,,,,,,,,,,,,,,,"4"" Sq Cover Sw/Outlet",,,,,,,,,,,,,,,,,,,,,,,,,,,,,,,,,,,,,,,,,,,,,,,,,,,,,,,,,,,,,,,,,,,,,,,,,,,,,,,,,,,,,,,,,,,,,,,,,,,,,,,,,,,,,,,,,,,,,,,,,,,,,,,,,,,,,,,,,,,,,,,,,,,,,,,,,,,,,,,,,,,,,,,,,,,,,,,,,,,,,,,,,,,,,,,,,,,,,
,,,,,,,,,,,G1950-UPC,4x4 2G GFI Box Cover,-- Unbranded --,-- No Unilog Brand --,Southwire,Southwire/g Turner (6603),Southwire/g Turner,Southwire,,G1950-UPC,,Industrial Supplies>General,4x4 2G GFI Box Cover,,4x4 2G GFI Box Cover,,4x4 2G GFI Box Cover,,,,,,,,,,,,,,,,,,,,,,,,,,,4x4 2G GFI Box Cover,,,,,,,,,,,,,,,,,,,,,,,,,,,,,,,,,,,,,,,,,,,,,,,,,,,,,,,,,,,,,,,,,,,,,,,,,,,,,,,,,,,,,,,,,,,,,,,,,,,,,,,,,,,,,,,,,,,,,,,,,,,,,,,,,,,,,,,,,,,,,,,,,,,,,,,,,,,,,,,,,,,,,,,,,,,,,,,,,,,,,,,,,,,,,,,,,,,,,
,,,,,,,,,,,A410RCAR,4x4 1G PVC Box Cover,-- Unbranded --,-- No Unilog Brand --,Carlon,Thomas & Betts (7405),Thomas & Betts,Carlon,,A410RCAR,,Industrial Supplies>General,4x4 1G PVC Box Cover,,4x4 1G PVC Box Cover,,4x4 1G PVC Box Cover,,,,,,,,,,,,,,,,,,,,,,,,,,,4x4 1G PVC Box Cover,,,,,,,,,,,,,,,,,,,,,,,,,,,,,,,,,,,,,,,,,,,,,,,,,,,,,,,,,,,,,,,,,,,,,,,,,,,,,,,,,,,,,,,,,,,,,,,,,,,,,,,,,,,,,,,,,,,,,,,,,,,,,,,,,,,,,,,,,,,,,,,,,,,,,,,,,,,,,,,,,,,,,,,,,,,,,,,,,,,,,,,,,,,,,,,,,,,,,
,,,,,,,,,,,G1951-UPC,4x4 2G GFCI Duplex Box Cover,-- Unbranded --,-- No Unilog Brand --,Southwire,Southwire/g Turner (6603),Southwire/g Turner,Southwire,,G1951-UPC,,Industrial Supplies>General,4x4 2G GFCI Duplex Box Cover,,4x4 2G GFCI Duplex Box Cover,,4x4 2G GFCI Duplex Box Cover,,,,,,,,,,,,,,,,,,,,,,,,,,,4x4 2G GFCI Duplex Box Cover,,,,,,,,,,,,,,,,,,,,,,,,,,,,,,,,,,,,,,,,,,,,,,,,,,,,,,,,,,,,,,,,,,,,,,,,,,,,,,,,,,,,,,,,,,,,,,,,,,,,,,,,,,,,,,,,,,,,,,,,,,,,,,,,,,,,,,,,,,,,,,,,,,,,,,,,,,,,,,,,,,,,,,,,,,,,,,,,,,,,,,,,,,,,,,,,,,,,,
,,,,,,,,,,,52C3-5/8-UPC,4x4 1G Box Cover,-- Unbranded --,-- No Unilog Brand --,Southwire,Southwire/g Turner (6603),Southwire/g Turner,Southwire,,52C3-5/8-UPC,,Industrial Supplies>General,4x4 1G Box Cover,,4x4 1G Box Cover,,4x4 1G Box Cover,,,,,,,,,,,,,,,,,,,,,,,,,,,4x4 1G Box Cover,,,,,,,,,,,,,,,,,,,,,,,,,,,,,,,,,,,,,,,,,,,,,,,,,,,,,,,,,,,,,,,,,,,,,,,,,,,,,,,,,,,,,,,,,,,,,,,,,,,,,,,,,,,,,,,,,,,,,,,,,,,,,,,,,,,,,,,,,,,,,,,,,,,,,,,,,,,,,,,,,,,,,,,,,,,,,,,,,,,,,,,,,,,,,,,,,,,,,
,,,,,,,,,,,52C14-5/8-UPC,4x4 1G Box Cover,-- Unbranded --,-- No Unilog Brand --,Southwire,Southwire/g Turner (6603),Southwire/g Turner,Southwire,,52C14-5/8-UPC,,Industrial Supplies>General,4x4 1G Box Cover,,4x4 1G Box Cover,,4x4 1G Box Cover,,,,,,,,,,,,,,,,,,,,,,,,,,,4x4 1G Box Cover,,,,,,,,,,,,,,,,,,,,,,,,,,,,,,,,,,,,,,,,,,,,,,,,,,,,,,,,,,,,,,,,,,,,,,,,,,,,,,,,,,,,,,,,,,,,,,,,,,,,,,,,,,,,,,,,,,,,,,,,,,,,,,,,,,,,,,,,,,,,,,,,,,,,,,,,,,,,,,,,,,,,,,,,,,,,,,,,,,,,,,,,,,,,,,,,,,,,,
,,,,,,,,,,,52C3-UPC,4x4 1G Box Cover,-- Unbranded --,-- No Unilog Brand --,Southwire,Southwire/g Turner (6603),Southwire/g Turner,Southwire,,52C3-UPC,,Industrial Supplies>General,4x4 1G Box Cover,,4x4 1G Box Cover,,4x4 1G Box Cover,,,,,,,,,,,,,,,,,,,,,,,,,,,4x4 1G Box Cover,,,,,,,,,,,,,,,,,,,,,,,,,,,,,,,,,,,,,,,,,,,,,,,,,,,,,,,,,,,,,,,,,,,,,,,,,,,,,,,,,,,,,,,,,,,,,,,,,,,,,,,,,,,,,,,,,,,,,,,,,,,,,,,,,,,,,,,,,,,,,,,,,,,,,,,,,,,,,,,,,,,,,,,,,,,,,,,,,,,,,,,,,,,,,,,,,,,,,
,,,,,,,,,,,54151-F-UPC,4x4x1-1/2 Oct Box w/Bracket,-- Unbranded --,-- No Unilog Brand --,Southwire,Southwire/g Turner (6603),Southwire/g Turner,Southwire,,54151-F-UPC,,Industrial Supplies>General,4x4x1-1/2 Oct Box w/Bracket,,4x4x1-1/2 Oct Box w/Bracket,,4x4x1-1/2 Oct Box w/Bracket,,,,,,,,,,,,,,,,,,,,,,,,,,,Oct Box w/Bracket,,,,,,,,,,,,,,,,,,,,,,,,,,,,,,,,,,,,,,,,,,,,,,,,,,,,,,,,,,,,,,,,,,,,,,,,,,,,,,,,,,,,,,,,,,,,,,,,,,,,,,,,,,,,,,,,,,,,,,,,,,,,,,,,,,,,,,,,,,,,,,,,,,,,,,,,,,,,,,,,,,,,,,,,,,,,,,,,,,,,,,,,,,,,,,,,,,,,,
,,,,,,,,,,,54151-HUR-UPC,4x4x1-1/2 Oct Box w/Hanger,-- Unbranded --,-- No Unilog Brand --,Southwire,Southwire/g Turner (6603),Southwire/g Turner,Southwire,,54151-HUR-UPC,,Industrial Supplies>General,4x4x1-1/2 Oct Box w/Hanger,,4x4x1-1/2 Oct Box w/Hanger,,4x4x1-1/2 Oct Box w/Hanger,,,,,,,,,,,,,,,,,,,,,,,,,,,Oct Box w/Hanger,,,,,,,,,,,,,,,,,,,,,,,,,,,,,,,,,,,,,,,,,,,,,,,,,,,,,,,,,,,,,,,,,,,,,,,,,,,,,,,,,,,,,,,,,,,,,,,,,,,,,,,,,,,,,,,,,,,,,,,,,,,,,,,,,,,,,,,,,,,,,,,,,,,,,,,,,,,,,,,,,,,,,,,,,,,,,,,,,,,,,,,,,,,,,,,,,,,,,
,,,,,,,,,,,54151-JR-UPC,4x4x1-1/2 Oct Box w/Brakcet,-- Unbranded --,-- No Unilog Brand --,Southwire,Southwire/g Turner (6603),Southwire/g Turner,Southwire,,54151-JR-UPC,,Industrial Supplies>General,4x4x1-1/2 Oct Box w/Brakcet,,4x4x1-1/2 Oct Box w/Brakcet,,4x4x1-1/2 Oct Box w/Brakcet,,,,,,,,,,,,,,,,,,,,,,,,,,,Oct Box w/Brakcet,,,,,,,,,,,,,,,,,,,,,,,,,,,,,,,,,,,,,,,,,,,,,,,,,,,,,,,,,,,,,,,,,,,,,,,,,,,,,,,,,,,,,,,,,,,,,,,,,,,,,,,,,,,,,,,,,,,,,,,,,,,,,,,,,,,,,,,,,,,,,,,,,,,,,,,,,,,,,,,,,,,,,,,,,,,,,,,,,,,,,,,,,,,,,,,,,,,,,
,,,,,,,,,,,54171-R-UPC,4x4x2 Oct Box,-- Unbranded --,-- No Unilog Brand --,Southwire,Southwire/g Turner (6603),Southwire/g Turner,Southwire,,54171-R-UPC,,Industrial Supplies>General,4x4x2 Oct Box,,4x4x2 Oct Box,,4x4x2 Oct Box,,,,,,,,,,,,,,,,,,,,,,,,,,,Oct Box,,,,,,,,,,,,,,,,,,,,,,,,,,,,,,,,,,,,,,,,,,,,,,,,,,,,,,,,,,,,,,,,,,,,,,,,,,,,,,,,,,,,,,,,,,,,,,,,,,,,,,,,,,,,,,,,,,,,,,,,,,,,,,,,,,,,,,,,,,,,,,,,,,,,,,,,,,,,,,,,,,,,,,,,,,,,,,,,,,,,,,,,,,,,,,,,,,,,,
,,,,,,,,,,,52151-S-UPC,4x4x1-1/2 Square Box,-- Unbranded --,-- No Unilog Brand --,Southwire,Southwire/g Turner (6603),Southwire/g Turner,Southwire,,52151-S-UPC,,Industrial Supplies>General,4x4x1-1/2 Square Box,,4x4x1-1/2 Square Box,,4x4x1-1/2 Square Box,,,,,,,,,,,,,,,,,,,,,,,,,,,Square Box,,,,,,,,,,,,,,,,,,,,,,,,,,,,,,,,,,,,,,,,,,,,,,,,,,,,,,,,,,,,,,,,,,,,,,,,,,,,,,,,,,,,,,,,,,,,,,,,,,,,,,,,,,,,,,,,,,,,,,,,,,,,,,,,,,,,,,,,,,,,,,,,,,,,,,,,,,,,,,,,,,,,,,,,,,,,,,,,,,,,,,,,,,,,,,,,,,,,,
,,,,,,,,,,,72171-3/4-1W-UPC,4-1/2x4-1/2x2 2G Box,-- Unbranded --,-- No Unilog Brand --,Southwire,Southwire/g Turner (6603),Southwire/g Turner,Southwire,,72171-3/4-1W-UPC,,Industrial Supplies>General,4-1/2x4-1/2x2 2G Box,,4-1/2x4-1/2x2 2G Box,,4-1/2x4-1/2x2 2G Box,,,,,,,,,,,,,,,,,,,,,,,,,,,2G Box,Thread Size,4-1,,,,,,,,,,,,,,,,,,,,,,,,,,,,,,,,,,,,,,,,,,,,,,,,,,,,,,,,,,,,,,,,,,,,,,,,,,,,,,,,,,,,,,,,,,,,,,,,,,,,,,,,,,,,,,,,,,,,,,,,,,,,,,,,,,,,,,,,,,,,,,,,,,,,,,,,,,,,,,,,,,,,,,,,,,,,,,,,,,,,,,,,,,,,,,,,,,,
,,,,,,,,,,,5522-5EV,5522-5EV 2 Port Decor Plate,-- Unbranded --,-- No Unilog Brand --,-- No DIB Brand --,Cooper Wiring Devices (3560),Cooper Wiring Devices,,,5522-5EV,,Industrial Supplies>General,5522-5EV 2 Port Decor Plate,,5522-5EV 2 Port Decor Plate,,5522-5EV 2 Port Decor Plate,,,,,,,,,,,,,,,,,,,,,,,,,,,2 Port Decor Plate,,,,,,,,,,,,,,,,,,,,,,,,,,,,,,,,,,,,,,,,,,,,,,,,,,,,,,,,,,,,,,,,,,,,,,,,,,,,,,,,,,,,,,,,,,,,,,,,,,,,,,,,,,,,,,,,,,,,,,,,,,,,,,,,,,,,,,,,,,,,,,,,,,,,,,,,,,,,,,,,,,,,,,,,,,,,,,,,,,,,,,,,,,,,,,,,,,,,,
,,,,,,,,,,,AYCL-153PH-LA,AYCL-153PH-LA Lutron Dimmer LA,-- Unbranded --,-- No Unilog Brand --,-- No DIB Brand --,Fenton Bros Electric Inc (FENBR),Fenton Bros Electric Inc,,,AYCL-153PH-LA,,Industrial Supplies>General,AYCL-153PH-LA Lutron Dimmer LA,,AYCL-153PH-LA Lutron Dimmer LA,,AYCL-153PH-LA Lutron Dimmer LA,,,,,,,,,,,,,,,,,,,,,,,,,,,Lutron Dimmer LA,,,,,,,,,,,,,,,,,,,,,,,,,,,,,,,,,,,,,,,,,,,,,,,,,,,,,,,,,,,,,,,,,,,,,,,,,,,,,,,,,,,,,,,,,,,,,,,,,,,,,,,,,,,,,,,,,,,,,,,,,,,,,,,,,,,,,,,,,,,,,,,,,,,,,,,,,,,,,,,,,,,,,,,,,,,,,,,,,,,,,,,,,,,,,,,,,,,,,
,,,,,,,,,,,AYCL-153PH-WH,AYCL-153PH-WH Lutron Dimmer Wh,-- Unbranded --,-- No Unilog Brand --,-- No DIB Brand --,Fenton Bros Electric Inc (FENBR),Fenton Bros Electric Inc,,,AYCL-153PH-WH,,Industrial Supplies>General,AYCL-153PH-WH Lutron Dimmer Wh,,AYCL-153PH-WH Lutron Dimmer Wh,,AYCL-153PH-WH Lutron Dimmer Wh,,,,,,,,,,,,,,,,,,,,,,,,,,,Lutron Dimmer Wh,,,,,,,,,,,,,,,,,,,,,,,,,,,,,,,,,,,,,,,,,,,,,,,,,,,,,,,,,,,,,,,,,,,,,,,,,,,,,,,,,,,,,,,,,,,,,,,,,,,,,,,,,,,,,,,,,,,,,,,,,,,,,,,,,,,,,,,,,,,,,,,,,,,,,,,,,,,,,,,,,,,,,,,,,,,,,,,,,,,,,,,,,,,,,,,,,,,,,
,,,,,,,,,,,D23LP-R02-1RW,D23LPR021RW Plug In Dimmer Wh,-- Unbranded --,-- No Unilog Brand --,Leviton,Leviton Mfg Co (4927),Leviton Mfg Co,Leviton,,D23LP-R02-1RW,,Industrial Supplies>General,D23LPR021RW Plug In Dimmer Wh,,D23LPR021RW Plug In Dimmer Wh,,D23LPR021RW Plug In Dimmer Wh,,,,,,,,,,,,,,,,,,,,,,,,,,,Plug In Dimmer Wh,,,,,,,,,,,,,,,,,,,,,,,,,,,,,,,,,,,,,,,,,,,,,,,,,,,,,,,,,,,,,,,,,,,,,,,,,,,,,,,,,,,,,,,,,,,,,,,,,,,,,,,,,,,,,,,,,,,,,,,,,,,,,,,,,,,,,,,,,,,,,,,,,,,,,,,,,,,,,,,,,,,,,,,,,,,,,,,,,,,,,,,,,,,,,,,,,,,,,
,,,,,,,,,,,TNOCD002,TNOCD002 125V Outdooor Timer,-- Unbranded --,-- No Unilog Brand --,Prime,Prime Wire & Cable (3562),Prime Wire & Cable,Prime,,TNOCD002,,Industrial Supplies>General,TNOCD002 125V Outdooor Timer,,TNOCD002 125V Outdooor Timer,,TNOCD002 125V Outdooor Timer,,,,,,,,,,,,,,,,,,,,,,,,,,,125V Outdooor Timer,,,,,,,,,,,,,,,,,,,,,,,,,,,,,,,,,,,,,,,,,,,,,,,,,,,,,,,,,,,,,,,,,,,,,,,,,,,,,,,,,,,,,,,,,,,,,,,,,,,,,,,,,,,,,,,,,,,,,,,,,,,,,,,,,,,,,,,,,,,,,,,,,,,,,,,,,,,,,,,,,,,,,,,,,,,,,,,,,,,,,,,,,,,,,,,,,,,,,
,,,,,,,,,,,TNDHD002,TNDHD002 125V 7Day Timer,-- Unbranded --,-- No Unilog Brand --,Prime,Prime Wire & Cable (3562),Prime Wire & Cable,Prime,,TNDHD002,,Industrial Supplies>General,TNDHD002 125V 7Day Timer,,TNDHD002 125V 7Day Timer,,TNDHD002 125V 7Day Timer,,,,,,,,,,,,,,,,,,,,,,,,,,,125V 7Day Timer,,,,,,,,,,,,,,,,,,,,,,,,,,,,,,,,,,,,,,,,,,,,,,,,,,,,,,,,,,,,,,,,,,,,,,,,,,,,,,,,,,,,,,,,,,,,,,,,,,,,,,,,,,,,,,,,,,,,,,,,,,,,,,,,,,,,,,,,,,,,,,,,,,,,,,,,,,,,,,,,,,,,,,,,,,,,,,,,,,,,,,,,,,,,,,,,,,,,,
,,,,,,,,,,,TNIDP12,TNIDP12 125V Dig Indoor Timer,-- Unbranded --,-- No Unilog Brand --,Prime,Prime Wire & Cable (3562),Prime Wire & Cable,Prime,,TNIDP12,,Industrial Supplies>General,TNIDP12 125V Dig Indoor Timer,,TNIDP12 125V Dig Indoor Timer,,TNIDP12 125V Dig Indoor Timer,,,,,,,,,,,,,,,,,,,,,,,,,,,125V Dig Indoor Timer,,,,,,,,,,,,,,,,,,,,,,,,,,,,,,,,,,,,,,,,,,,,,,,,,,,,,,,,,,,,,,,,,,,,,,,,,,,,,,,,,,,,,,,,,,,,,,,,,,,,,,,,,,,,,,,,,,,,,,,,,,,,,,,,,,,,,,,,,,,,,,,,,,,,,,,,,,,,,,,,,,,,,,,,,,,,,,,,,,,,,,,,,,,,,,,,,,,,,
,,,,,,,,,,,TNIW24,TNIW24 125V 24hr Mech Timer,-- Unbranded --,-- No Unilog Brand --,Prime,Prime Wire & Cable (3562),Prime Wire & Cable,Prime,,TNIW24,,Industrial Supplies>General,TNIW24 125V 24hr Mech Timer,,TNIW24 125V 24hr Mech Timer,,TNIW24 125V 24hr Mech Timer,,,,,,,,,,,,,,,,,,,,,,,,,,,125V 24hr Mech Timer,,,,,,,,,,,,,,,,,,,,,,,,,,,,,,,,,,,,,,,,,,,,,,,,,,,,,,,,,,,,,,,,,,,,,,,,,,,,,,,,,,,,,,,,,,,,,,,,,,,,,,,,,,,,,,,,,,,,,,,,,,,,,,,,,,,,,,,,,,,,,,,,,,,,,,,,,,,,,,,,,,,,,,,,,,,,,,,,,,,,,,,,,,,,,,,,,,,,,
,,,,,,,,,,,65-1222,65-1222 1' Led Lt Multi CCT,-- Unbranded --,-- No Unilog Brand --,-- No DIB Brand --,Satco Prod Inc (5573),Satco Prod Inc,Satco,,65-1222,,Industrial Supplies>General,65-1222 1' Led Lt Multi CCT,,65-1222 1' Led Lt Multi CCT,,65-1222 1' Led Lt Multi CCT,,,,,,,,,,,,,,,,,,,,,,,,,,,1' Led Lt Multi CCT,Thread Size,65-1222,,,,,,,,,,,,,,,,,,,,,,,,,,,,,,,,,,,,,,,,,,,,,,,,,,,,,,,,,,,,,,,,,,,,,,,,,,,,,,,,,,,,,,,,,,,,,,,,,,,,,,,,,,,,,,,,,,,,,,,,,,,,,,,,,,,,,,,,,,,,,,,,,,,,,,,,,,,,,,,,,,,,,,,,,,,,,,,,,,,,,,,,,,,,,,,,,,,
,,,,,,,,,,,65-1224,65-1224 4' Led Strip Light,-- Unbranded --,-- No Unilog Brand --,Satco,Satco Prod Inc (5573),Satco Prod Inc,Satco,,65-1224,,Electrical>Lighting,65-1224 4' Led Strip Light,,65-1224 4' Led Strip Light,,65-1224 4' Led Strip Light,,,,,,,,,,,,,,,,,,,,,,,,,,,4' Led Strip Light,Thread Size,65-1224,,,,,,,,,,,,,,,,,,,,,,,,,,,,,,,,,,,,,,,,,,,,,,,,,,,,,,,,,,,,,,,,,,,,,,,,,,,,,,,,,,,,,,,,,,,,,,,,,,,,,,,,,,,,,,,,,,,,,,,,,,,,,,,,,,,,,,,,,,,,,,,,,,,,,,,,,,,,,,,,,,,,,,,,,,,,,,,,,,,,,,,,,,,,,,,,,,,
,,,,,,,,,,,45297BK,45297BK Kichler Wall Lt,-- Unbranded --,-- No Unilog Brand --,-- No DIB Brand --,Kichler Lighting (KICLI),Kichler Lighting,Kichler,,45297BK,,Industrial Supplies>General,45297BK Kichler Wall Lt,,45297BK Kichler Wall Lt,,45297BK Kichler Wall Lt,,,,,,,,,,,,,,,,,,,,,,,,,,,Kichler Wall Lt,,,,,,,,,,,,,,,,,,,,,,,,,,,,,,,,,,,,,,,,,,,,,,,,,,,,,,,,,,,,,,,,,,,,,,,,,,,,,,,,,,,,,,,,,,,,,,,,,,,,,,,,,,,,,,,,,,,,,,,,,,,,,,,,,,,,,,,,,,,,,,,,,,,,,,,,,,,,,,,,,,,,,,,,,,,,,,,,,,,,,,,,,,,,,,,,,,,,,
,,,,,,,,,,,45573BK,45573BK Kichler Wall Light,-- Unbranded --,-- No Unilog Brand --,-- No DIB Brand --,Kichler Lighting (KICLI),Kichler Lighting,Kichler,,45573BK,,Electrical>Lighting,45573BK Kichler Wall Light,,45573BK Kichler Wall Light,,45573BK Kichler Wall Light,,,,,,,,,,,,,,,,,,,,,,,,,,,Kichler Wall Light,,,,,,,,,,,,,,,,,,,,,,,,,,,,,,,,,,,,,,,,,,,,,,,,,,,,,,,,,,,,,,,,,,,,,,,,,,,,,,,,,,,,,,,,,,,,,,,,,,,,,,,,,,,,,,,,,,,,,,,,,,,,,,,,,,,,,,,,,,,,,,,,,,,,,,,,,,,,,,,,,,,,,,,,,,,,,,,,,,,,,,,,,,,,,,,,,,,,,
,,,,,,,,,,,37418A,37418A Kichler Bath Light,-- Unbranded --,-- No Unilog Brand --,-- No DIB Brand --,Kichler Lighting (KICLI),Kichler Lighting,Kichler,,37418A,,Electrical>Lighting,37418A Kichler Bath Light,,37418A Kichler Bath Light,,37418A Kichler Bath Light,,,,,,,,,,,,,,,,,,,,,,,,,,,Kichler Bath Light,,,,,,,,,,,,,,,,,,,,,,,,,,,,,,,,,,,,,,,,,,,,,,,,,,,,,,,,,,,,,,,,,,,,,,,,,,,,,,,,,,,,,,,,,,,,,,,,,,,,,,,,,,,,,,,,,,,,,,,,,,,,,,,,,,,,,,,,,,,,,,,,,,,,,,,,,,,,,,,,,,,,,,,,,,,,,,,,,,,,,,,,,,,,,,,,,,,,,
,,,,,,,,,,,37423A,37423A Kichler Bath Light,-- Unbranded --,-- No Unilog Brand --,-- No DIB Brand --,Kichler Lighting (KICLI),Kichler Lighting,Kichler,,37423A,,Electrical>Lighting,37423A Kichler Bath Light,,37423A Kichler Bath Light,,37423A Kichler Bath Light,,,,,,,,,,,,,,,,,,,,,,,,,,,Kichler Bath Light,,,,,,,,,,,,,,,,,,,,,,,,,,,,,,,,,,,,,,,,,,,,,,,,,,,,,,,,,,,,,,,,,,,,,,,,,,,,,,,,,,,,,,,,,,,,,,,,,,,,,,,,,,,,,,,,,,,,,,,,,,,,,,,,,,,,,,,,,,,,,,,,,,,,,,,,,,,,,,,,,,,,,,,,,,,,,,,,,,,,,,,,,,,,,,,,,,,,,
,,,,,,,,,,,45496BKCLR,45496BKCLR Kichler Bath Light,-- Unbranded --,-- No Unilog Brand --,-- No DIB Brand --,Kichler Lighting (KICLI),Kichler Lighting,Kichler,,45496BKCLR,,Electrical>Lighting,45496BKCLR Kichler Bath Light,,45496BKCLR Kichler Bath Light,,45496BKCLR Kichler Bath Light,,,,,,,,,,,,,,,,,,,,,,,,,,,Kichler Bath Light,,,,,,,,,,,,,,,,,,,,,,,,,,,,,,,,,,,,,,,,,,,,,,,,,,,,,,,,,,,,,,,,,,,,,,,,,,,,,,,,,,,,,,,,,,,,,,,,,,,,,,,,,,,,,,,,,,,,,,,,,,,,,,,,,,,,,,,,,,,,,,,,,,,,,,,,,,,,,,,,,,,,,,,,,,,,,,,,,,,,,,,,,,,,,,,,,,,,,
,,,,,,,,,,,45973BK,45973BK Kichler Wall Light,-- Unbranded --,-- No Unilog Brand --,-- No DIB Brand --,Kichler Lighting (KICLI),Kichler Lighting,Kichler,,45973BK,,Electrical>Lighting,45973BK Kichler Wall Light,,45973BK Kichler Wall Light,,45973BK Kichler Wall Light,,,,,,,,,,,,,,,,,,,,,,,,,,,Kichler Wall Light,,,,,,,,,,,,,,,,,,,,,,,,,,,,,,,,,,,,,,,,,,,,,,,,,,,,,,,,,,,,,,,,,,,,,,,,,,,,,,,,,,,,,,,,,,,,,,,,,,,,,,,,,,,,,,,,,,,,,,,,,,,,,,,,,,,,,,,,,,,,,,,,,,,,,,,,,,,,,,,,,,,,,,,,,,,,,,,,,,,,,,,,,,,,,,,,,,,,,
,,,,,,,,,,,55155BK,55155BK Kichler Wall Lt,-- Unbranded --,-- No Unilog Brand --,-- No DIB Brand --,Kichler Lighting (KICLI),Kichler Lighting,Kichler,,55155BK,,Industrial Supplies>General,55155BK Kichler Wall Lt,,55155BK Kichler Wall Lt,,55155BK Kichler Wall Lt,,,,,,,,,,,,,,,,,,,,,,,,,,,Kichler Wall Lt,,,,,,,,,,,,,,,,,,,,,,,,,,,,,,,,,,,,,,,,,,,,,,,,,,,,,,,,,,,,,,,,,,,,,,,,,,,,,,,,,,,,,,,,,,,,,,,,,,,,,,,,,,,,,,,,,,,,,,,,,,,,,,,,,,,,,,,,,,,,,,,,,,,,,,,,,,,,,,,,,,,,,,,,,,,,,,,,,,,,,,,,,,,,,,,,,,,,,
,,,,,,,,,,,55157CPZ,55157CPZ Kichler Wall Light,-- Unbranded --,-- No Unilog Brand --,-- No DIB Brand --,Kichler Lighting (KICLI),Kichler Lighting,Kichler,,55157CPZ,,Electrical>Lighting,55157CPZ Kichler Wall Light,,55157CPZ Kichler Wall Light,,55157CPZ Kichler Wall Light,,,,,,,,,,,,,,,,,,,,,,,,,,,Kichler Wall Light,,,,,,,,,,,,,,,,,,,,,,,,,,,,,,,,,,,,,,,,,,,,,,,,,,,,,,,,,,,,,,,,,,,,,,,,,,,,,,,,,,,,,,,,,,,,,,,,,,,,,,,,,,,,,,,,,,,,,,,,,,,,,,,,,,,,,,,,,,,,,,,,,,,,,,,,,,,,,,,,,,,,,,,,,,,,,,,,,,,,,,,,,,,,,,,,,,,,,
,,,,,,,,,,,55184BK,55184BK Kichler Wall Lt,-- Unbranded --,-- No Unilog Brand --,-- No DIB Brand --,Kichler Lighting (KICLI),Kichler Lighting,Kichler,,55184BK,,Industrial Supplies>General,55184BK Kichler Wall Lt,,55184BK Kichler Wall Lt,,55184BK Kichler Wall Lt,,,,,,,,,,,,,,,,,,,,,,,,,,,Kichler Wall Lt,,,,,,,,,,,,,,,,,,,,,,,,,,,,,,,,,,,,,,,,,,,,,,,,,,,,,,,,,,,,,,,,,,,,,,,,,,,,,,,,,,,,,,,,,,,,,,,,,,,,,,,,,,,,,,,,,,,,,,,,,,,,,,,,,,,,,,,,,,,,,,,,,,,,,,,,,,,,,,,,,,,,,,,,,,,,,,,,,,,,,,,,,,,,,,,,,,,,,
,,,,,,,,,,,55185BK,55185BK Kichler Wall Lt,-- Unbranded --,-- No Unilog Brand --,-- No DIB Brand --,Kichler Lighting (KICLI),Kichler Lighting,Kichler,,55185BK,,Industrial Supplies>General,55185BK Kichler Wall Lt,,55185BK Kichler Wall Lt,,55185BK Kichler Wall Lt,,,,,,,,,,,,,,,,,,,,,,,,,,,Kichler Wall Lt,,,,,,,,,,,,,,,,,,,,,,,,,,,,,,,,,,,,,,,,,,,,,,,,,,,,,,,,,,,,,,,,,,,,,,,,,,,,,,,,,,,,,,,,,,,,,,,,,,,,,,,,,,,,,,,,,,,,,,,,,,,,,,,,,,,,,,,,,,,,,,,,,,,,,,,,,,,,,,,,,,,,,,,,,,,,,,,,,,,,,,,,,,,,,,,,,,,,,
,,,,,,,,,,,55186CH,55186CH Kichler Wall Lt,-- Unbranded --,-- No Unilog Brand --,-- No DIB Brand --,Kichler Lighting (KICLI),Kichler Lighting,Kichler,,55186CH,,Industrial Supplies>General,55186CH Kichler Wall Lt,,55186CH Kichler Wall Lt,,55186CH Kichler Wall Lt,,,,,,,,,,,,,,,,,,,,,,,,,,,Kichler Wall Lt,,,,,,,,,,,,,,,,,,,,,,,,,,,,,,,,,,,,,,,,,,,,,,,,,,,,,,,,,,,,,,,,,,,,,,,,,,,,,,,,,,,,,,,,,,,,,,,,,,,,,,,,,,,,,,,,,,,,,,,,,,,,,,,,,,,,,,,,,,,,,,,,,,,,,,,,,,,,,,,,,,,,,,,,,,,,,,,,,,,,,,,,,,,,,,,,,,,,,
,,,,,,,,,,,55210NI,55210NI Kichler Wall Light,-- Unbranded --,-- No Unilog Brand --,-- No DIB Brand --,Kichler Lighting (KICLI),Kichler Lighting,Kichler,,55210NI,,Electrical>Lighting,55210NI Kichler Wall Light,,55210NI Kichler Wall Light,,55210NI Kichler Wall Light,,,,,,,,,,,,,,,,,,,,,,,,,,,Kichler Wall Light,,,,,,,,,,,,,,,,,,,,,,,,,,,,,,,,,,,,,,,,,,,,,,,,,,,,,,,,,,,,,,,,,,,,,,,,,,,,,,,,,,,,,,,,,,,,,,,,,,,,,,,,,,,,,,,,,,,,,,,,,,,,,,,,,,,,,,,,,,,,,,,,,,,,,,,,,,,,,,,,,,,,,,,,,,,,,,,,,,,,,,,,,,,,,,,,,,,,,
,,,,,,,,,,,55211BK,55211BK Kichler Wall Light,-- Unbranded --,-- No Unilog Brand --,-- No DIB Brand --,Kichler Lighting (KICLI),Kichler Lighting,Kichler,,55211BK,,Electrical>Lighting,55211BK Kichler Wall Light,,55211BK Kichler Wall Light,,55211BK Kichler Wall Light,,,,,,,,,,,,,,,,,,,,,,,,,,,Kichler Wall Light,,,,,,,,,,,,,,,,,,,,,,,,,,,,,,,,,,,,,,,,,,,,,,,,,,,,,,,,,,,,,,,,,,,,,,,,,,,,,,,,,,,,,,,,,,,,,,,,,,,,,,,,,,,,,,,,,,,,,,,,,,,,,,,,,,,,,,,,,,,,,,,,,,,,,,,,,,,,,,,,,,,,,,,,,,,,,,,,,,,,,,,,,,,,,,,,,,,,,
,,,,,,,,,,,55211NI,55211NI Kichler Wall Light,-- Unbranded --,-- No Unilog Brand --,-- No DIB Brand --,Kichler Lighting (KICLI),Kichler Lighting,Kichler,,55211NI,,Electrical>Lighting,55211NI Kichler Wall Light,,55211NI Kichler Wall Light,,55211NI Kichler Wall Light,,,,,,,,,,,,,,,,,,,,,,,,,,,Kichler Wall Light,,,,,,,,,,,,,,,,,,,,,,,,,,,,,,,,,,,,,,,,,,,,,,,,,,,,,,,,,,,,,,,,,,,,,,,,,,,,,,,,,,,,,,,,,,,,,,,,,,,,,,,,,,,,,,,,,,,,,,,,,,,,,,,,,,,,,,,,,,,,,,,,,,,,,,,,,,,,,,,,,,,,,,,,,,,,,,,,,,,,,,,,,,,,,,,,,,,,,
,,,,,,,,,,,55212NI,55212NI Kichler Wall Light,-- Unbranded --,-- No Unilog Brand --,-- No DIB Brand --,Kichler Lighting (KICLI),Kichler Lighting,Kichler,,55212NI,,Electrical>Lighting,55212NI Kichler Wall Light,,55212NI Kichler Wall Light,,55212NI Kichler Wall Light,,,,,,,,,,,,,,,,,,,,,,,,,,,Kichler Wall Light,,,,,,,,,,,,,,,,,,,,,,,,,,,,,,,,,,,,,,,,,,,,,,,,,,,,,,,,,,,,,,,,,,,,,,,,,,,,,,,,,,,,,,,,,,,,,,,,,,,,,,,,,,,,,,,,,,,,,,,,,,,,,,,,,,,,,,,,,,,,,,,,,,,,,,,,,,,,,,,,,,,,,,,,,,,,,,,,,,,,,,,,,,,,,,,,,,,,,
,,,,,,,,,,,55226BKLFU,55226BKFLU Kichler Wall Lt,-- Unbranded --,-- No Unilog Brand --,-- No DIB Brand --,Kichler Lighting (KICLI),Kichler Lighting,Kichler,,55226BKLFU,,Industrial Supplies>General,55226BKFLU Kichler Wall Lt,,55226BKFLU Kichler Wall Lt,,55226BKFLU Kichler Wall Lt,,,,,,,,,,,,,,,,,,,,,,,,,,,Kichler Wall Lt,,,,,,,,,,,,,,,,,,,,,,,,,,,,,,,,,,,,,,,,,,,,,,,,,,,,,,,,,,,,,,,,,,,,,,,,,,,,,,,,,,,,,,,,,,,,,,,,,,,,,,,,,,,,,,,,,,,,,,,,,,,,,,,,,,,,,,,,,,,,,,,,,,,,,,,,,,,,,,,,,,,,,,,,,,,,,,,,,,,,,,,,,,,,,,,,,,,,,
,,,,,,,,,,,55239CPZLED,55239CPZLED Kichler Wall Lt,-- Unbranded --,-- No Unilog Brand --,-- No DIB Brand --,Kichler Lighting (KICLI),Kichler Lighting,Kichler,,55239CPZLED,,Industrial Supplies>General,55239CPZLED Kichler Wall Lt,,55239CPZLED Kichler Wall Lt,,55239CPZLED Kichler Wall Lt,,,,,,,,,,,,,,,,,,,,,,,,,,,Kichler Wall Lt,,,,,,,,,,,,,,,,,,,,,,,,,,,,,,,,,,,,,,,,,,,,,,,,,,,,,,,,,,,,,,,,,,,,,,,,,,,,,,,,,,,,,,,,,,,,,,,,,,,,,,,,,,,,,,,,,,,,,,,,,,,,,,,,,,,,,,,,,,,,,,,,,,,,,,,,,,,,,,,,,,,,,,,,,,,,,,,,,,,,,,,,,,,,,,,,,,,,,
,,,,,,,,,,,44072DBK,44072DBK Kichler Chandelier Lt,-- Unbranded --,-- No Unilog Brand --,-- No DIB Brand --,Kichler Lighting (KICLI),Kichler Lighting,Kichler,,44072DBK,,Industrial Supplies>General,44072DBK Kichler Chandelier Lt,,44072DBK Kichler Chandelier Lt,,44072DBK Kichler Chandelier Lt,,,,,,,,,,,,,,,,,,,,,,,,,,,Kichler Chandelier Lt,,,,,,,,,,,,,,,,,,,,,,,,,,,,,,,,,,,,,,,,,,,,,,,,,,,,,,,,,,,,,,,,,,,,,,,,,,,,,,,,,,,,,,,,,,,,,,,,,,,,,,,,,,,,,,,,,,,,,,,,,,,,,,,,,,,,,,,,,,,,,,,,,,,,,,,,,,,,,,,,,,,,,,,,,,,,,,,,,,,,,,,,,,,,,,,,,,,,,
,,,,,,,,,,,44073NI,44073NI Kichler Chandelier Lt,-- Unbranded --,-- No Unilog Brand --,-- No DIB Brand --,Kichler Lighting (KICLI),Kichler Lighting,Kichler,,44073NI,,Industrial Supplies>General,44073NI Kichler Chandelier Lt,,44073NI Kichler Chandelier Lt,,44073NI Kichler Chandelier Lt,,,,,,,,,,,,,,,,,,,,,,,,,,,Kichler Chandelier Lt,,,,,,,,,,,,,,,,,,,,,,,,,,,,,,,,,,,,,,,,,,,,,,,,,,,,,,,,,,,,,,,,,,,,,,,,,,,,,,,,,,,,,,,,,,,,,,,,,,,,,,,,,,,,,,,,,,,,,,,,,,,,,,,,,,,,,,,,,,,,,,,,,,,,,,,,,,,,,,,,,,,,,,,,,,,,,,,,,,,,,,,,,,,,,,,,,,,,,
,,,,,,,,,,,52033BK,52033BK Kichler Chandelier Lt,-- Unbranded --,-- No Unilog Brand --,-- No DIB Brand --,Kichler Lighting (KICLI),Kichler Lighting,Kichler,,52033BK,,Industrial Supplies>General,52033BK Kichler Chandelier Lt,,52033BK Kichler Chandelier Lt,,52033BK Kichler Chandelier Lt,,,,,,,,,,,,,,,,,,,,,,,,,,,Kichler Chandelier Lt,,,,,,,,,,,,,,,,,,,,,,,,,,,,,,,,,,,,,,,,,,,,,,,,,,,,,,,,,,,,,,,,,,,,,,,,,,,,,,,,,,,,,,,,,,,,,,,,,,,,,,,,,,,,,,,,,,,,,,,,,,,,,,,,,,,,,,,,,,,,,,,,,,,,,,,,,,,,,,,,,,,,,,,,,,,,,,,,,,,,,,,,,,,,,,,,,,,,,
,,,,,,,,,,,84322WH,84322WH Kichler Chandelier Lt,-- Unbranded --,-- No Unilog Brand --,-- No DIB Brand --,Kichler Lighting (KICLI),Kichler Lighting,Kichler,,84322WH,,Industrial Supplies>General,84322WH Kichler Chandelier Lt,,84322WH Kichler Chandelier Lt,,84322WH Kichler Chandelier Lt,,,,,,,,,,,,,,,,,,,,,,,,,,,Kichler Chandelier Lt,,,,,,,,,,,,,,,,,,,,,,,,,,,,,,,,,,,,,,,,,,,,,,,,,,,,,,,,,,,,,,,,,,,,,,,,,,,,,,,,,,,,,,,,,,,,,,,,,,,,,,,,,,,,,,,,,,,,,,,,,,,,,,,,,,,,,,,,,,,,,,,,,,,,,,,,,,,,,,,,,,,,,,,,,,,,,,,,,,,,,,,,,,,,,,,,,,,,,
,,,,,,,,,,,52404BK,52404BK Kichler Chandelier Lt,-- Unbranded --,-- No Unilog Brand --,-- No DIB Brand --,Kichler Lighting (KICLI),Kichler Lighting,Kichler,,52404BK,,Industrial Supplies>General,52404BK Kichler Chandelier Lt,,52404BK Kichler Chandelier Lt,,52404BK Kichler Chandelier Lt,,,,,,,,,,,,,,,,,,,,,,,,,,,Kichler Chandelier Lt,,,,,,,,,,,,,,,,,,,,,,,,,,,,,,,,,,,,,,,,,,,,,,,,,,,,,,,,,,,,,,,,,,,,,,,,,,,,,,,,,,,,,,,,,,,,,,,,,,,,,,,,,,,,,,,,,,,,,,,,,,,,,,,,,,,,,,,,,,,,,,,,,,,,,,,,,,,,,,,,,,,,,,,,,,,,,,,,,,,,,,,,,,,,,,,,,,,,,
,,,,,,,,,,,34686A,34686A Kichler Chandelier Lt,-- Unbranded --,-- No Unilog Brand --,-- No DIB Brand --,Kichler Lighting (KICLI),Kichler Lighting,Kichler,,34686A,,Industrial Supplies>General,34686A Kichler Chandelier Lt,,34686A Kichler Chandelier Lt,,34686A Kichler Chandelier Lt,,,,,,,,,,,,,,,,,,,,,,,,,,,Kichler Chandelier Lt,,,,,,,,,,,,,,,,,,,,,,,,,,,,,,,,,,,,,,,,,,,,,,,,,,,,,,,,,,,,,,,,,,,,,,,,,,,,,,,,,,,,,,,,,,,,,,,,,,,,,,,,,,,,,,,,,,,,,,,,,,,,,,,,,,,,,,,,,,,,,,,,,,,,,,,,,,,,,,,,,,,,,,,,,,,,,,,,,,,,,,,,,,,,,,,,,,,,,
,,,,,,,,,,,34687A,34687A Kichler Chandelier Lt,-- Unbranded --,-- No Unilog Brand --,-- No DIB Brand --,Kichler Lighting (KICLI),Kichler Lighting,Kichler,,34687A,,Industrial Supplies>General,34687A Kichler Chandelier Lt,,34687A Kichler Chandelier Lt,,34687A Kichler Chandelier Lt,,,,,,,,,,,,,,,,,,,,,,,,,,,Kichler Chandelier Lt,,,,,,,,,,,,,,,,,,,,,,,,,,,,,,,,,,,,,,,,,,,,,,,,,,,,,,,,,,,,,,,,,,,,,,,,,,,,,,,,,,,,,,,,,,,,,,,,,,,,,,,,,,,,,,,,,,,,,,,,,,,,,,,,,,,,,,,,,,,,,,,,,,,,,,,,,,,,,,,,,,,,,,,,,,,,,,,,,,,,,,,,,,,,,,,,,,,,,
,,,,,,,,,,,34688A,34688A Kichler Chandelier Lt,-- Unbranded --,-- No Unilog Brand --,-- No DIB Brand --,-,,Kichler,,34688A,,Industrial Supplies>General,34688A Kichler Chandelier Lt,,34688A Kichler Chandelier Lt,,34688A Kichler Chandelier Lt,,,,,,,,,,,,,,,,,,,,,,,,,,,Kichler Chandelier Lt,,,,,,,,,,,,,,,,,,,,,,,,,,,,,,,,,,,,,,,,,,,,,,,,,,,,,,,,,,,,,,,,,,,,,,,,,,,,,,,,,,,,,,,,,,,,,,,,,,,,,,,,,,,,,,,,,,,,,,,,,,,,,,,,,,,,,,,,,,,,,,,,,,,,,,,,,,,,,,,,,,,,,,,,,,,,,,,,,,,,,,,,,,,,,,,,,,,,,
,,,,,,,,,,,43671BKCLR,43671BKCLR Kichler Chand Lt,-- Unbranded --,-- No Unilog Brand --,-- No DIB Brand --,Kichler Lighting (KICLI),Kichler Lighting,Kichler,,43671BKCLR,,Industrial Supplies>General,43671BKCLR Kichler Chand Lt,,43671BKCLR Kichler Chand Lt,,43671BKCLR Kichler Chand Lt,,,,,,,,,,,,,,,,,,,,,,,,,,,Kichler Chand Lt,,,,,,,,,,,,,,,,,,,,,,,,,,,,,,,,,,,,,,,,,,,,,,,,,,,,,,,,,,,,,,,,,,,,,,,,,,,,,,,,,,,,,,,,,,,,,,,,,,,,,,,,,,,,,,,,,,,,,,,,,,,,,,,,,,,,,,,,,,,,,,,,,,,,,,,,,,,,,,,,,,,,,,,,,,,,,,,,,,,,,,,,,,,,,,,,,,,,,
,,,,,,,,,,,52616BK,52616BK Kichler Chandelier Lt,-- Unbranded --,-- No Unilog Brand --,-- No DIB Brand --,Kichler Lighting (KICLI),Kichler Lighting,Kichler,,52616BK,,Industrial Supplies>General,52616BK Kichler Chandelier Lt,,52616BK Kichler Chandelier Lt,,52616BK Kichler Chandelier Lt,,,,,,,,,,,,,,,,,,,,,,,,,,,Kichler Chandelier Lt,,,,,,,,,,,,,,,,,,,,,,,,,,,,,,,,,,,,,,,,,,,,,,,,,,,,,,,,,,,,,,,,,,,,,,,,,,,,,,,,,,,,,,,,,,,,,,,,,,,,,,,,,,,,,,,,,,,,,,,,,,,,,,,,,,,,,,,,,,,,,,,,,,,,,,,,,,,,,,,,,,,,,,,,,,,,,,,,,,,,,,,,,,,,,,,,,,,,,
,,,,,,,,,,,52616NI,52616NI Kichler Chandelier Lt,-- Unbranded --,-- No Unilog Brand --,-- No DIB Brand --,Kichler Lighting (KICLI),Kichler Lighting,Kichler,,52616NI,,Industrial Supplies>General,52616NI Kichler Chandelier Lt,,52616NI Kichler Chandelier Lt,,52616NI Kichler Chandelier Lt,,,,,,,,,,,,,,,,,,,,,,,,,,,Kichler Chandelier Lt,,,,,,,,,,,,,,,,,,,,,,,,,,,,,,,,,,,,,,,,,,,,,,,,,,,,,,,,,,,,,,,,,,,,,,,,,,,,,,,,,,,,,,,,,,,,,,,,,,,,,,,,,,,,,,,,,,,,,,,,,,,,,,,,,,,,,,,,,,,,,,,,,,,,,,,,,,,,,,,,,,,,,,,,,,,,,,,,,,,,,,,,,,,,,,,,,,,,,
,,,,,,,,,,,52678BK,52678BK Kichler Chandelier Lt,-- Unbranded --,-- No Unilog Brand --,-- No DIB Brand --,Kichler Lighting (KICLI),Kichler Lighting,Kichler,,52678BK,,Industrial Supplies>General,52678BK Kichler Chandelier Lt,,52678BK Kichler Chandelier Lt,,52678BK Kichler Chandelier Lt,,,,,,,,,,,,,,,,,,,,,,,,,,,Kichler Chandelier Lt,,,,,,,,,,,,,,,,,,,,,,,,,,,,,,,,,,,,,,,,,,,,,,,,,,,,,,,,,,,,,,,,,,,,,,,,,,,,,,,,,,,,,,,,,,,,,,,,,,,,,,,,,,,,,,,,,,,,,,,,,,,,,,,,,,,,,,,,,,,,,,,,,,,,,,,,,,,,,,,,,,,,,,,,,,,,,,,,,,,,,,,,,,,,,,,,,,,,,
,,,,,,,,,,,52680CPZ,52680CPZ Kichler Chandelier Lt,-- Unbranded --,-- No Unilog Brand --,-- No DIB Brand --,Kichler Lighting (KICLI),Kichler Lighting,Kichler,,52680CPZ,,Industrial Supplies>General,52680CPZ Kichler Chandelier Lt,,52680CPZ Kichler Chandelier Lt,,52680CPZ Kichler Chandelier Lt,,,,,,,,,,,,,,,,,,,,,,,,,,,Kichler Chandelier Lt,,,,,,,,,,,,,,,,,,,,,,,,,,,,,,,,,,,,,,,,,,,,,,,,,,,,,,,,,,,,,,,,,,,,,,,,,,,,,,,,,,,,,,,,,,,,,,,,,,,,,,,,,,,,,,,,,,,,,,,,,,,,,,,,,,,,,,,,,,,,,,,,,,,,,,,,,,,,,,,,,,,,,,,,,,,,,,,,,,,,,,,,,,,,,,,,,,,,,
,,,,,,,,,,,52772BK,52772BK Kichler Chandelier Lt,-- Unbranded --,-- No Unilog Brand --,-- No DIB Brand --,Kichler Lighting (KICLI),Kichler Lighting,Kichler,,52772BK,,Industrial Supplies>General,52772BK Kichler Chandelier Lt,,52772BK Kichler Chandelier Lt,,52772BK Kichler Chandelier Lt,,,,,,,,,,,,,,,,,,,,,,,,,,,Kichler Chandelier Lt,,,,,,,,,,,,,,,,,,,,,,,,,,,,,,,,,,,,,,,,,,,,,,,,,,,,,,,,,,,,,,,,,,,,,,,,,,,,,,,,,,,,,,,,,,,,,,,,,,,,,,,,,,,,,,,,,,,,,,,,,,,,,,,,,,,,,,,,,,,,,,,,,,,,,,,,,,,,,,,,,,,,,,,,,,,,,,,,,,,,,,,,,,,,,,,,,,,,,
,,,,,,,,,,,82399,82399 Kichler Chandelier Lt,-- Unbranded --,-- No Unilog Brand --,-- No DIB Brand --,Kichler Lighting (KICLI),Kichler Lighting,Kichler,,82399,,Industrial Supplies>General,82399 Kichler Chandelier Lt,,82399 Kichler Chandelier Lt,,82399 Kichler Chandelier Lt,,,,,,,,,,,,,,,,,,,,,,,,,,,Kichler Chandelier Lt,,,,,,,,,,,,,,,,,,,,,,,,,,,,,,,,,,,,,,,,,,,,,,,,,,,,,,,,,,,,,,,,,,,,,,,,,,,,,,,,,,,,,,,,,,,,,,,,,,,,,,,,,,,,,,,,,,,,,,,,,,,,,,,,,,,,,,,,,,,,,,,,,,,,,,,,,,,,,,,,,,,,,,,,,,,,,,,,,,,,,,,,,,,,,,,,,,,,,
,,,,,,,,,,,65-771R3,65-771R3 Nuvo Highbay Light,-- Unbranded --,-- No Unilog Brand --,-- No DIB Brand --,Satco Prod Inc (5573),Satco Prod Inc,Satco,,65-771R3,,Electrical>Lighting,65-771R3 Nuvo Highbay Light,,65-771R3 Nuvo Highbay Light,,65-771R3 Nuvo Highbay Light,,,,,,,,,,,,,,,,,,,,,,,,,,,Nuvo Highbay Light,,,,,,,,,,,,,,,,,,,,,,,,,,,,,,,,,,,,,,,,,,,,,,,,,,,,,,,,,,,,,,,,,,,,,,,,,,,,,,,,,,,,,,,,,,,,,,,,,,,,,,,,,,,,,,,,,,,,,,,,,,,,,,,,,,,,,,,,,,,,,,,,,,,,,,,,,,,,,,,,,,,,,,,,,,,,,,,,,,,,,,,,,,,,,,,,,,,,,
,,,,,,,,,,,42955BK,42955BK Kichler Ceiling Lt,-- Unbranded --,-- No Unilog Brand --,-- No DIB Brand --,Kichler Lighting (KICLI),Kichler Lighting,Kichler,,42955BK,,Industrial Supplies>General,42955BK Kichler Ceiling Lt,,42955BK Kichler Ceiling Lt,,42955BK Kichler Ceiling Lt,,,,,,,,,,,,,,,,,,,,,,,,,,,Kichler Ceiling Lt,,,,,,,,,,,,,,,,,,,,,,,,,,,,,,,,,,,,,,,,,,,,,,,,,,,,,,,,,,,,,,,,,,,,,,,,,,,,,,,,,,,,,,,,,,,,,,,,,,,,,,,,,,,,,,,,,,,,,,,,,,,,,,,,,,,,,,,,,,,,,,,,,,,,,,,,,,,,,,,,,,,,,,,,,,,,,,,,,,,,,,,,,,,,,,,,,,,,,
,,,,,,,,,,,42275BK,42275BK Kichler Ceiling Lt,-- Unbranded --,-- No Unilog Brand --,-- No DIB Brand --,Kichler Lighting (KICLI),Kichler Lighting,Kichler,,42275BK,,Industrial Supplies>General,42275BK Kichler Ceiling Lt,,42275BK Kichler Ceiling Lt,,42275BK Kichler Ceiling Lt,,,,,,,,,,,,,,,,,,,,,,,,,,,Kichler Ceiling Lt,,,,,,,,,,,,,,,,,,,,,,,,,,,,,,,,,,,,,,,,,,,,,,,,,,,,,,,,,,,,,,,,,,,,,,,,,,,,,,,,,,,,,,,,,,,,,,,,,,,,,,,,,,,,,,,,,,,,,,,,,,,,,,,,,,,,,,,,,,,,,,,,,,,,,,,,,,,,,,,,,,,,,,,,,,,,,,,,,,,,,,,,,,,,,,,,,,,,,
,,,,,,,,,,,62-1850,"62-1850 11"" Led Ceiling Light",-- Unbranded --,-- No Unilog Brand --,-- No DIB Brand --,Satco Prod Inc (5573),Satco Prod Inc,Satco,,62-1850,,Electrical>Lighting,"62-1850 11"" Led Ceiling Light",,"62-1850 11"" Led Ceiling Light",,"62-1850 11"" Led Ceiling Light",,,,,,,,,,,,,,,,,,,,,,,,,,,"11"" Led Ceiling Light",Thread Size,62-1850,,,,,,,,,,,,,,,,,,,,,,,,,,,,,,,,,,,,,,,,,,,,,,,,,,,,,,,,,,,,,,,,,,,,,,,,,,,,,,,,,,,,,,,,,,,,,,,,,,,,,,,,,,,,,,,,,,,,,,,,,,,,,,,,,,,,,,,,,,,,,,,,,,,,,,,,,,,,,,,,,,,,,,,,,,,,,,,,,,,,,,,,,,,,,,,,,,,
,,,,,,,,,,,62-1852,"62-1852 14"" Satco Led Ceiling Lt",-- Unbranded --,-- No Unilog Brand --,-- No DIB Brand --,Satco Prod Inc (5573),Satco Prod Inc,Satco,,62-1852,,Industrial Supplies>General,"62-1852 14"" Satco Led Ceiling Lt",,"62-1852 14"" Satco Led Ceiling Lt",,"62-1852 14"" Satco Led Ceiling Lt",,,,,,,,,,,,,,,,,,,,,,,,,,,"14"" Satco Led Ceiling Lt",Thread Size,62-1852,,,,,,,,,,,,,,,,,,,,,,,,,,,,,,,,,,,,,,,,,,,,,,,,,,,,,,,,,,,,,,,,,,,,,,,,,,,,,,,,,,,,,,,,,,,,,,,,,,,,,,,,,,,,,,,,,,,,,,,,,,,,,,,,,,,,,,,,,,,,,,,,,,,,,,,,,,,,,,,,,,,,,,,,,,,,,,,,,,,,,,,,,,,,,,,,,,,
,,,,,,,,,,,62-1875,"62-1875 10"" Led Ceiling Lt Bn",-- Unbranded --,-- No Unilog Brand --,-- No DIB Brand --,Satco Prod Inc (5573),Satco Prod Inc,Satco,,62-1875,,Industrial Supplies>General,"62-1875 10"" Led Ceiling Lt Bn",,"62-1875 10"" Led Ceiling Lt Bn",,"62-1875 10"" Led Ceiling Lt Bn",,,,,,,,,,,,,,,,,,,,,,,,,,,"10"" Led Ceiling Lt Bn",Thread Size,62-1875,,,,,,,,,,,,,,,,,,,,,,,,,,,,,,,,,,,,,,,,,,,,,,,,,,,,,,,,,,,,,,,,,,,,,,,,,,,,,,,,,,,,,,,,,,,,,,,,,,,,,,,,,,,,,,,,,,,,,,,,,,,,,,,,,,,,,,,,,,,,,,,,,,,,,,,,,,,,,,,,,,,,,,,,,,,,,,,,,,,,,,,,,,,,,,,,,,,
,,,,,,,,,,,62-1876,"62-1876 13"" Satco Ceiling Light BN",-- Unbranded --,-- No Unilog Brand --,-- No DIB Brand --,Satco Prod Inc (5573),Satco Prod Inc,Satco,,62-1876,,Electrical>Lighting,"62-1876 13"" Satco Ceiling Light BN",,"62-1876 13"" Satco Ceiling Light BN",,"62-1876 13"" Satco Ceiling Light BN",,,,,,,,,,,,,,,,,,,,,,,,,,,"13"" Satco Ceiling Light BN",Thread Size,62-1876,,,,,,,,,,,,,,,,,,,,,,,,,,,,,,,,,,,,,,,,,,,,,,,,,,,,,,,,,,,,,,,,,,,,,,,,,,,,,,,,,,,,,,,,,,,,,,,,,,,,,,,,,,,,,,,,,,,,,,,,,,,,,,,,,,,,,,,,,,,,,,,,,,,,,,,,,,,,,,,,,,,,,,,,,,,,,,,,,,,,,,,,,,,,,,,,,,,
,,,,,,,,,,,42296BK,42296BK Kichler Ceiling Lt,-- Unbranded --,-- No Unilog Brand --,-- No DIB Brand --,Kichler Lighting (KICLI),Kichler Lighting,Kichler,,42296BK,,Industrial Supplies>General,42296BK Kichler Ceiling Lt,,42296BK Kichler Ceiling Lt,,42296BK Kichler Ceiling Lt,,,,,,,,,,,,,,,,,,,,,,,,,,,Kichler Ceiling Lt,,,,,,,,,,,,,,,,,,,,,,,,,,,,,,,,,,,,,,,,,,,,,,,,,,,,,,,,,,,,,,,,,,,,,,,,,,,,,,,,,,,,,,,,,,,,,,,,,,,,,,,,,,,,,,,,,,,,,,,,,,,,,,,,,,,,,,,,,,,,,,,,,,,,,,,,,,,,,,,,,,,,,,,,,,,,,,,,,,,,,,,,,,,,,,,,,,,,,
,,,,,,,,,,,43913BK,43913BK Kichler Pendant Lt,-- Unbranded --,-- No Unilog Brand --,-- No DIB Brand --,Kichler Lighting (KICLI),Kichler Lighting,Kichler,,43913BK,,Industrial Supplies>General,43913BK Kichler Pendant Lt,,43913BK Kichler Pendant Lt,,43913BK Kichler Pendant Lt,,,,,,,,,,,,,,,,,,,,,,,,,,,Kichler Pendant Lt,,,,,,,,,,,,,,,,,,,,,,,,,,,,,,,,,,,,,,,,,,,,,,,,,,,,,,,,,,,,,,,,,,,,,,,,,,,,,,,,,,,,,,,,,,,,,,,,,,,,,,,,,,,,,,,,,,,,,,,,,,,,,,,,,,,,,,,,,,,,,,,,,,,,,,,,,,,,,,,,,,,,,,,,,,,,,,,,,,,,,,,,,,,,,,,,,,,,,
,,,,,,,,,,,HLSMS9129FS1E,"HLSMS9129FS1E 9"" Motion Lt",-- Unbranded --,-- No Unilog Brand --,-- No DIB Brand --,Cooper Lighting (7638),Cooper Lighting,,,HLSMS9129FS1E,,Industrial Supplies>General,"HLSMS9129FS1E 9"" Motion Lt",,"HLSMS9129FS1E 9"" Motion Lt",,"HLSMS9129FS1E 9"" Motion Lt",,,,,,,,,,,,,,,,,,,,,,,,,,,"9"" Motion Lt",,,,,,,,,,,,,,,,,,,,,,,,,,,,,,,,,,,,,,,,,,,,,,,,,,,,,,,,,,,,,,,,,,,,,,,,,,,,,,,,,,,,,,,,,,,,,,,,,,,,,,,,,,,,,,,,,,,,,,,,,,,,,,,,,,,,,,,,,,,,,,,,,,,,,,,,,,,,,,,,,,,,,,,,,,,,,,,,,,,,,,,,,,,,,,,,,,,,,
,,,,,,,,,,,64-110,64-110 Satco Tape Light 16',-- Unbranded --,-- No Unilog Brand --,-- No DIB Brand --,Satco Prod Inc (5573),Satco Prod Inc,Satco,,64-110,,Electrical>Lighting,64-110 Satco Tape Light 16',,64-110 Satco Tape Light 16',,64-110 Satco Tape Light 16',,,,,,,,,,,,,,,,,,,,,,,,,,,Satco Tape Light 16',Thread Size,64-110,,,,,,,,,,,,,,,,,,,,,,,,,,,,,,,,,,,,,,,,,,,,,,,,,,,,,,,,,,,,,,,,,,,,,,,,,,,,,,,,,,,,,,,,,,,,,,,,,,,,,,,,,,,,,,,,,,,,,,,,,,,,,,,,,,,,,,,,,,,,,,,,,,,,,,,,,,,,,,,,,,,,,,,,,,,,,,,,,,,,,,,,,,,,,,,,,,,
,,,,,,,,,,,603571,603571 3' Strip Light Ext,-- Unbranded --,-- No Unilog Brand --,Wiz,Phillips Lighting (5831),Phillips Lighting,Wiz,,603571,,Electrical>Lighting,603571 3' Strip Light Ext,,603571 3' Strip Light Ext,,603571 3' Strip Light Ext,,,,,,,,,,,,,,,,,,,,,,,,,,,3' Strip Light Ext,,,,,,,,,,,,,,,,,,,,,,,,,,,,,,,,,,,,,,,,,,,,,,,,,,,,,,,,,,,,,,,,,,,,,,,,,,,,,,,,,,,,,,,,,,,,,,,,,,,,,,,,,,,,,,,,,,,,,,,,,,,,,,,,,,,,,,,,,,,,,,,,,,,,,,,,,,,,,,,,,,,,,,,,,,,,,,,,,,,,,,,,,,,,,,,,,,,,,
,,,,,,,,,,,65-572R1,65572 Satco 2x4 Led Flat Panel,-- Unbranded --,-- No Unilog Brand --,-- No DIB Brand --,Satco Prod Inc (5573),Satco Prod Inc,Satco,,65-572R1,,Industrial Supplies>General,65572 Satco 2x4 Led Flat Panel,,65572 Satco 2x4 Led Flat Panel,,65572 Satco 2x4 Led Flat Panel,,,,,,,,,,,,,,,,,,,,,,,,,,,Satco 2x4 Led Flat Panel,,,,,,,,,,,,,,,,,,,,,,,,,,,,,,,,,,,,,,,,,,,,,,,,,,,,,,,,,,,,,,,,,,,,,,,,,,,,,,,,,,,,,,,,,,,,,,,,,,,,,,,,,,,,,,,,,,,,,,,,,,,,,,,,,,,,,,,,,,,,,,,,,,,,,,,,,,,,,,,,,,,,,,,,,,,,,,,,,,,,,,,,,,,,,,,,,,,,,
,,,,,,,,,,,52476AVI,52476AVI Kichler Pendant Lt,-- Unbranded --,-- No Unilog Brand --,-- No DIB Brand --,Kichler Lighting (KICLI),Kichler Lighting,Kichler,,52476AVI,,Industrial Supplies>General,52476AVI Kichler Pendant Lt,,52476AVI Kichler Pendant Lt,,52476AVI Kichler Pendant Lt,,,,,,,,,,,,,,,,,,,,,,,,,,,Kichler Pendant Lt,,,,,,,,,,,,,,,,,,,,,,,,,,,,,,,,,,,,,,,,,,,,,,,,,,,,,,,,,,,,,,,,,,,,,,,,,,,,,,,,,,,,,,,,,,,,,,,,,,,,,,,,,,,,,,,,,,,,,,,,,,,,,,,,,,,,,,,,,,,,,,,,,,,,,,,,,,,,,,,,,,,,,,,,,,,,,,,,,,,,,,,,,,,,,,,,,,,,,
,,,,,,,,,,,42199BK,42199BK Kichler Pendant Lt,-- Unbranded --,-- No Unilog Brand --,-- No DIB Brand --,Kichler Lighting (KICLI),Kichler Lighting,Kichler,,42199BK,,Industrial Supplies>General,42199BK Kichler Pendant Lt,,42199BK Kichler Pendant Lt,,42199BK Kichler Pendant Lt,,,,,,,,,,,,,,,,,,,,,,,,,,,Kichler Pendant Lt,,,,,,,,,,,,,,,,,,,,,,,,,,,,,,,,,,,,,,,,,,,,,,,,,,,,,,,,,,,,,,,,,,,,,,,,,,,,,,,,,,,,,,,,,,,,,,,,,,,,,,,,,,,,,,,,,,,,,,,,,,,,,,,,,,,,,,,,,,,,,,,,,,,,,,,,,,,,,,,,,,,,,,,,,,,,,,,,,,,,,,,,,,,,,,,,,,,,,
,,,,,,,,,,,42199BKCS,42199BKCS Kichler Pendant Lt,-- Unbranded --,-- No Unilog Brand --,-- No DIB Brand --,Kichler Lighting (KICLI),Kichler Lighting,Kichler,,42199BKCS,,Industrial Supplies>General,42199BKCS Kichler Pendant Lt,,42199BKCS Kichler Pendant Lt,,42199BKCS Kichler Pendant Lt,,,,,,,,,,,,,,,,,,,,,,,,,,,Kichler Pendant Lt,,,,,,,,,,,,,,,,,,,,,,,,,,,,,,,,,,,,,,,,,,,,,,,,,,,,,,,,,,,,,,,,,,,,,,,,,,,,,,,,,,,,,,,,,,,,,,,,,,,,,,,,,,,,,,,,,,,,,,,,,,,,,,,,,,,,,,,,,,,,,,,,,,,,,,,,,,,,,,,,,,,,,,,,,,,,,,,,,,,,,,,,,,,,,,,,,,,,,
,,,,,,,,,,,42200BK,42200BK Kichler Pendant Lt,-- Unbranded --,-- No Unilog Brand --,-- No DIB Brand --,Kichler Lighting (KICLI),Kichler Lighting,Kichler,,42200BK,,Industrial Supplies>General,42200BK Kichler Pendant Lt,,42200BK Kichler Pendant Lt,,42200BK Kichler Pendant Lt,,,,,,,,,,,,,,,,,,,,,,,,,,,Kichler Pendant Lt,,,,,,,,,,,,,,,,,,,,,,,,,,,,,,,,,,,,,,,,,,,,,,,,,,,,,,,,,,,,,,,,,,,,,,,,,,,,,,,,,,,,,,,,,,,,,,,,,,,,,,,,,,,,,,,,,,,,,,,,,,,,,,,,,,,,,,,,,,,,,,,,,,,,,,,,,,,,,,,,,,,,,,,,,,,,,,,,,,,,,,,,,,,,,,,,,,,,,
,,,,,,,,,,,42200BKCS,42200BKCS Kichler Pendant Lt,-- Unbranded --,-- No Unilog Brand --,-- No DIB Brand --,Kichler Lighting (KICLI),Kichler Lighting,Kichler,,42200BKCS,,Industrial Supplies>General,42200BKCS Kichler Pendant Lt,,42200BKCS Kichler Pendant Lt,,42200BKCS Kichler Pendant Lt,,,,,,,,,,,,,,,,,,,,,,,,,,,Kichler Pendant Lt,,,,,,,,,,,,,,,,,,,,,,,,,,,,,,,,,,,,,,,,,,,,,,,,,,,,,,,,,,,,,,,,,,,,,,,,,,,,,,,,,,,,,,,,,,,,,,,,,,,,,,,,,,,,,,,,,,,,,,,,,,,,,,,,,,,,,,,,,,,,,,,,,,,,,,,,,,,,,,,,,,,,,,,,,,,,,,,,,,,,,,,,,,,,,,,,,,,,,
,,,,,,,,,,,43851BK,43851BK Kichler Pendant Lt,-- Unbranded --,-- No Unilog Brand --,-- No DIB Brand --,Kichler Lighting (KICLI),Kichler Lighting,Kichler,,43851BK,,Industrial Supplies>General,43851BK Kichler Pendant Lt,,43851BK Kichler Pendant Lt,,43851BK Kichler Pendant Lt,,,,,,,,,,,,,,,,,,,,,,,,,,,Kichler Pendant Lt,,,,,,,,,,,,,,,,,,,,,,,,,,,,,,,,,,,,,,,,,,,,,,,,,,,,,,,,,,,,,,,,,,,,,,,,,,,,,,,,,,,,,,,,,,,,,,,,,,,,,,,,,,,,,,,,,,,,,,,,,,,,,,,,,,,,,,,,,,,,,,,,,,,,,,,,,,,,,,,,,,,,,,,,,,,,,,,,,,,,,,,,,,,,,,,,,,,,,
,,,,,,,,,,,43852BK,43852BK Kichler Pendant Lt,-- Unbranded --,-- No Unilog Brand --,-- No DIB Brand --,Kichler Lighting (KICLI),Kichler Lighting,Kichler,,43852BK,,Industrial Supplies>General,43852BK Kichler Pendant Lt,,43852BK Kichler Pendant Lt,,43852BK Kichler Pendant Lt,,,,,,,,,,,,,,,,,,,,,,,,,,,Kichler Pendant Lt,,,,,,,,,,,,,,,,,,,,,,,,,,,,,,,,,,,,,,,,,,,,,,,,,,,,,,,,,,,,,,,,,,,,,,,,,,,,,,,,,,,,,,,,,,,,,,,,,,,,,,,,,,,,,,,,,,,,,,,,,,,,,,,,,,,,,,,,,,,,,,,,,,,,,,,,,,,,,,,,,,,,,,,,,,,,,,,,,,,,,,,,,,,,,,,,,,,,,
,,,,,,,,,,,43853BK,43853BK Kichler Pendant Lt,-- Unbranded --,-- No Unilog Brand --,-- No DIB Brand --,Kichler Lighting (KICLI),Kichler Lighting,Kichler,,43853BK,,Industrial Supplies>General,43853BK Kichler Pendant Lt,,43853BK Kichler Pendant Lt,,43853BK Kichler Pendant Lt,,,,,,,,,,,,,,,,,,,,,,,,,,,Kichler Pendant Lt,,,,,,,,,,,,,,,,,,,,,,,,,,,,,,,,,,,,,,,,,,,,,,,,,,,,,,,,,,,,,,,,,,,,,,,,,,,,,,,,,,,,,,,,,,,,,,,,,,,,,,,,,,,,,,,,,,,,,,,,,,,,,,,,,,,,,,,,,,,,,,,,,,,,,,,,,,,,,,,,,,,,,,,,,,,,,,,,,,,,,,,,,,,,,,,,,,,,,
,,,,,,,,,,,43905BK,43905BK Kichler Pendant Lt,-- Unbranded --,-- No Unilog Brand --,-- No DIB Brand --,Kichler Lighting (KICLI),Kichler Lighting,Kichler,,43905BK,,Industrial Supplies>General,43905BK Kichler Pendant Lt,,43905BK Kichler Pendant Lt,,43905BK Kichler Pendant Lt,,,,,,,,,,,,,,,,,,,,,,,,,,,Kichler Pendant Lt,,,,,,,,,,,,,,,,,,,,,,,,,,,,,,,,,,,,,,,,,,,,,,,,,,,,,,,,,,,,,,,,,,,,,,,,,,,,,,,,,,,,,,,,,,,,,,,,,,,,,,,,,,,,,,,,,,,,,,,,,,,,,,,,,,,,,,,,,,,,,,,,,,,,,,,,,,,,,,,,,,,,,,,,,,,,,,,,,,,,,,,,,,,,,,,,,,,,,
,,,,,,,,,,,43911BK,43911BK Kichler Pendant Lt,-- Unbranded --,-- No Unilog Brand --,-- No DIB Brand --,Kichler Lighting (KICLI),Kichler Lighting,Kichler,,43911BK,,Industrial Supplies>General,43911BK Kichler Pendant Lt,,43911BK Kichler Pendant Lt,,43911BK Kichler Pendant Lt,,,,,,,,,,,,,,,,,,,,,,,,,,,Kichler Pendant Lt,,,,,,,,,,,,,,,,,,,,,,,,,,,,,,,,,,,,,,,,,,,,,,,,,,,,,,,,,,,,,,,,,,,,,,,,,,,,,,,,,,,,,,,,,,,,,,,,,,,,,,,,,,,,,,,,,,,,,,,,,,,,,,,,,,,,,,,,,,,,,,,,,,,,,,,,,,,,,,,,,,,,,,,,,,,,,,,,,,,,,,,,,,,,,,,,,,,,,
,,,,,,,,,,,52529BK,52529BK Kichler Pendant Light,-- Unbranded --,-- No Unilog Brand --,-- No DIB Brand --,Kichler Lighting (KICLI),Kichler Lighting,Kichler,,52529BK,,Electrical>Lighting,52529BK Kichler Pendant Light,,52529BK Kichler Pendant Light,,52529BK Kichler Pendant Light,,,,,,,,,,,,,,,,,,,,,,,,,,,Kichler Pendant Light,,,,,,,,,,,,,,,,,,,,,,,,,,,,,,,,,,,,,,,,,,,,,,,,,,,,,,,,,,,,,,,,,,,,,,,,,,,,,,,,,,,,,,,,,,,,,,,,,,,,,,,,,,,,,,,,,,,,,,,,,,,,,,,,,,,,,,,,,,,,,,,,,,,,,,,,,,,,,,,,,,,,,,,,,,,,,,,,,,,,,,,,,,,,,,,,,,,,,
,,,,,,,,,,,52662BKCLR,52662BKCLR Kichler Pendant Lt,-- Unbranded --,-- No Unilog Brand --,-- No DIB Brand --,Kichler Lighting (KICLI),Kichler Lighting,Kichler,,52662BKCLR,,Industrial Supplies>General,52662BKCLR Kichler Pendant Lt,,52662BKCLR Kichler Pendant Lt,,52662BKCLR Kichler Pendant Lt,,,,,,,,,,,,,,,,,,,,,,,,,,,Kichler Pendant Lt,,,,,,,,,,,,,,,,,,,,,,,,,,,,,,,,,,,,,,,,,,,,,,,,,,,,,,,,,,,,,,,,,,,,,,,,,,,,,,,,,,,,,,,,,,,,,,,,,,,,,,,,,,,,,,,,,,,,,,,,,,,,,,,,,,,,,,,,,,,,,,,,,,,,,,,,,,,,,,,,,,,,,,,,,,,,,,,,,,,,,,,,,,,,,,,,,,,,,
,,,,,,,,,,,52734CPZ,52734CPZ Kichler Pendant Light,-- Unbranded --,-- No Unilog Brand --,-- No DIB Brand --,Kichler Lighting (KICLI),Kichler Lighting,Kichler,,52734CPZ,,Electrical>Lighting,52734CPZ Kichler Pendant Light,,52734CPZ Kichler Pendant Light,,52734CPZ Kichler Pendant Light,,,,,,,,,,,,,,,,,,,,,,,,,,,Kichler Pendant Light,,,,,,,,,,,,,,,,,,,,,,,,,,,,,,,,,,,,,,,,,,,,,,,,,,,,,,,,,,,,,,,,,,,,,,,,,,,,,,,,,,,,,,,,,,,,,,,,,,,,,,,,,,,,,,,,,,,,,,,,,,,,,,,,,,,,,,,,,,,,,,,,,,,,,,,,,,,,,,,,,,,,,,,,,,,,,,,,,,,,,,,,,,,,,,,,,,,,,
,,,,,,,,,,,82400,82400 Kichler Pendant Lt,-- Unbranded --,-- No Unilog Brand --,-- No DIB Brand --,Kichler Lighting (KICLI),Kichler Lighting,Kichler,,82400,,Industrial Supplies>General,82400 Kichler Pendant Lt,,82400 Kichler Pendant Lt,,82400 Kichler Pendant Lt,,,,,,,,,,,,,,,,,,,,,,,,,,,Kichler Pendant Lt,,,,,,,,,,,,,,,,,,,,,,,,,,,,,,,,,,,,,,,,,,,,,,,,,,,,,,,,,,,,,,,,,,,,,,,,,,,,,,,,,,,,,,,,,,,,,,,,,,,,,,,,,,,,,,,,,,,,,,,,,,,,,,,,,,,,,,,,,,,,,,,,,,,,,,,,,,,,,,,,,,,,,,,,,,,,,,,,,,,,,,,,,,,,,,,,,,,,,
,,,,,,,,,,,S11606,"S11606 8"" Round Down Lt 30K",-- Unbranded --,-- No Unilog Brand --,-- No DIB Brand --,Satco Prod Inc (5573),Satco Prod Inc,Satco,,S11606,,Industrial Supplies>General,"S11606 8"" Round Down Lt 30K",,"S11606 8"" Round Down Lt 30K",,"S11606 8"" Round Down Lt 30K",,,,,,,,,,,,,,,,,,,,,,,,,,,"8"" Round Down Lt 30K",,,,,,,,,,,,,,,,,,,,,,,,,,,,,,,,,,,,,,,,,,,,,,,,,,,,,,,,,,,,,,,,,,,,,,,,,,,,,,,,,,,,,,,,,,,,,,,,,,,,,,,,,,,,,,,,,,,,,,,,,,,,,,,,,,,,,,,,,,,,,,,,,,,,,,,,,,,,,,,,,,,,,,,,,,,,,,,,,,,,,,,,,,,,,,,,,,,,,
,,,,,,,,,,,S11828,"S11828 8"" Led Down Light",-- Unbranded --,-- No Unilog Brand --,-- No DIB Brand --,Satco Prod Inc (5573),Satco Prod Inc,Satco,,S11828,,Electrical>Lighting,"S11828 8"" Led Down Light",,"S11828 8"" Led Down Light",,"S11828 8"" Led Down Light",,,,,,,,,,,,,,,,,,,,,,,,,,,"8"" Led Down Light",,,,,,,,,,,,,,,,,,,,,,,,,,,,,,,,,,,,,,,,,,,,,,,,,,,,,,,,,,,,,,,,,,,,,,,,,,,,,,,,,,,,,,,,,,,,,,,,,,,,,,,,,,,,,,,,,,,,,,,,,,,,,,,,,,,,,,,,,,,,,,,,,,,,,,,,,,,,,,,,,,,,,,,,,,,,,,,,,,,,,,,,,,,,,,,,,,,,,
,,,,,,,,,,,801274,"801274 10w LED 6"" Retro 50k",-- Unbranded --,-- No Unilog Brand --,Philips,Phillips Lighting (5831),Phillips Lighting,Philips,,801274,,Industrial Supplies>General,"801274 10w LED 6"" Retro 50k",,"801274 10w LED 6"" Retro 50k",,"801274 10w LED 6"" Retro 50k",,,,,,,,,,,,,,,,,,,,,,,,,,,"10w LED 6"" Retro 50k",,,,,,,,,,,,,,,,,,,,,,,,,,,,,,,,,,,,,,,,,,,,,,,,,,,,,,,,,,,,,,,,,,,,,,,,,,,,,,,,,,,,,,,,,,,,,,,,,,,,,,,,,,,,,,,,,,,,,,,,,,,,,,,,,,,,,,,,,,,,,,,,,,,,,,,,,,,,,,,,,,,,,,,,,,,,,,,,,,,,,,,,,,,,,,,,,,,,,
,,,,,,,,,,,S11860,"S11860 6"" Downlight White 5 CCT",-- Unbranded --,-- No Unilog Brand --,-- No DIB Brand --,Satco Prod Inc (5573),Satco Prod Inc,Satco,,S11860,,Electrical>Lighting,"S11860 6"" Downlight White 5 CCT",,"S11860 6"" Downlight White 5 CCT",,"S11860 6"" Downlight White 5 CCT",,,,,,,,,,,,,,,,,,,,,,,,,,,"6"" Downlight White 5 CCT",,,,,,,,,,,,,,,,,,,,,,,,,,,,,,,,,,,,,,,,,,,,,,,,,,,,,,,,,,,,,,,,,,,,,,,,,,,,,,,,,,,,,,,,,,,,,,,,,,,,,,,,,,,,,,,,,,,,,,,,,,,,,,,,,,,,,,,,,,,,,,,,,,,,,,,,,,,,,,,,,,,,,,,,,,,,,,,,,,,,,,,,,,,,,,,,,,,,,
,,,,,,,,,,,S11562,"S11562 Starfish 6"" D/W Downlight",-- Unbranded --,-- No Unilog Brand --,-- No DIB Brand --,Satco Prod Inc (5573),Satco Prod Inc,Satco,,S11562,,Electrical>Lighting,"S11562 Starfish 6"" D/W Downlight",,"S11562 Starfish 6"" D/W Downlight",,"S11562 Starfish 6"" D/W Downlight",,,,,,,,,,,,,,,,,,,,,,,,,,,"Starfish 6"" D/W Downlight",,,,,,,,,,,,,,,,,,,,,,,,,,,,,,,,,,,,,,,,,,,,,,,,,,,,,,,,,,,,,,,,,,,,,,,,,,,,,,,,,,,,,,,,,,,,,,,,,,,,,,,,,,,,,,,,,,,,,,,,,,,,,,,,,,,,,,,,,,,,,,,,,,,,,,,,,,,,,,,,,,,,,,,,,,,,,,,,,,,,,,,,,,,,,,,,,,,,,
,,,,,,,,,,,S11646,"S11646 6"" Downlight Wh",-- Unbranded --,-- No Unilog Brand --,-- No DIB Brand --,Satco Prod Inc (5573),Satco Prod Inc,Satco,,S11646,,Electrical>Lighting,"S11646 6"" Downlight Wh",,"S11646 6"" Downlight Wh",,"S11646 6"" Downlight Wh",,,,,,,,,,,,,,,,,,,,,,,,,,,"6"" Downlight Wh",,,,,,,,,,,,,,,,,,,,,,,,,,,,,,,,,,,,,,,,,,,,,,,,,,,,,,,,,,,,,,,,,,,,,,,,,,,,,,,,,,,,,,,,,,,,,,,,,,,,,,,,,,,,,,,,,,,,,,,,,,,,,,,,,,,,,,,,,,,,,,,,,,,,,,,,,,,,,,,,,,,,,,,,,,,,,,,,,,,,,,,,,,,,,,,,,,,,,
,,,,,,,,,,,S11801R1,"S11801R1 6"" Led Downlight Wh",-- Unbranded --,-- No Unilog Brand --,-- No DIB Brand --,Satco Prod Inc (5573),Satco Prod Inc,Satco,,S11801R1,,Electrical>Lighting,"S11801R1 6"" Led Downlight Wh",,"S11801R1 6"" Led Downlight Wh",,"S11801R1 6"" Led Downlight Wh",,,,,,,,,,,,,,,,,,,,,,,,,,,"6"" Led Downlight Wh",,,,,,,,,,,,,,,,,,,,,,,,,,,,,,,,,,,,,,,,,,,,,,,,,,,,,,,,,,,,,,,,,,,,,,,,,,,,,,,,,,,,,,,,,,,,,,,,,,,,,,,,,,,,,,,,,,,,,,,,,,,,,,,,,,,,,,,,,,,,,,,,,,,,,,,,,,,,,,,,,,,,,,,,,,,,,,,,,,,,,,,,,,,,,,,,,,,,,
,,,,,,,,,,,S11848,"S11848 10"" Down Light Wh",-- Unbranded --,-- No Unilog Brand --,-- No DIB Brand --,Satco Prod Inc (5573),Satco Prod Inc,Satco,,S11848,,Electrical>Lighting,"S11848 10"" Down Light Wh",,"S11848 10"" Down Light Wh",,"S11848 10"" Down Light Wh",,,,,,,,,,,,,,,,,,,,,,,,,,,"10"" Down Light Wh",,,,,,,,,,,,,,,,,,,,,,,,,,,,,,,,,,,,,,,,,,,,,,,,,,,,,,,,,,,,,,,,,,,,,,,,,,,,,,,,,,,,,,,,,,,,,,,,,,,,,,,,,,,,,,,,,,,,,,,,,,,,,,,,,,,,,,,,,,,,,,,,,,,,,,,,,,,,,,,,,,,,,,,,,,,,,,,,,,,,,,,,,,,,,,,,,,,,,
,,,,,,,,,,,S11849,"S11849 12"" Down Light Wh",-- Unbranded --,-- No Unilog Brand --,-- No DIB Brand --,Satco Prod Inc (5573),Satco Prod Inc,Satco,,S11849,,Electrical>Lighting,"S11849 12"" Down Light Wh",,"S11849 12"" Down Light Wh",,"S11849 12"" Down Light Wh",,,,,,,,,,,,,,,,,,,,,,,,,,,"12"" Down Light Wh",,,,,,,,,,,,,,,,,,,,,,,,,,,,,,,,,,,,,,,,,,,,,,,,,,,,,,,,,,,,,,,,,,,,,,,,,,,,,,,,,,,,,,,,,,,,,,,,,,,,,,,,,,,,,,,,,,,,,,,,,,,,,,,,,,,,,,,,,,,,,,,,,,,,,,,,,,,,,,,,,,,,,,,,,,,,,,,,,,,,,,,,,,,,,,,,,,,,,
,,,,,,,,,,,HLBSL609FS5,"HLBSL609FS5 6"" Down Light",-- Unbranded --,-- No Unilog Brand --,-- No DIB Brand --,Cooper Lighting (7638),Cooper Lighting,,,HLBSL609FS5,,Electrical>Lighting,"HLBSL609FS5 6"" Down Light",,"HLBSL609FS5 6"" Down Light",,"HLBSL609FS5 6"" Down Light",,,,,,,,,,,,,,,,,,,,,,,,,,,"6"" Down Light",,,,,,,,,,,,,,,,,,,,,,,,,,,,,,,,,,,,,,,,,,,,,,,,,,,,,,,,,,,,,,,,,,,,,,,,,,,,,,,,,,,,,,,,,,,,,,,,,,,,,,,,,,,,,,,,,,,,,,,,,,,,,,,,,,,,,,,,,,,,,,,,,,,,,,,,,,,,,,,,,,,,,,,,,,,,,,,,,,,,,,,,,,,,,,,,,,,,,
,,,,,,,,,,,WF4REGSWW590CRIMW,"WF4REGSWW590CRIMW 4"" Down Light",-- Unbranded --,-- No Unilog Brand --,-- No DIB Brand --,Lithonia Lighting (2776),Lithonia Lighting,,,WF4REGSWW590CRIMW,,Electrical>Lighting,"WF4REGSWW590CRIMW 4"" Down Light",,"WF4REGSWW590CRIMW 4"" Down Light",,"WF4REGSWW590CRIMW 4"" Down Light",,,,,,,,,,,,,,,,,,,,,,,,,,,"4"" Down Light",,,,,,,,,,,,,,,,,,,,,,,,,,,,,,,,,,,,,,,,,,,,,,,,,,,,,,,,,,,,,,,,,,,,,,,,,,,,,,,,,,,,,,,,,,,,,,,,,,,,,,,,,,,,,,,,,,,,,,,,,,,,,,,,,,,,,,,,,,,,,,,,,,,,,,,,,,,,,,,,,,,,,,,,,,,,,,,,,,,,,,,,,,,,,,,,,,,,,
,,,,,,,,,,,43849WH5CCT,43849WH5CCT Kichler Ceiling Lt,-- Unbranded --,-- No Unilog Brand --,-- No DIB Brand --,Kichler Lighting (KICLI),Kichler Lighting,Kichler,,43849WH5CCT,,Industrial Supplies>General,43849WH5CCT Kichler Ceiling Lt,,43849WH5CCT Kichler Ceiling Lt,,43849WH5CCT Kichler Ceiling Lt,,,,,,,,,,,,,,,,,,,,,,,,,,,Kichler Ceiling Lt,,,,,,,,,,,,,,,,,,,,,,,,,,,,,,,,,,,,,,,,,,,,,,,,,,,,,,,,,,,,,,,,,,,,,,,,,,,,,,,,,,,,,,,,,,,,,,,,,,,,,,,,,,,,,,,,,,,,,,,,,,,,,,,,,,,,,,,,,,,,,,,,,,,,,,,,,,,,,,,,,,,,,,,,,,,,,,,,,,,,,,,,,,,,,,,,,,,,,
,,,,,,,,,,,62-1777,"62-1777 15"" Ceiling Lt Wh",-- Unbranded --,-- No Unilog Brand --,-- No DIB Brand --,Satco Prod Inc (5573),Satco Prod Inc,Satco,,62-1777,,Industrial Supplies>General,"62-1777 15"" Ceiling Lt Wh",,"62-1777 15"" Ceiling Lt Wh",,"62-1777 15"" Ceiling Lt Wh",,,,,,,,,,,,,,,,,,,,,,,,,,,"15"" Ceiling Lt Wh",Thread Size,62-1777,,,,,,,,,,,,,,,,,,,,,,,,,,,,,,,,,,,,,,,,,,,,,,,,,,,,,,,,,,,,,,,,,,,,,,,,,,,,,,,,,,,,,,,,,,,,,,,,,,,,,,,,,,,,,,,,,,,,,,,,,,,,,,,,,,,,,,,,,,,,,,,,,,,,,,,,,,,,,,,,,,,,,,,,,,,,,,,,,,,,,,,,,,,,,,,,,,,
,,,,,,,,,,,62-1778,"62-1778 19"" Ceiling Lt Wh",-- Unbranded --,-- No Unilog Brand --,-- No DIB Brand --,Satco Prod Inc (5573),Satco Prod Inc,Satco,,62-1778,,Industrial Supplies>General,"62-1778 19"" Ceiling Lt Wh",,"62-1778 19"" Ceiling Lt Wh",,"62-1778 19"" Ceiling Lt Wh",,,,,,,,,,,,,,,,,,,,,,,,,,,"19"" Ceiling Lt Wh",Thread Size,62-1778,,,,,,,,,,,,,,,,,,,,,,,,,,,,,,,,,,,,,,,,,,,,,,,,,,,,,,,,,,,,,,,,,,,,,,,,,,,,,,,,,,,,,,,,,,,,,,,,,,,,,,,,,,,,,,,,,,,,,,,,,,,,,,,,,,,,,,,,,,,,,,,,,,,,,,,,,,,,,,,,,,,,,,,,,,,,,,,,,,,,,,,,,,,,,,,,,,,
,,,,,,,,,,,62-1784,62-1784 24x24 Led Ceiling Lt,-- Unbranded --,-- No Unilog Brand --,-- No DIB Brand --,Satco Prod Inc (5573),Satco Prod Inc,Satco,,62-1784,,Industrial Supplies>General,62-1784 24x24 Led Ceiling Lt,,62-1784 24x24 Led Ceiling Lt,,62-1784 24x24 Led Ceiling Lt,,,,,,,,,,,,,,,,,,,,,,,,,,,24x24 Led Ceiling Lt,Thread Size,62-1784,,,,,,,,,,,,,,,,,,,,,,,,,,,,,,,,,,,,,,,,,,,,,,,,,,,,,,,,,,,,,,,,,,,,,,,,,,,,,,,,,,,,,,,,,,,,,,,,,,,,,,,,,,,,,,,,,,,,,,,,,,,,,,,,,,,,,,,,,,,,,,,,,,,,,,,,,,,,,,,,,,,,,,,,,,,,,,,,,,,,,,,,,,,,,,,,,,,
,,,,,,,,,,,62-1787,"62-1787 15"" Ceiling Lt Bk",-- Unbranded --,-- No Unilog Brand --,-- No DIB Brand --,Satco Prod Inc (5573),Satco Prod Inc,Satco,,62-1787,,Industrial Supplies>General,"62-1787 15"" Ceiling Lt Bk",,"62-1787 15"" Ceiling Lt Bk",,"62-1787 15"" Ceiling Lt Bk",,,,,,,,,,,,,,,,,,,,,,,,,,,"15"" Ceiling Lt Bk",Thread Size,62-1787,,,,,,,,,,,,,,,,,,,,,,,,,,,,,,,,,,,,,,,,,,,,,,,,,,,,,,,,,,,,,,,,,,,,,,,,,,,,,,,,,,,,,,,,,,,,,,,,,,,,,,,,,,,,,,,,,,,,,,,,,,,,,,,,,,,,,,,,,,,,,,,,,,,,,,,,,,,,,,,,,,,,,,,,,,,,,,,,,,,,,,,,,,,,,,,,,,,
,,,,,,,,,,,62-1788,"62-1788 19"" Ceiling Lt Bk",-- Unbranded --,-- No Unilog Brand --,-- No DIB Brand --,Satco Prod Inc (5573),Satco Prod Inc,Satco,,62-1788,,Industrial Supplies>General,"62-1788 19"" Ceiling Lt Bk",,"62-1788 19"" Ceiling Lt Bk",,"62-1788 19"" Ceiling Lt Bk",,,,,,,,,,,,,,,,,,,,,,,,,,,"19"" Ceiling Lt Bk",Thread Size,62-1788,,,,,,,,,,,,,,,,,,,,,,,,,,,,,,,,,,,,,,,,,,,,,,,,,,,,,,,,,,,,,,,,,,,,,,,,,,,,,,,,,,,,,,,,,,,,,,,,,,,,,,,,,,,,,,,,,,,,,,,,,,,,,,,,,,,,,,,,,,,,,,,,,,,,,,,,,,,,,,,,,,,,,,,,,,,,,,,,,,,,,,,,,,,,,,,,,,,
,,,,,,,,,,,SHOP/4X2/840/V1,4' Feit Shop Light 4500L 40k,-- Unbranded --,-- No Unilog Brand --,Feit Electric,Feit Electric (3468),Feit Electric,Feit Electric,,SHOP/4X2/840/V1,,Electrical>Lighting,4' Feit Shop Light 4500L 40k,,4' Feit Shop Light 4500L 40k,,4' Feit Shop Light 4500L 40k,,,,,,,,,,,,,,,,,,,,,,,,,,,4' Feit Shop Light 4500L 40k,,,,,,,,,,,,,,,,,,,,,,,,,,,,,,,,,,,,,,,,,,,,,,,,,,,,,,,,,,,,,,,,,,,,,,,,,,,,,,,,,,,,,,,,,,,,,,,,,,,,,,,,,,,,,,,,,,,,,,,,,,,,,,,,,,,,,,,,,,,,,,,,,,,,,,,,,,,,,,,,,,,,,,,,,,,,,,,,,,,,,,,,,,,,,,,,,,,,,
,,,,,,,,,,,45495BKCLR,45495BKCLR Kichler Wall Lt,-- Unbranded --,-- No Unilog Brand --,-- No DIB Brand --,Kichler Lighting (KICLI),Kichler Lighting,Kichler,,45495BKCLR,,Industrial Supplies>General,45495BKCLR Kichler Wall Lt,,45495BKCLR Kichler Wall Lt,,45495BKCLR Kichler Wall Lt,,,,,,,,,,,,,,,,,,,,,,,,,,,Kichler Wall Lt,,,,,,,,,,,,,,,,,,,,,,,,,,,,,,,,,,,,,,,,,,,,,,,,,,,,,,,,,,,,,,,,,,,,,,,,,,,,,,,,,,,,,,,,,,,,,,,,,,,,,,,,,,,,,,,,,,,,,,,,,,,,,,,,,,,,,,,,,,,,,,,,,,,,,,,,,,,,,,,,,,,,,,,,,,,,,,,,,,,,,,,,,,,,,,,,,,,,,
,,,,,,,,,,,55209NI,55209NI Kichler Wall Sconce,-- Unbranded --,-- No Unilog Brand --,-- No DIB Brand --,Kichler Lighting (KICLI),Kichler Lighting,Kichler,,55209NI,,Industrial Supplies>General,55209NI Kichler Wall Sconce,,55209NI Kichler Wall Sconce,,55209NI Kichler Wall Sconce,,,,,,,,,,,,,,,,,,,,,,,,,,,Kichler Wall Sconce,,,,,,,,,,,,,,,,,,,,,,,,,,,,,,,,,,,,,,,,,,,,,,,,,,,,,,,,,,,,,,,,,,,,,,,,,,,,,,,,,,,,,,,,,,,,,,,,,,,,,,,,,,,,,,,,,,,,,,,,,,,,,,,,,,,,,,,,,,,,,,,,,,,,,,,,,,,,,,,,,,,,,,,,,,,,,,,,,,,,,,,,,,,,,,,,,,,,,
,,,,,,,,,,,65-1210,65-1210 2' LED Wrap Lt,-- Unbranded --,-- No Unilog Brand --,-- No DIB Brand --,Satco Prod Inc (5573),Satco Prod Inc,Satco,,65-1210,,Industrial Supplies>General,65-1210 2' LED Wrap Lt,,65-1210 2' LED Wrap Lt,,65-1210 2' LED Wrap Lt,,,,,,,,,,,,,,,,,,,,,,,,,,,2' LED Wrap Lt,Thread Size,65-1210,,,,,,,,,,,,,,,,,,,,,,,,,,,,,,,,,,,,,,,,,,,,,,,,,,,,,,,,,,,,,,,,,,,,,,,,,,,,,,,,,,,,,,,,,,,,,,,,,,,,,,,,,,,,,,,,,,,,,,,,,,,,,,,,,,,,,,,,,,,,,,,,,,,,,,,,,,,,,,,,,,,,,,,,,,,,,,,,,,,,,,,,,,,,,,,,,,,
,,,,,,,,,,,65-1211,65-1211 4' Led Wrap Light,-- Unbranded --,-- No Unilog Brand --,-- No DIB Brand --,Satco Prod Inc (5573),Satco Prod Inc,Satco,,65-1211,,Electrical>Lighting,65-1211 4' Led Wrap Light,,65-1211 4' Led Wrap Light,,65-1211 4' Led Wrap Light,,,,,,,,,,,,,,,,,,,,,,,,,,,4' Led Wrap Light,Thread Size,65-1211,,,,,,,,,,,,,,,,,,,,,,,,,,,,,,,,,,,,,,,,,,,,,,,,,,,,,,,,,,,,,,,,,,,,,,,,,,,,,,,,,,,,,,,,,,,,,,,,,,,,,,,,,,,,,,,,,,,,,,,,,,,,,,,,,,,,,,,,,,,,,,,,,,,,,,,,,,,,,,,,,,,,,,,,,,,,,,,,,,,,,,,,,,,,,,,,,,,
,,,,,,,,,,,141465,"141465 15W Flor 18"" T12 27k",-- Unbranded --,-- No Unilog Brand --,Philips,Phillips Lighting (5831),Phillips Lighting,Philips,,141465,,Industrial Supplies>General,"141465 15W Flor 18"" T12 27k",,"141465 15W Flor 18"" T12 27k",,"141465 15W Flor 18"" T12 27k",,,,,,,,,,,,,,,,,,,,,,,,,,,"15W Flor 18"" T12 27k",,,,,,,,,,,,,,,,,,,,,,,,,,,,,,,,,,,,,,,,,,,,,,,,,,,,,,,,,,,,,,,,,,,,,,,,,,,,,,,,,,,,,,,,,,,,,,,,,,,,,,,,,,,,,,,,,,,,,,,,,,,,,,,,,,,,,,,,,,,,,,,,,,,,,,,,,,,,,,,,,,,,,,,,,,,,,,,,,,,,,,,,,,,,,,,,,,,,,
,,,,,,,,,,,391227,"391227 32W Led 12"" T9 30K",-- Unbranded --,-- No Unilog Brand --,Philips,Phillips Lighting (5831),Phillips Lighting,Philips,,391227,,Industrial Supplies>General,"391227 32W Led 12"" T9 30K",,"391227 32W Led 12"" T9 30K",,"391227 32W Led 12"" T9 30K",,,,,,,,,,,,,,,,,,,,,,,,,,,"32W Led 12"" T9 30K",,,,,,,,,,,,,,,,,,,,,,,,,,,,,,,,,,,,,,,,,,,,,,,,,,,,,,,,,,,,,,,,,,,,,,,,,,,,,,,,,,,,,,,,,,,,,,,,,,,,,,,,,,,,,,,,,,,,,,,,,,,,,,,,,,,,,,,,,,,,,,,,,,,,,,,,,,,,,,,,,,,,,,,,,,,,,,,,,,,,,,,,,,,,,,,,,,,,,
,,,,,,,,,,,392225,"392225 22W Flor 8"" T9 30k",-- Unbranded --,-- No Unilog Brand --,Philips,Phillips Lighting (5831),Phillips Lighting,Philips,,392225,,Industrial Supplies>General,"392225 22W Flor 8"" T9 30k",,"392225 22W Flor 8"" T9 30k",,"392225 22W Flor 8"" T9 30k",,,,,,,,,,,,,,,,,,,,,,,,,,,"22W Flor 8"" T9 30k",,,,,,,,,,,,,,,,,,,,,,,,,,,,,,,,,,,,,,,,,,,,,,,,,,,,,,,,,,,,,,,,,,,,,,,,,,,,,,,,,,,,,,,,,,,,,,,,,,,,,,,,,,,,,,,,,,,,,,,,,,,,,,,,,,,,,,,,,,,,,,,,,,,,,,,,,,,,,,,,,,,,,,,,,,,,,,,,,,,,,,,,,,,,,,,,,,,,,
,,,,,,,,,,,S3539,S3539 20W Halogen Pin T4,-- Unbranded --,-- No Unilog Brand --,Satco,Satco Prod Inc (5573),Satco Prod Inc,Satco,,S3539,,Industrial Supplies>General,S3539 20W Halogen Pin T4,,S3539 20W Halogen Pin T4,,S3539 20W Halogen Pin T4,,,,,,,,,,,,,,,,,,,,,,,,,,,20W Halogen Pin T4,,,,,,,,,,,,,,,,,,,,,,,,,,,,,,,,,,,,,,,,,,,,,,,,,,,,,,,,,,,,,,,,,,,,,,,,,,,,,,,,,,,,,,,,,,,,,,,,,,,,,,,,,,,,,,,,,,,,,,,,,,,,,,,,,,,,,,,,,,,,,,,,,,,,,,,,,,,,,,,,,,,,,,,,,,,,,,,,,,,,,,,,,,,,,,,,,,,,,
,,,,,,,,,,,S3496,S3496 300W Halogen T3 Bulb,-- Unbranded --,-- No Unilog Brand --,Satco,Satco Prod Inc (5573),Satco Prod Inc,Satco,,S3496,,Industrial Supplies>General,S3496 300W Halogen T3 Bulb,,S3496 300W Halogen T3 Bulb,,S3496 300W Halogen T3 Bulb,,,,,,,,,,,,,,,,,,,,,,,,,,,300W Halogen T3 Bulb,,,,,,,,,,,,,,,,,,,,,,,,,,,,,,,,,,,,,,,,,,,,,,,,,,,,,,,,,,,,,,,,,,,,,,,,,,,,,,,,,,,,,,,,,,,,,,,,,,,,,,,,,,,,,,,,,,,,,,,,,,,,,,,,,,,,,,,,,,,,,,,,,,,,,,,,,,,,,,,,,,,,,,,,,,,,,,,,,,,,,,,,,,,,,,,,,,,,,
,,,,,,,,,,,467316,467316 150W Sodium Med 21k,-- Unbranded --,-- No Unilog Brand --,Philips,Phillips Lighting (5831),Phillips Lighting,Philips,,467316,,Industrial Supplies>General,467316 150W Sodium Med 21k,,467316 150W Sodium Med 21k,,467316 150W Sodium Med 21k,,,,,,,,,,,,,,,,,,,,,,,,,,,150W Sodium Med 21k,,,,,,,,,,,,,,,,,,,,,,,,,,,,,,,,,,,,,,,,,,,,,,,,,,,,,,,,,,,,,,,,,,,,,,,,,,,,,,,,,,,,,,,,,,,,,,,,,,,,,,,,,,,,,,,,,,,,,,,,,,,,,,,,,,,,,,,,,,,,,,,,,,,,,,,,,,,,,,,,,,,,,,,,,,,,,,,,,,,,,,,,,,,,,,,,,,,,,
,,,,,,,,,,,S3709,S3709 25W Incan 27K,-- Unbranded --,-- No Unilog Brand --,Satco,Satco Prod Inc (5573),Satco Prod Inc,Satco,,S3709,,Industrial Supplies>General,S3709 25W Incan 27K,,S3709 25W Incan 27K,,S3709 25W Incan 27K,,,,,,,,,,,,,,,,,,,,,,,,,,,25W Incan 27K,,,,,,,,,,,,,,,,,,,,,,,,,,,,,,,,,,,,,,,,,,,,,,,,,,,,,,,,,,,,,,,,,,,,,,,,,,,,,,,,,,,,,,,,,,,,,,,,,,,,,,,,,,,,,,,,,,,,,,,,,,,,,,,,,,,,,,,,,,,,,,,,,,,,,,,,,,,,,,,,,,,,,,,,,,,,,,,,,,,,,,,,,,,,,,,,,,,,,
,,,,,,,,,,,S4720,S4720 25W Incan 27K,-- Unbranded --,-- No Unilog Brand --,Satco,Satco Prod Inc (5573),Satco Prod Inc,Satco,,S4720,,Industrial Supplies>General,S4720 25W Incan 27K,,S4720 25W Incan 27K,,S4720 25W Incan 27K,,,,,,,,,,,,,,,,,,,,,,,,,,,25W Incan 27K,,,,,,,,,,,,,,,,,,,,,,,,,,,,,,,,,,,,,,,,,,,,,,,,,,,,,,,,,,,,,,,,,,,,,,,,,,,,,,,,,,,,,,,,,,,,,,,,,,,,,,,,,,,,,,,,,,,,,,,,,,,,,,,,,,,,,,,,,,,,,,,,,,,,,,,,,,,,,,,,,,,,,,,,,,,,,,,,,,,,,,,,,,,,,,,,,,,,,
,,,,,,,,,,,S3720,S3720 40w Inc A15 Med 26k,-- Unbranded --,-- No Unilog Brand --,Satco,Satco Prod Inc (5573),Satco Prod Inc,Satco,,S3720,,Industrial Supplies>General,S3720 40w Inc A15 Med 26k,,S3720 40w Inc A15 Med 26k,,S3720 40w Inc A15 Med 26k,,,,,,,,,,,,,,,,,,,,,,,,,,,40w Inc A15 Med 26k,,,,,,,,,,,,,,,,,,,,,,,,,,,,,,,,,,,,,,,,,,,,,,,,,,,,,,,,,,,,,,,,,,,,,,,,,,,,,,,,,,,,,,,,,,,,,,,,,,,,,,,,,,,,,,,,,,,,,,,,,,,,,,,,,,,,,,,,,,,,,,,,,,,,,,,,,,,,,,,,,,,,,,,,,,,,,,,,,,,,,,,,,,,,,,,,,,,,,
,,,,,,,,,,,S3702,S3702 40W Incan Med 27K,-- Unbranded --,-- No Unilog Brand --,Satco,Satco Prod Inc (5573),Satco Prod Inc,Satco,,S3702,,Industrial Supplies>General,S3702 40W Incan Med 27K,,S3702 40W Incan Med 27K,,S3702 40W Incan Med 27K,,,,,,,,,,,,,,,,,,,,,,,,,,,40W Incan Med 27K,,,,,,,,,,,,,,,,,,,,,,,,,,,,,,,,,,,,,,,,,,,,,,,,,,,,,,,,,,,,,,,,,,,,,,,,,,,,,,,,,,,,,,,,,,,,,,,,,,,,,,,,,,,,,,,,,,,,,,,,,,,,,,,,,,,,,,,,,,,,,,,,,,,,,,,,,,,,,,,,,,,,,,,,,,,,,,,,,,,,,,,,,,,,,,,,,,,,,
,,,,,,,,,,,S3703,S3703 40W Incan Med 27K,-- Unbranded --,-- No Unilog Brand --,Satco,Satco Prod Inc (5573),Satco Prod Inc,Satco,,S3703,,Industrial Supplies>General,S3703 40W Incan Med 27K,,S3703 40W Incan Med 27K,,S3703 40W Incan Med 27K,,,,,,,,,,,,,,,,,,,,,,,,,,,40W Incan Med 27K,,,,,,,,,,,,,,,,,,,,,,,,,,,,,,,,,,,,,,,,,,,,,,,,,,,,,,,,,,,,,,,,,,,,,,,,,,,,,,,,,,,,,,,,,,,,,,,,,,,,,,,,,,,,,,,,,,,,,,,,,,,,,,,,,,,,,,,,,,,,,,,,,,,,,,,,,,,,,,,,,,,,,,,,,,,,,,,,,,,,,,,,,,,,,,,,,,,,,
,,,,,,,,,,,S3797,S3797 4W Incan Cand 27K 2pk,-- Unbranded --,-- No Unilog Brand --,Satco,Satco Prod Inc (5573),Satco Prod Inc,Satco,,S3797,,Industrial Supplies>General,S3797 4W Incan Cand 27K 2pk,,S3797 4W Incan Cand 27K 2pk,,S3797 4W Incan Cand 27K 2pk,,,,,,,,,,,,,,,,,,,,,,,,,,,4W Incan Cand 27K 2pk,,,,,,,,,,,,,,,,,,,,,,,,,,,,,,,,,,,,,,,,,,,,,,,,,,,,,,,,,,,,,,,,,,,,,,,,,,,,,,,,,,,,,,,,,,,,,,,,,,,,,,,,,,,,,,,,,,,,,,,,,,,,,,,,,,,,,,,,,,,,,,,,,,,,,,,,,,,,,,,,,,,,,,,,,,,,,,,,,,,,,,,,,,,,,,,,,,,,,
,,,,,,,,,,,S4724,S4724 4W Incan Cand 27K 4pk,-- Unbranded --,-- No Unilog Brand --,Satco,Satco Prod Inc (5573),Satco Prod Inc,Satco,,S4724,,Industrial Supplies>General,S4724 4W Incan Cand 27K 4pk,,S4724 4W Incan Cand 27K 4pk,,S4724 4W Incan Cand 27K 4pk,,,,,,,,,,,,,,,,,,,,,,,,,,,4W Incan Cand 27K 4pk,,,,,,,,,,,,,,,,,,,,,,,,,,,,,,,,,,,,,,,,,,,,,,,,,,,,,,,,,,,,,,,,,,,,,,,,,,,,,,,,,,,,,,,,,,,,,,,,,,,,,,,,,,,,,,,,,,,,,,,,,,,,,,,,,,,,,,,,,,,,,,,,,,,,,,,,,,,,,,,,,,,,,,,,,,,,,,,,,,,,,,,,,,,,,,,,,,,,,
,,,,,,,,,,,S4717,S4717 6W Incan Cand 27k 2pk,-- Unbranded --,-- No Unilog Brand --,Satco,Satco Prod Inc (5573),Satco Prod Inc,Satco,,S4717,,Industrial Supplies>General,S4717 6W Incan Cand 27k 2pk,,S4717 6W Incan Cand 27k 2pk,,S4717 6W Incan Cand 27k 2pk,,,,,,,,,,,,,,,,,,,,,,,,,,,6W Incan Cand 27k 2pk,,,,,,,,,,,,,,,,,,,,,,,,,,,,,,,,,,,,,,,,,,,,,,,,,,,,,,,,,,,,,,,,,,,,,,,,,,,,,,,,,,,,,,,,,,,,,,,,,,,,,,,,,,,,,,,,,,,,,,,,,,,,,,,,,,,,,,,,,,,,,,,,,,,,,,,,,,,,,,,,,,,,,,,,,,,,,,,,,,,,,,,,,,,,,,,,,,,,,
,,,,,,,,,,,S3794,S3794 7W Incan Med 27K,-- Unbranded --,-- No Unilog Brand --,Satco,Satco Prod Inc (5573),Satco Prod Inc,Satco,,S3794,,Industrial Supplies>General,S3794 7W Incan Med 27K,,S3794 7W Incan Med 27K,,S3794 7W Incan Med 27K,,,,,,,,,,,,,,,,,,,,,,,,,,,7W Incan Med 27K,,,,,,,,,,,,,,,,,,,,,,,,,,,,,,,,,,,,,,,,,,,,,,,,,,,,,,,,,,,,,,,,,,,,,,,,,,,,,,,,,,,,,,,,,,,,,,,,,,,,,,,,,,,,,,,,,,,,,,,,,,,,,,,,,,,,,,,,,,,,,,,,,,,,,,,,,,,,,,,,,,,,,,,,,,,,,,,,,,,,,,,,,,,,,,,,,,,,,
,,,,,,,,,,,S3795,S3795 7W Incan Med 27K,-- Unbranded --,-- No Unilog Brand --,Satco,Satco Prod Inc (5573),Satco Prod Inc,Satco,,S3795,,Industrial Supplies>General,S3795 7W Incan Med 27K,,S3795 7W Incan Med 27K,,S3795 7W Incan Med 27K,,,,,,,,,,,,,,,,,,,,,,,,,,,7W Incan Med 27K,,,,,,,,,,,,,,,,,,,,,,,,,,,,,,,,,,,,,,,,,,,,,,,,,,,,,,,,,,,,,,,,,,,,,,,,,,,,,,,,,,,,,,,,,,,,,,,,,,,,,,,,,,,,,,,,,,,,,,,,,,,,,,,,,,,,,,,,,,,,,,,,,,,,,,,,,,,,,,,,,,,,,,,,,,,,,,,,,,,,,,,,,,,,,,,,,,,,,
,,,,,,,,,,,S4726,S4726 7W Incan Cand 27K 4pk,-- Unbranded --,-- No Unilog Brand --,Satco,Satco Prod Inc (5573),Satco Prod Inc,Satco,,S4726,,Industrial Supplies>General,S4726 7W Incan Cand 27K 4pk,,S4726 7W Incan Cand 27K 4pk,,S4726 7W Incan Cand 27K 4pk,,,,,,,,,,,,,,,,,,,,,,,,,,,7W Incan Cand 27K 4pk,,,,,,,,,,,,,,,,,,,,,,,,,,,,,,,,,,,,,,,,,,,,,,,,,,,,,,,,,,,,,,,,,,,,,,,,,,,,,,,,,,,,,,,,,,,,,,,,,,,,,,,,,,,,,,,,,,,,,,,,,,,,,,,,,,,,,,,,,,,,,,,,,,,,,,,,,,,,,,,,,,,,,,,,,,,,,,,,,,,,,,,,,,,,,,,,,,,,,
,,,,,,,,,,,S11429,S11429 60W Led Bulb 27K,-- Unbranded --,-- No Unilog Brand --,Satco,Satco Prod Inc (5573),Satco Prod Inc,Satco,,S11429,,Industrial Supplies>General,S11429 60W Led Bulb 27K,,S11429 60W Led Bulb 27K,,S11429 60W Led Bulb 27K,,,,,,,,,,,,,,,,,,,,,,,,,,,60W Led Bulb 27K,,,,,,,,,,,,,,,,,,,,,,,,,,,,,,,,,,,,,,,,,,,,,,,,,,,,,,,,,,,,,,,,,,,,,,,,,,,,,,,,,,,,,,,,,,,,,,,,,,,,,,,,,,,,,,,,,,,,,,,,,,,,,,,,,,,,,,,,,,,,,,,,,,,,,,,,,,,,,,,,,,,,,,,,,,,,,,,,,,,,,,,,,,,,,,,,,,,,,
,,,,,,,,,,,S21354,S21354 8W Led T9 Med 27k,-- Unbranded --,-- No Unilog Brand --,-- No DIB Brand --,Satco Prod Inc (5573),Satco Prod Inc,Satco,,S21354,,Industrial Supplies>General,S21354 8W Led T9 Med 27k,,S21354 8W Led T9 Med 27k,,S21354 8W Led T9 Med 27k,,,,,,,,,,,,,,,,,,,,,,,,,,,8W Led T9 Med 27k,,,,,,,,,,,,,,,,,,,,,,,,,,,,,,,,,,,,,,,,,,,,,,,,,,,,,,,,,,,,,,,,,,,,,,,,,,,,,,,,,,,,,,,,,,,,,,,,,,,,,,,,,,,,,,,,,,,,,,,,,,,,,,,,,,,,,,,,,,,,,,,,,,,,,,,,,,,,,,,,,,,,,,,,,,,,,,,,,,,,,,,,,,,,,,,,,,,,,
,,,,,,,,,,,S21363,S21363 8W Led Edison ST19 27K,-- Unbranded --,-- No Unilog Brand --,-- No DIB Brand --,Satco Prod Inc (5573),Satco Prod Inc,Satco,,S21363,,Industrial Supplies>General,S21363 8W Led Edison ST19 27K,,S21363 8W Led Edison ST19 27K,,S21363 8W Led Edison ST19 27K,,,,,,,,,,,,,,,,,,,,,,,,,,,8W Led Edison ST19 27K,,,,,,,,,,,,,,,,,,,,,,,,,,,,,,,,,,,,,,,,,,,,,,,,,,,,,,,,,,,,,,,,,,,,,,,,,,,,,,,,,,,,,,,,,,,,,,,,,,,,,,,,,,,,,,,,,,,,,,,,,,,,,,,,,,,,,,,,,,,,,,,,,,,,,,,,,,,,,,,,,,,,,,,,,,,,,,,,,,,,,,,,,,,,,,,,,,,,,
,,,,,,,,,,,S11445,S11445 12W Led Med 30k Motion,-- Unbranded --,-- No Unilog Brand --,-- No DIB Brand --,Satco Prod Inc (5573),Satco Prod Inc,Satco,,S11445,,Industrial Supplies>General,S11445 12W Led Med 30k Motion,,S11445 12W Led Med 30k Motion,,S11445 12W Led Med 30k Motion,,,,,,,,,,,,,,,,,,,,,,,,,,,12W Led Med 30k Motion,,,,,,,,,,,,,,,,,,,,,,,,,,,,,,,,,,,,,,,,,,,,,,,,,,,,,,,,,,,,,,,,,,,,,,,,,,,,,,,,,,,,,,,,,,,,,,,,,,,,,,,,,,,,,,,,,,,,,,,,,,,,,,,,,,,,,,,,,,,,,,,,,,,,,,,,,,,,,,,,,,,,,,,,,,,,,,,,,,,,,,,,,,,,,,,,,,,,,
,,,,,,,,,,,567313,567313 50W Led MR16 30K 3pk,-- Unbranded --,-- No Unilog Brand --,Philips,Phillips Lighting (5831),Phillips Lighting,Philips,,567313,,Industrial Supplies>General,567313 50W Led MR16 30K 3pk,,567313 50W Led MR16 30K 3pk,,567313 50W Led MR16 30K 3pk,,,,,,,,,,,,,,,,,,,,,,,,,,,50W Led MR16 30K 3pk,,,,,,,,,,,,,,,,,,,,,,,,,,,,,,,,,,,,,,,,,,,,,,,,,,,,,,,,,,,,,,,,,,,,,,,,,,,,,,,,,,,,,,,,,,,,,,,,,,,,,,,,,,,,,,,,,,,,,,,,,,,,,,,,,,,,,,,,,,,,,,,,,,,,,,,,,,,,,,,,,,,,,,,,,,,,,,,,,,,,,,,,,,,,,,,,,,,,,
,,,,,,,,,,,586875,586875 60W Led Multi CCT 4pk,-- Unbranded --,-- No Unilog Brand --,Philips,Phillips Lighting (5831),Phillips Lighting,Philips,,586875,,Industrial Supplies>General,586875 60W Led Multi CCT 4pk,,586875 60W Led Multi CCT 4pk,,586875 60W Led Multi CCT 4pk,,,,,,,,,,,,,,,,,,,,,,,,,,,60W Led Multi CCT 4pk,,,,,,,,,,,,,,,,,,,,,,,,,,,,,,,,,,,,,,,,,,,,,,,,,,,,,,,,,,,,,,,,,,,,,,,,,,,,,,,,,,,,,,,,,,,,,,,,,,,,,,,,,,,,,,,,,,,,,,,,,,,,,,,,,,,,,,,,,,,,,,,,,,,,,,,,,,,,,,,,,,,,,,,,,,,,,,,,,,,,,,,,,,,,,,,,,,,,,
,,,,,,,,,,,576355,576355 60/100/150 Led Med 50k,-- Unbranded --,-- No Unilog Brand --,Philips,Phillips Lighting (5831),Phillips Lighting,Philips,,576355,,Industrial Supplies>General,576355 60/100/150 Led Med 50k,,576355 60/100/150 Led Med 50k,,576355 60/100/150 Led Med 50k,,,,,,,,,,,,,,,,,,,,,,,,,,,60/100/150 Led Med 50k,,,,,,,,,,,,,,,,,,,,,,,,,,,,,,,,,,,,,,,,,,,,,,,,,,,,,,,,,,,,,,,,,,,,,,,,,,,,,,,,,,,,,,,,,,,,,,,,,,,,,,,,,,,,,,,,,,,,,,,,,,,,,,,,,,,,,,,,,,,,,,,,,,,,,,,,,,,,,,,,,,,,,,,,,,,,,,,,,,,,,,,,,,,,,,,,,,,,,
,,,,,,,,,,,576363,576363 100/150/200 Led Med 27k,-- Unbranded --,-- No Unilog Brand --,Philips,Phillips Lighting (5831),Phillips Lighting,Philips,,576363,,Industrial Supplies>General,576363 100/150/200 Led Med 27k,,576363 100/150/200 Led Med 27k,,576363 100/150/200 Led Med 27k,,,,,,,,,,,,,,,,,,,,,,,,,,,100/150/200 Led Med 27k,,,,,,,,,,,,,,,,,,,,,,,,,,,,,,,,,,,,,,,,,,,,,,,,,,,,,,,,,,,,,,,,,,,,,,,,,,,,,,,,,,,,,,,,,,,,,,,,,,,,,,,,,,,,,,,,,,,,,,,,,,,,,,,,,,,,,,,,,,,,,,,,,,,,,,,,,,,,,,,,,,,,,,,,,,,,,,,,,,,,,,,,,,,,,,,,,,,,,
,,,,,,,,,,,565374,565374 75W Led A19 Med 27k 4pk,-- Unbranded --,-- No Unilog Brand --,Philips,Phillips Lighting (5831),Phillips Lighting,Philips,,565374,,Industrial Supplies>General,565374 75W Led A19 Med 27k 4pk,,565374 75W Led A19 Med 27k 4pk,,565374 75W Led A19 Med 27k 4pk,,,,,,,,,,,,,,,,,,,,,,,,,,,75W Led A19 Med 27k 4pk,,,,,,,,,,,,,,,,,,,,,,,,,,,,,,,,,,,,,,,,,,,,,,,,,,,,,,,,,,,,,,,,,,,,,,,,,,,,,,,,,,,,,,,,,,,,,,,,,,,,,,,,,,,,,,,,,,,,,,,,,,,,,,,,,,,,,,,,,,,,,,,,,,,,,,,,,,,,,,,,,,,,,,,,,,,,,,,,,,,,,,,,,,,,,,,,,,,,,
,,,,,,,,,,,565390,565390 75W Led A19 Med 50k 4pk,-- Unbranded --,-- No Unilog Brand --,Philips,Phillips Lighting (5831),Phillips Lighting,Philips,,565390,,Industrial Supplies>General,565390 75W Led A19 Med 50k 4pk,,565390 75W Led A19 Med 50k 4pk,,565390 75W Led A19 Med 50k 4pk,,,,,,,,,,,,,,,,,,,,,,,,,,,75W Led A19 Med 50k 4pk,,,,,,,,,,,,,,,,,,,,,,,,,,,,,,,,,,,,,,,,,,,,,,,,,,,,,,,,,,,,,,,,,,,,,,,,,,,,,,,,,,,,,,,,,,,,,,,,,,,,,,,,,,,,,,,,,,,,,,,,,,,,,,,,,,,,,,,,,,,,,,,,,,,,,,,,,,,,,,,,,,,,,,,,,,,,,,,,,,,,,,,,,,,,,,,,,,,,,
,,,,,,,,,,,576371,576371 100/150/200 Led Med 50k,-- Unbranded --,-- No Unilog Brand --,Philips,Phillips Lighting (5831),Phillips Lighting,Philips,,576371,,Industrial Supplies>General,576371 100/150/200 Led Med 50k,,576371 100/150/200 Led Med 50k,,576371 100/150/200 Led Med 50k,,,,,,,,,,,,,,,,,,,,,,,,,,,100/150/200 Led Med 50k,,,,,,,,,,,,,,,,,,,,,,,,,,,,,,,,,,,,,,,,,,,,,,,,,,,,,,,,,,,,,,,,,,,,,,,,,,,,,,,,,,,,,,,,,,,,,,,,,,,,,,,,,,,,,,,,,,,,,,,,,,,,,,,,,,,,,,,,,,,,,,,,,,,,,,,,,,,,,,,,,,,,,,,,,,,,,,,,,,,,,,,,,,,,,,,,,,,,,
,,,,,,,,,,,576496,576496 45W Led R20 Med 27k,-- Unbranded --,-- No Unilog Brand --,Philips,Phillips Lighting (5831),Phillips Lighting,Philips,,576496,,Industrial Supplies>General,576496 45W Led R20 Med 27k,,576496 45W Led R20 Med 27k,,576496 45W Led R20 Med 27k,,,,,,,,,,,,,,,,,,,,,,,,,,,45W Led R20 Med 27k,,,,,,,,,,,,,,,,,,,,,,,,,,,,,,,,,,,,,,,,,,,,,,,,,,,,,,,,,,,,,,,,,,,,,,,,,,,,,,,,,,,,,,,,,,,,,,,,,,,,,,,,,,,,,,,,,,,,,,,,,,,,,,,,,,,,,,,,,,,,,,,,,,,,,,,,,,,,,,,,,,,,,,,,,,,,,,,,,,,,,,,,,,,,,,,,,,,,,
,,,,,,,,,,,564856,564856 40W Led ST19 27k 2pk,-- Unbranded --,-- No Unilog Brand --,Philips,Phillips Lighting (5831),Phillips Lighting,Philips,,564856,,Industrial Supplies>General,564856 40W Led ST19 27k 2pk,,564856 40W Led ST19 27k 2pk,,564856 40W Led ST19 27k 2pk,,,,,,,,,,,,,,,,,,,,,,,,,,,40W Led ST19 27k 2pk,,,,,,,,,,,,,,,,,,,,,,,,,,,,,,,,,,,,,,,,,,,,,,,,,,,,,,,,,,,,,,,,,,,,,,,,,,,,,,,,,,,,,,,,,,,,,,,,,,,,,,,,,,,,,,,,,,,,,,,,,,,,,,,,,,,,,,,,,,,,,,,,,,,,,,,,,,,,,,,,,,,,,,,,,,,,,,,,,,,,,,,,,,,,,,,,,,,,,
,,,,,,,,,,,565796,565796 60W Led A19 Med 20k,-- Unbranded --,-- No Unilog Brand --,Philips,Phillips Lighting (5831),Phillips Lighting,Philips,,565796,,Industrial Supplies>General,565796 60W Led A19 Med 20k,,565796 60W Led A19 Med 20k,,565796 60W Led A19 Med 20k,,,,,,,,,,,,,,,,,,,,,,,,,,,60W Led A19 Med 20k,,,,,,,,,,,,,,,,,,,,,,,,,,,,,,,,,,,,,,,,,,,,,,,,,,,,,,,,,,,,,,,,,,,,,,,,,,,,,,,,,,,,,,,,,,,,,,,,,,,,,,,,,,,,,,,,,,,,,,,,,,,,,,,,,,,,,,,,,,,,,,,,,,,,,,,,,,,,,,,,,,,,,,,,,,,,,,,,,,,,,,,,,,,,,,,,,,,,,
,,,,,,,,,,,576389,576389 100/200/300 Led Med 27k,-- Unbranded --,-- No Unilog Brand --,Philips,Phillips Lighting (5831),Phillips Lighting,Philips,,576389,,Industrial Supplies>General,576389 100/200/300 Led Med 27k,,576389 100/200/300 Led Med 27k,,576389 100/200/300 Led Med 27k,,,,,,,,,,,,,,,,,,,,,,,,,,,100/200/300 Led Med 27k,,,,,,,,,,,,,,,,,,,,,,,,,,,,,,,,,,,,,,,,,,,,,,,,,,,,,,,,,,,,,,,,,,,,,,,,,,,,,,,,,,,,,,,,,,,,,,,,,,,,,,,,,,,,,,,,,,,,,,,,,,,,,,,,,,,,,,,,,,,,,,,,,,,,,,,,,,,,,,,,,,,,,,,,,,,,,,,,,,,,,,,,,,,,,,,,,,,,,
,,,,,,,,,,,564492,564492 75W Adj Base 27k 3pk,-- Unbranded --,-- No Unilog Brand --,Philips,Phillips Lighting (5831),Phillips Lighting,Philips,,564492,,Industrial Supplies>General,564492 75W Adj Base 27k 3pk,,564492 75W Adj Base 27k 3pk,,564492 75W Adj Base 27k 3pk,,,,,,,,,,,,,,,,,,,,,,,,,,,75W Adj Base 27k 3pk,,,,,,,,,,,,,,,,,,,,,,,,,,,,,,,,,,,,,,,,,,,,,,,,,,,,,,,,,,,,,,,,,,,,,,,,,,,,,,,,,,,,,,,,,,,,,,,,,,,,,,,,,,,,,,,,,,,,,,,,,,,,,,,,,,,,,,,,,,,,,,,,,,,,,,,,,,,,,,,,,,,,,,,,,,,,,,,,,,,,,,,,,,,,,,,,,,,,,
,,,,,,,,,,,603449,603449 Wiz 60W Led Med Clr Ch,-- Unbranded --,-- No Unilog Brand --,Wiz,Phillips Lighting (5831),Phillips Lighting,Wiz,,603449,,Industrial Supplies>General,603449 Wiz 60W Led Med Clr Ch,,603449 Wiz 60W Led Med Clr Ch,,603449 Wiz 60W Led Med Clr Ch,,,,,,,,,,,,,,,,,,,,,,,,,,,Wiz 60W Led Med Clr Ch,,,,,,,,,,,,,,,,,,,,,,,,,,,,,,,,,,,,,,,,,,,,,,,,,,,,,,,,,,,,,,,,,,,,,,,,,,,,,,,,,,,,,,,,,,,,,,,,,,,,,,,,,,,,,,,,,,,,,,,,,,,,,,,,,,,,,,,,,,,,,,,,,,,,,,,,,,,,,,,,,,,,,,,,,,,,,,,,,,,,,,,,,,,,,,,,,,,,,
,,,,,,,,,,,586909,586909 Led 60W Med A19 27K,-- Unbranded --,-- No Unilog Brand --,Philips,Phillips Lighting (5831),Phillips Lighting,Philips,,586909,,Industrial Supplies>General,586909 Led 60W Med A19 27K,,586909 Led 60W Med A19 27K,,586909 Led 60W Med A19 27K,,,,,,,,,,,,,,,,,,,,,,,,,,,Led 60W Med A19 27K,,,,,,,,,,,,,,,,,,,,,,,,,,,,,,,,,,,,,,,,,,,,,,,,,,,,,,,,,,,,,,,,,,,,,,,,,,,,,,,,,,,,,,,,,,,,,,,,,,,,,,,,,,,,,,,,,,,,,,,,,,,,,,,,,,,,,,,,,,,,,,,,,,,,,,,,,,,,,,,,,,,,,,,,,,,,,,,,,,,,,,,,,,,,,,,,,,,,,
,,,,,,,,,,,566364,566364 75W Led ST19 27k 4pk,-- Unbranded --,-- No Unilog Brand --,Philips,Phillips Lighting (5831),Phillips Lighting,Philips,,566364,,Industrial Supplies>General,566364 75W Led ST19 27k 4pk,,566364 75W Led ST19 27k 4pk,,566364 75W Led ST19 27k 4pk,,,,,,,,,,,,,,,,,,,,,,,,,,,75W Led ST19 27k 4pk,,,,,,,,,,,,,,,,,,,,,,,,,,,,,,,,,,,,,,,,,,,,,,,,,,,,,,,,,,,,,,,,,,,,,,,,,,,,,,,,,,,,,,,,,,,,,,,,,,,,,,,,,,,,,,,,,,,,,,,,,,,,,,,,,,,,,,,,,,,,,,,,,,,,,,,,,,,,,,,,,,,,,,,,,,,,,,,,,,,,,,,,,,,,,,,,,,,,,
,,,,,,,,,,,576397,576394 100/200/300 Led A23 50k,-- Unbranded --,-- No Unilog Brand --,Philips,Phillips Lighting (5831),Phillips Lighting,Philips,,576397,,Industrial Supplies>General,576394 100/200/300 Led A23 50k,,576394 100/200/300 Led A23 50k,,576394 100/200/300 Led A23 50k,,,,,,,,,,,,,,,,,,,,,,,,,,,100/200/300 Led A23 50k,,,,,,,,,,,,,,,,,,,,,,,,,,,,,,,,,,,,,,,,,,,,,,,,,,,,,,,,,,,,,,,,,,,,,,,,,,,,,,,,,,,,,,,,,,,,,,,,,,,,,,,,,,,,,,,,,,,,,,,,,,,,,,,,,,,,,,,,,,,,,,,,,,,,,,,,,,,,,,,,,,,,,,,,,,,,,,,,,,,,,,,,,,,,,,,,,,,,,
,,,,,,,,,,,571497,571497 150W Led Med 27k,-- Unbranded --,-- No Unilog Brand --,Philips,Phillips Lighting (5831),Phillips Lighting,Philips,,571497,,Industrial Supplies>General,571497 150W Led Med 27k,,571497 150W Led Med 27k,,571497 150W Led Med 27k,,,,,,,,,,,,,,,,,,,,,,,,,,,150W Led Med 27k,,,,,,,,,,,,,,,,,,,,,,,,,,,,,,,,,,,,,,,,,,,,,,,,,,,,,,,,,,,,,,,,,,,,,,,,,,,,,,,,,,,,,,,,,,,,,,,,,,,,,,,,,,,,,,,,,,,,,,,,,,,,,,,,,,,,,,,,,,,,,,,,,,,,,,,,,,,,,,,,,,,,,,,,,,,,,,,,,,,,,,,,,,,,,,,,,,,,,
,,,,,,,,,,,576306,576306 40W Led A19 5CCT 4pk,-- Unbranded --,-- No Unilog Brand --,Philips,Phillips Lighting (5831),Phillips Lighting,Philips,,576306,,Industrial Supplies>General,576306 40W Led A19 5CCT 4pk,,576306 40W Led A19 5CCT 4pk,,576306 40W Led A19 5CCT 4pk,,,,,,,,,,,,,,,,,,,,,,,,,,,40W Led A19 5CCT 4pk,,,,,,,,,,,,,,,,,,,,,,,,,,,,,,,,,,,,,,,,,,,,,,,,,,,,,,,,,,,,,,,,,,,,,,,,,,,,,,,,,,,,,,,,,,,,,,,,,,,,,,,,,,,,,,,,,,,,,,,,,,,,,,,,,,,,,,,,,,,,,,,,,,,,,,,,,,,,,,,,,,,,,,,,,,,,,,,,,,,,,,,,,,,,,,,,,,,,,
,,,,,,,,,,,588533,588533 40W Led Cand 3pk,-- Unbranded --,-- No Unilog Brand --,Philips,Phillips Lighting (5831),Phillips Lighting,Philips,,588533,,Industrial Supplies>General,588533 40W Led Cand 3pk,,588533 40W Led Cand 3pk,,588533 40W Led Cand 3pk,,,,,,,,,,,,,,,,,,,,,,,,,,,40W Led Cand 3pk,,,,,,,,,,,,,,,,,,,,,,,,,,,,,,,,,,,,,,,,,,,,,,,,,,,,,,,,,,,,,,,,,,,,,,,,,,,,,,,,,,,,,,,,,,,,,,,,,,,,,,,,,,,,,,,,,,,,,,,,,,,,,,,,,,,,,,,,,,,,,,,,,,,,,,,,,,,,,,,,,,,,,,,,,,,,,,,,,,,,,,,,,,,,,,,,,,,,,
,,,,,,,,,,,576520,576520 65W Led Med 27k,-- Unbranded --,-- No Unilog Brand --,Philips,Phillips Lighting (5831),Phillips Lighting,Philips,,576520,,Industrial Supplies>General,576520 65W Led Med 27k,,576520 65W Led Med 27k,,576520 65W Led Med 27k,,,,,,,,,,,,,,,,,,,,,,,,,,,65W Led Med 27k,,,,,,,,,,,,,,,,,,,,,,,,,,,,,,,,,,,,,,,,,,,,,,,,,,,,,,,,,,,,,,,,,,,,,,,,,,,,,,,,,,,,,,,,,,,,,,,,,,,,,,,,,,,,,,,,,,,,,,,,,,,,,,,,,,,,,,,,,,,,,,,,,,,,,,,,,,,,,,,,,,,,,,,,,,,,,,,,,,,,,,,,,,,,,,,,,,,,,
,,,,,,,,,,,574004,574004 75W Led ST19 27k 2pk,-- Unbranded --,-- No Unilog Brand --,Philips,Phillips Lighting (5831),Phillips Lighting,Philips,,574004,,Industrial Supplies>General,574004 75W Led ST19 27k 2pk,,574004 75W Led ST19 27k 2pk,,574004 75W Led ST19 27k 2pk,,,,,,,,,,,,,,,,,,,,,,,,,,,75W Led ST19 27k 2pk,,,,,,,,,,,,,,,,,,,,,,,,,,,,,,,,,,,,,,,,,,,,,,,,,,,,,,,,,,,,,,,,,,,,,,,,,,,,,,,,,,,,,,,,,,,,,,,,,,,,,,,,,,,,,,,,,,,,,,,,,,,,,,,,,,,,,,,,,,,,,,,,,,,,,,,,,,,,,,,,,,,,,,,,,,,,,,,,,,,,,,,,,,,,,,,,,,,,,
,,,,,,,,,,,574012,574012 75W Led ST19 50k 2pk,-- Unbranded --,-- No Unilog Brand --,Philips,Phillips Lighting (5831),Phillips Lighting,Philips,,574012,,Industrial Supplies>General,574012 75W Led ST19 50k 2pk,,574012 75W Led ST19 50k 2pk,,574012 75W Led ST19 50k 2pk,,,,,,,,,,,,,,,,,,,,,,,,,,,75W Led ST19 50k 2pk,,,,,,,,,,,,,,,,,,,,,,,,,,,,,,,,,,,,,,,,,,,,,,,,,,,,,,,,,,,,,,,,,,,,,,,,,,,,,,,,,,,,,,,,,,,,,,,,,,,,,,,,,,,,,,,,,,,,,,,,,,,,,,,,,,,,,,,,,,,,,,,,,,,,,,,,,,,,,,,,,,,,,,,,,,,,,,,,,,,,,,,,,,,,,,,,,,,,,
,,,,,,,,,,,573971,573971 75W Led ST19 20k 4pk,-- Unbranded --,-- No Unilog Brand --,Philips,Phillips Lighting (5831),Phillips Lighting,Philips,,573971,,Industrial Supplies>General,573971 75W Led ST19 20k 4pk,,573971 75W Led ST19 20k 4pk,,573971 75W Led ST19 20k 4pk,,,,,,,,,,,,,,,,,,,,,,,,,,,75W Led ST19 20k 4pk,,,,,,,,,,,,,,,,,,,,,,,,,,,,,,,,,,,,,,,,,,,,,,,,,,,,,,,,,,,,,,,,,,,,,,,,,,,,,,,,,,,,,,,,,,,,,,,,,,,,,,,,,,,,,,,,,,,,,,,,,,,,,,,,,,,,,,,,,,,,,,,,,,,,,,,,,,,,,,,,,,,,,,,,,,,,,,,,,,,,,,,,,,,,,,,,,,,,,
,,,,,,,,,,,573989,573989 40W Led Med 27K 4pk,-- Unbranded --,-- No Unilog Brand --,Philips,Phillips Lighting (5831),Phillips Lighting,Philips,,573989,,Industrial Supplies>General,573989 40W Led Med 27K 4pk,,573989 40W Led Med 27K 4pk,,573989 40W Led Med 27K 4pk,,,,,,,,,,,,,,,,,,,,,,,,,,,40W Led Med 27K 4pk,,,,,,,,,,,,,,,,,,,,,,,,,,,,,,,,,,,,,,,,,,,,,,,,,,,,,,,,,,,,,,,,,,,,,,,,,,,,,,,,,,,,,,,,,,,,,,,,,,,,,,,,,,,,,,,,,,,,,,,,,,,,,,,,,,,,,,,,,,,,,,,,,,,,,,,,,,,,,,,,,,,,,,,,,,,,,,,,,,,,,,,,,,,,,,,,,,,,,
,,,,,,,,,,,576769,576769 65W Led BR30 Med 27k,-- Unbranded --,-- No Unilog Brand --,Philips,Phillips Lighting (5831),Phillips Lighting,Philips,,576769,,Industrial Supplies>General,576769 65W Led BR30 Med 27k,,576769 65W Led BR30 Med 27k,,576769 65W Led BR30 Med 27k,,,,,,,,,,,,,,,,,,,,,,,,,,,65W Led BR30 Med 27k,,,,,,,,,,,,,,,,,,,,,,,,,,,,,,,,,,,,,,,,,,,,,,,,,,,,,,,,,,,,,,,,,,,,,,,,,,,,,,,,,,,,,,,,,,,,,,,,,,,,,,,,,,,,,,,,,,,,,,,,,,,,,,,,,,,,,,,,,,,,,,,,,,,,,,,,,,,,,,,,,,,,,,,,,,,,,,,,,,,,,,,,,,,,,,,,,,,,,
,,,,,,,,,,,567446,567446 60W Led Med 50K 3pk,-- Unbranded --,-- No Unilog Brand --,Philips,Phillips Lighting (5831),Phillips Lighting,Philips,,567446,,Industrial Supplies>General,567446 60W Led Med 50K 3pk,,567446 60W Led Med 50K 3pk,,567446 60W Led Med 50K 3pk,,,,,,,,,,,,,,,,,,,,,,,,,,,60W Led Med 50K 3pk,,,,,,,,,,,,,,,,,,,,,,,,,,,,,,,,,,,,,,,,,,,,,,,,,,,,,,,,,,,,,,,,,,,,,,,,,,,,,,,,,,,,,,,,,,,,,,,,,,,,,,,,,,,,,,,,,,,,,,,,,,,,,,,,,,,,,,,,,,,,,,,,,,,,,,,,,,,,,,,,,,,,,,,,,,,,,,,,,,,,,,,,,,,,,,,,,,,,,
,,,,,,,,,,,573997,573997 40W Led Med 50k 4pk,-- Unbranded --,-- No Unilog Brand --,Philips,Phillips Lighting (5831),Phillips Lighting,Philips,,573997,,Industrial Supplies>General,573997 40W Led Med 50k 4pk,,573997 40W Led Med 50k 4pk,,573997 40W Led Med 50k 4pk,,,,,,,,,,,,,,,,,,,,,,,,,,,40W Led Med 50k 4pk,,,,,,,,,,,,,,,,,,,,,,,,,,,,,,,,,,,,,,,,,,,,,,,,,,,,,,,,,,,,,,,,,,,,,,,,,,,,,,,,,,,,,,,,,,,,,,,,,,,,,,,,,,,,,,,,,,,,,,,,,,,,,,,,,,,,,,,,,,,,,,,,,,,,,,,,,,,,,,,,,,,,,,,,,,,,,,,,,,,,,,,,,,,,,,,,,,,,,
,,,,,,,,,,,571463,571463 100W Led BR30 Med 50k,-- Unbranded --,-- No Unilog Brand --,Philips,Phillips Lighting (5831),Phillips Lighting,Philips,,571463,,Industrial Supplies>General,571463 100W Led BR30 Med 50k,,571463 100W Led BR30 Med 50k,,571463 100W Led BR30 Med 50k,,,,,,,,,,,,,,,,,,,,,,,,,,,100W Led BR30 Med 50k,,,,,,,,,,,,,,,,,,,,,,,,,,,,,,,,,,,,,,,,,,,,,,,,,,,,,,,,,,,,,,,,,,,,,,,,,,,,,,,,,,,,,,,,,,,,,,,,,,,,,,,,,,,,,,,,,,,,,,,,,,,,,,,,,,,,,,,,,,,,,,,,,,,,,,,,,,,,,,,,,,,,,,,,,,,,,,,,,,,,,,,,,,,,,,,,,,,,,
,,,,,,,,,,,576512,576512 65W Led BR40 Med 27k,-- Unbranded --,-- No Unilog Brand --,Philips,Phillips Lighting (5831),Phillips Lighting,Philips,,576512,,Industrial Supplies>General,576512 65W Led BR40 Med 27k,,576512 65W Led BR40 Med 27k,,576512 65W Led BR40 Med 27k,,,,,,,,,,,,,,,,,,,,,,,,,,,65W Led BR40 Med 27k,,,,,,,,,,,,,,,,,,,,,,,,,,,,,,,,,,,,,,,,,,,,,,,,,,,,,,,,,,,,,,,,,,,,,,,,,,,,,,,,,,,,,,,,,,,,,,,,,,,,,,,,,,,,,,,,,,,,,,,,,,,,,,,,,,,,,,,,,,,,,,,,,,,,,,,,,,,,,,,,,,,,,,,,,,,,,,,,,,,,,,,,,,,,,,,,,,,,,
,,,,,,,,,,,581181,581181 40W Led Med 2pk,-- Unbranded --,-- No Unilog Brand --,Philips,Phillips Lighting (5831),Phillips Lighting,Philips,,581181,,Industrial Supplies>General,581181 40W Led Med 2pk,,581181 40W Led Med 2pk,,581181 40W Led Med 2pk,,,,,,,,,,,,,,,,,,,,,,,,,,,40W Led Med 2pk,,,,,,,,,,,,,,,,,,,,,,,,,,,,,,,,,,,,,,,,,,,,,,,,,,,,,,,,,,,,,,,,,,,,,,,,,,,,,,,,,,,,,,,,,,,,,,,,,,,,,,,,,,,,,,,,,,,,,,,,,,,,,,,,,,,,,,,,,,,,,,,,,,,,,,,,,,,,,,,,,,,,,,,,,,,,,,,,,,,,,,,,,,,,,,,,,,,,,
,,,,,,,,,,,GT-CB-100C,GTCB100C Led 100W Cob Bulb,-- Unbranded --,-- No Unilog Brand --,GT-Lite,Keystone (5702),Keystone,GT-Lite,,GT-CB-100C,,Industrial Supplies>General,GTCB100C Led 100W Cob Bulb,,GTCB100C Led 100W Cob Bulb,,GTCB100C Led 100W Cob Bulb,,,,,,,,,,,,,,,,,,,,,,,,,,,Led 100W Cob Bulb,,,,,,,,,,,,,,,,,,,,,,,,,,,,,,,,,,,,,,,,,,,,,,,,,,,,,,,,,,,,,,,,,,,,,,,,,,,,,,,,,,,,,,,,,,,,,,,,,,,,,,,,,,,,,,,,,,,,,,,,,,,,,,,,,,,,,,,,,,,,,,,,,,,,,,,,,,,,,,,,,,,,,,,,,,,,,,,,,,,,,,,,,,,,,,,,,,,,,
,,,,,,,,,,,566430,566430 75W Led Med 50k 4pk,-- Unbranded --,-- No Unilog Brand --,Philips,Phillips Lighting (5831),Phillips Lighting,Philips,,566430,,Industrial Supplies>General,566430 75W Led Med 50k 4pk,,566430 75W Led Med 50k 4pk,,566430 75W Led Med 50k 4pk,,,,,,,,,,,,,,,,,,,,,,,,,,,75W Led Med 50k 4pk,,,,,,,,,,,,,,,,,,,,,,,,,,,,,,,,,,,,,,,,,,,,,,,,,,,,,,,,,,,,,,,,,,,,,,,,,,,,,,,,,,,,,,,,,,,,,,,,,,,,,,,,,,,,,,,,,,,,,,,,,,,,,,,,,,,,,,,,,,,,,,,,,,,,,,,,,,,,,,,,,,,,,,,,,,,,,,,,,,,,,,,,,,,,,,,,,,,,,
,,,,,,,,,,,568337,568337 120W Led Par38 Med 50k,-- Unbranded --,-- No Unilog Brand --,Philips,Phillips Lighting (5831),Phillips Lighting,Philips,,568337,,Industrial Supplies>General,568337 120W Led Par38 Med 50k,,568337 120W Led Par38 Med 50k,,568337 120W Led Par38 Med 50k,,,,,,,,,,,,,,,,,,,,,,,,,,,120W Led Par38 Med 50k,,,,,,,,,,,,,,,,,,,,,,,,,,,,,,,,,,,,,,,,,,,,,,,,,,,,,,,,,,,,,,,,,,,,,,,,,,,,,,,,,,,,,,,,,,,,,,,,,,,,,,,,,,,,,,,,,,,,,,,,,,,,,,,,,,,,,,,,,,,,,,,,,,,,,,,,,,,,,,,,,,,,,,,,,,,,,,,,,,,,,,,,,,,,,,,,,,,,,
,,,,,,,,,,,565788,565788 40W Led A19 Med 27k,-- Unbranded --,-- No Unilog Brand --,Philips,Phillips Lighting (5831),Phillips Lighting,Philips,,565788,,Industrial Supplies>General,565788 40W Led A19 Med 27k,,565788 40W Led A19 Med 27k,,565788 40W Led A19 Med 27k,,,,,,,,,,,,,,,,,,,,,,,,,,,40W Led A19 Med 27k,,,,,,,,,,,,,,,,,,,,,,,,,,,,,,,,,,,,,,,,,,,,,,,,,,,,,,,,,,,,,,,,,,,,,,,,,,,,,,,,,,,,,,,,,,,,,,,,,,,,,,,,,,,,,,,,,,,,,,,,,,,,,,,,,,,,,,,,,,,,,,,,,,,,,,,,,,,,,,,,,,,,,,,,,,,,,,,,,,,,,,,,,,,,,,,,,,,,,
,,,,,,,,,,,565770,565770 40W Led A19 Med 50k,-- Unbranded --,-- No Unilog Brand --,Philips,Phillips Lighting (5831),Phillips Lighting,Philips,,565770,,Industrial Supplies>General,565770 40W Led A19 Med 50k,,565770 40W Led A19 Med 50k,,565770 40W Led A19 Med 50k,,,,,,,,,,,,,,,,,,,,,,,,,,,40W Led A19 Med 50k,,,,,,,,,,,,,,,,,,,,,,,,,,,,,,,,,,,,,,,,,,,,,,,,,,,,,,,,,,,,,,,,,,,,,,,,,,,,,,,,,,,,,,,,,,,,,,,,,,,,,,,,,,,,,,,,,,,,,,,,,,,,,,,,,,,,,,,,,,,,,,,,,,,,,,,,,,,,,,,,,,,,,,,,,,,,,,,,,,,,,,,,,,,,,,,,,,,,,
,,,,,,,,,,,573436,573436 60W Led A19 Med 27k 2pk,-- Unbranded --,-- No Unilog Brand --,Philips,Phillips Lighting (5831),Phillips Lighting,Philips,,573436,,Industrial Supplies>General,573436 60W Led A19 Med 27k 2pk,,573436 60W Led A19 Med 27k 2pk,,573436 60W Led A19 Med 27k 2pk,,,,,,,,,,,,,,,,,,,,,,,,,,,60W Led A19 Med 27k 2pk,,,,,,,,,,,,,,,,,,,,,,,,,,,,,,,,,,,,,,,,,,,,,,,,,,,,,,,,,,,,,,,,,,,,,,,,,,,,,,,,,,,,,,,,,,,,,,,,,,,,,,,,,,,,,,,,,,,,,,,,,,,,,,,,,,,,,,,,,,,,,,,,,,,,,,,,,,,,,,,,,,,,,,,,,,,,,,,,,,,,,,,,,,,,,,,,,,,,,
,,,,,,,,,,,576538,576538 65W Led BR30 Med 50k,-- Unbranded --,-- No Unilog Brand --,Philips,Phillips Lighting (5831),Phillips Lighting,Philips,,576538,,Industrial Supplies>General,576538 65W Led BR30 Med 50k,,576538 65W Led BR30 Med 50k,,576538 65W Led BR30 Med 50k,,,,,,,,,,,,,,,,,,,,,,,,,,,65W Led BR30 Med 50k,,,,,,,,,,,,,,,,,,,,,,,,,,,,,,,,,,,,,,,,,,,,,,,,,,,,,,,,,,,,,,,,,,,,,,,,,,,,,,,,,,,,,,,,,,,,,,,,,,,,,,,,,,,,,,,,,,,,,,,,,,,,,,,,,,,,,,,,,,,,,,,,,,,,,,,,,,,,,,,,,,,,,,,,,,,,,,,,,,,,,,,,,,,,,,,,,,,,,
,,,,,,,,,,,573451,573451 40W Led Med 27k 2pk,-- Unbranded --,-- No Unilog Brand --,Philips,Phillips Lighting (5831),Phillips Lighting,Philips,,573451,,Industrial Supplies>General,573451 40W Led Med 27k 2pk,,573451 40W Led Med 27k 2pk,,573451 40W Led Med 27k 2pk,,,,,,,,,,,,,,,,,,,,,,,,,,,40W Led Med 27k 2pk,,,,,,,,,,,,,,,,,,,,,,,,,,,,,,,,,,,,,,,,,,,,,,,,,,,,,,,,,,,,,,,,,,,,,,,,,,,,,,,,,,,,,,,,,,,,,,,,,,,,,,,,,,,,,,,,,,,,,,,,,,,,,,,,,,,,,,,,,,,,,,,,,,,,,,,,,,,,,,,,,,,,,,,,,,,,,,,,,,,,,,,,,,,,,,,,,,,,,
,,,,,,,,,,,586883,586883 100W Led Multi CCT 2pk,-- Unbranded --,-- No Unilog Brand --,Philips,Phillips Lighting (5831),Phillips Lighting,Philips,,586883,,Industrial Supplies>General,586883 100W Led Multi CCT 2pk,,586883 100W Led Multi CCT 2pk,,586883 100W Led Multi CCT 2pk,,,,,,,,,,,,,,,,,,,,,,,,,,,100W Led Multi CCT 2pk,,,,,,,,,,,,,,,,,,,,,,,,,,,,,,,,,,,,,,,,,,,,,,,,,,,,,,,,,,,,,,,,,,,,,,,,,,,,,,,,,,,,,,,,,,,,,,,,,,,,,,,,,,,,,,,,,,,,,,,,,,,,,,,,,,,,,,,,,,,,,,,,,,,,,,,,,,,,,,,,,,,,,,,,,,,,,,,,,,,,,,,,,,,,,,,,,,,,,
,,,,,,,,,,,586859,586859 40W Led Med 27K Back Up,-- Unbranded --,-- No Unilog Brand --,Philips,Phillips Lighting (5831),Phillips Lighting,Philips,,586859,,Industrial Supplies>General,586859 40W Led Med 27K Back Up,,586859 40W Led Med 27K Back Up,,586859 40W Led Med 27K Back Up,,,,,,,,,,,,,,,,,,,,,,,,,,,40W Led Med 27K Back Up,,,,,,,,,,,,,,,,,,,,,,,,,,,,,,,,,,,,,,,,,,,,,,,,,,,,,,,,,,,,,,,,,,,,,,,,,,,,,,,,,,,,,,,,,,,,,,,,,,,,,,,,,,,,,,,,,,,,,,,,,,,,,,,,,,,,,,,,,,,,,,,,,,,,,,,,,,,,,,,,,,,,,,,,,,,,,,,,,,,,,,,,,,,,,,,,,,,,,
,,,,,,,,,,,576488,576488 45W Led R20 Med 50k,-- Unbranded --,-- No Unilog Brand --,Philips,Phillips Lighting (5831),Phillips Lighting,Philips,,576488,,Industrial Supplies>General,576488 45W Led R20 Med 50k,,576488 45W Led R20 Med 50k,,576488 45W Led R20 Med 50k,,,,,,,,,,,,,,,,,,,,,,,,,,,45W Led R20 Med 50k,,,,,,,,,,,,,,,,,,,,,,,,,,,,,,,,,,,,,,,,,,,,,,,,,,,,,,,,,,,,,,,,,,,,,,,,,,,,,,,,,,,,,,,,,,,,,,,,,,,,,,,,,,,,,,,,,,,,,,,,,,,,,,,,,,,,,,,,,,,,,,,,,,,,,,,,,,,,,,,,,,,,,,,,,,,,,,,,,,,,,,,,,,,,,,,,,,,,,
,,,,,,,,,,,575217,575217 60W Led Med 50k 2pk,-- Unbranded --,-- No Unilog Brand --,Philips,Phillips Lighting (5831),Phillips Lighting,Philips,,575217,,Industrial Supplies>General,575217 60W Led Med 50k 2pk,,575217 60W Led Med 50k 2pk,,575217 60W Led Med 50k 2pk,,,,,,,,,,,,,,,,,,,,,,,,,,,60W Led Med 50k 2pk,,,,,,,,,,,,,,,,,,,,,,,,,,,,,,,,,,,,,,,,,,,,,,,,,,,,,,,,,,,,,,,,,,,,,,,,,,,,,,,,,,,,,,,,,,,,,,,,,,,,,,,,,,,,,,,,,,,,,,,,,,,,,,,,,,,,,,,,,,,,,,,,,,,,,,,,,,,,,,,,,,,,,,,,,,,,,,,,,,,,,,,,,,,,,,,,,,,,,
,,,,,,,,,,,586479,586479 90W Led Med Multi CCT,-- Unbranded --,-- No Unilog Brand --,Philips,Phillips Lighting (5831),Phillips Lighting,Philips,,586479,,Industrial Supplies>General,586479 90W Led Med Multi CCT,,586479 90W Led Med Multi CCT,,586479 90W Led Med Multi CCT,,,,,,,,,,,,,,,,,,,,,,,,,,,90W Led Med Multi CCT,,,,,,,,,,,,,,,,,,,,,,,,,,,,,,,,,,,,,,,,,,,,,,,,,,,,,,,,,,,,,,,,,,,,,,,,,,,,,,,,,,,,,,,,,,,,,,,,,,,,,,,,,,,,,,,,,,,,,,,,,,,,,,,,,,,,,,,,,,,,,,,,,,,,,,,,,,,,,,,,,,,,,,,,,,,,,,,,,,,,,,,,,,,,,,,,,,,,,
,,,,,,,,,,,571471,571471 100W Led BR30 Med 27k,-- Unbranded --,-- No Unilog Brand --,Philips,Phillips Lighting (5831),Phillips Lighting,Philips,,571471,,Industrial Supplies>General,571471 100W Led BR30 Med 27k,,571471 100W Led BR30 Med 27k,,571471 100W Led BR30 Med 27k,,,,,,,,,,,,,,,,,,,,,,,,,,,100W Led BR30 Med 27k,,,,,,,,,,,,,,,,,,,,,,,,,,,,,,,,,,,,,,,,,,,,,,,,,,,,,,,,,,,,,,,,,,,,,,,,,,,,,,,,,,,,,,,,,,,,,,,,,,,,,,,,,,,,,,,,,,,,,,,,,,,,,,,,,,,,,,,,,,,,,,,,,,,,,,,,,,,,,,,,,,,,,,,,,,,,,,,,,,,,,,,,,,,,,,,,,,,,,
,,,,,,,,,,,570762,570762 50W Led Par16 30k 3pk,-- Unbranded --,-- No Unilog Brand --,Philips,Phillips Lighting (5831),Phillips Lighting,Philips,,570762,,Industrial Supplies>General,570762 50W Led Par16 30k 3pk,,570762 50W Led Par16 30k 3pk,,570762 50W Led Par16 30k 3pk,,,,,,,,,,,,,,,,,,,,,,,,,,,50W Led Par16 30k 3pk,,,,,,,,,,,,,,,,,,,,,,,,,,,,,,,,,,,,,,,,,,,,,,,,,,,,,,,,,,,,,,,,,,,,,,,,,,,,,,,,,,,,,,,,,,,,,,,,,,,,,,,,,,,,,,,,,,,,,,,,,,,,,,,,,,,,,,,,,,,,,,,,,,,,,,,,,,,,,,,,,,,,,,,,,,,,,,,,,,,,,,,,,,,,,,,,,,,,,
,,,,,,,,,,,533352,571505 150W Led Med 50k,-- Unbranded --,-- No Unilog Brand --,Philips,Phillips Lighting (5831),Phillips Lighting,Philips,,533352,,Industrial Supplies>General,571505 150W Led Med 50k,,571505 150W Led Med 50k,,571505 150W Led Med 50k,,,,,,,,,,,,,,,,,,,,,,,,,,,150W Led Med 50k,,,,,,,,,,,,,,,,,,,,,,,,,,,,,,,,,,,,,,,,,,,,,,,,,,,,,,,,,,,,,,,,,,,,,,,,,,,,,,,,,,,,,,,,,,,,,,,,,,,,,,,,,,,,,,,,,,,,,,,,,,,,,,,,,,,,,,,,,,,,,,,,,,,,,,,,,,,,,,,,,,,,,,,,,,,,,,,,,,,,,,,,,,,,,,,,,,,,,
,,,,,,,,,,,573519,573519 100W Led A21 27k 2pk,-- Unbranded --,-- No Unilog Brand --,Philips,Phillips Lighting (5831),Phillips Lighting,Philips,,573519,,Industrial Supplies>General,573519 100W Led A21 27k 2pk,,573519 100W Led A21 27k 2pk,,573519 100W Led A21 27k 2pk,,,,,,,,,,,,,,,,,,,,,,,,,,,100W Led A21 27k 2pk,,,,,,,,,,,,,,,,,,,,,,,,,,,,,,,,,,,,,,,,,,,,,,,,,,,,,,,,,,,,,,,,,,,,,,,,,,,,,,,,,,,,,,,,,,,,,,,,,,,,,,,,,,,,,,,,,,,,,,,,,,,,,,,,,,,,,,,,,,,,,,,,,,,,,,,,,,,,,,,,,,,,,,,,,,,,,,,,,,,,,,,,,,,,,,,,,,,,,
,,,,,,,,,,,573378,573378 60W Led Med 27k 3pk,-- Unbranded --,-- No Unilog Brand --,Philips,Phillips Lighting (5831),Phillips Lighting,Philips,,573378,,Industrial Supplies>General,573378 60W Led Med 27k 3pk,,573378 60W Led Med 27k 3pk,,573378 60W Led Med 27k 3pk,,,,,,,,,,,,,,,,,,,,,,,,,,,60W Led Med 27k 3pk,,,,,,,,,,,,,,,,,,,,,,,,,,,,,,,,,,,,,,,,,,,,,,,,,,,,,,,,,,,,,,,,,,,,,,,,,,,,,,,,,,,,,,,,,,,,,,,,,,,,,,,,,,,,,,,,,,,,,,,,,,,,,,,,,,,,,,,,,,,,,,,,,,,,,,,,,,,,,,,,,,,,,,,,,,,,,,,,,,,,,,,,,,,,,,,,,,,,,
,,,,,,,,,,,565622,565622 60W Led Med 20k,-- Unbranded --,-- No Unilog Brand --,Philips,Phillips Lighting (5831),Phillips Lighting,Philips,,565622,,Industrial Supplies>General,565622 60W Led Med 20k,,565622 60W Led Med 20k,,565622 60W Led Med 20k,,,,,,,,,,,,,,,,,,,,,,,,,,,60W Led Med 20k,,,,,,,,,,,,,,,,,,,,,,,,,,,,,,,,,,,,,,,,,,,,,,,,,,,,,,,,,,,,,,,,,,,,,,,,,,,,,,,,,,,,,,,,,,,,,,,,,,,,,,,,,,,,,,,,,,,,,,,,,,,,,,,,,,,,,,,,,,,,,,,,,,,,,,,,,,,,,,,,,,,,,,,,,,,,,,,,,,,,,,,,,,,,,,,,,,,,,
,,,,,,,,,,,586891,586891 Led 60W Med A19 27k,-- Unbranded --,-- No Unilog Brand --,Philips,Phillips Lighting (5831),Phillips Lighting,Philips,,586891,,Industrial Supplies>General,586891 Led 60W Med A19 27k,,586891 Led 60W Med A19 27k,,586891 Led 60W Med A19 27k,,,,,,,,,,,,,,,,,,,,,,,,,,,Led 60W Med A19 27k,,,,,,,,,,,,,,,,,,,,,,,,,,,,,,,,,,,,,,,,,,,,,,,,,,,,,,,,,,,,,,,,,,,,,,,,,,,,,,,,,,,,,,,,,,,,,,,,,,,,,,,,,,,,,,,,,,,,,,,,,,,,,,,,,,,,,,,,,,,,,,,,,,,,,,,,,,,,,,,,,,,,,,,,,,,,,,,,,,,,,,,,,,,,,,,,,,,,,
,,,,,,,,,,,585448,585448 120W Led Motion Bulb,-- Unbranded --,-- No Unilog Brand --,Philips,Phillips Lighting (5831),Phillips Lighting,Philips,,585448,,Industrial Supplies>General,585448 120W Led Motion Bulb,,585448 120W Led Motion Bulb,,585448 120W Led Motion Bulb,,,,,,,,,,,,,,,,,,,,,,,,,,,120W Led Motion Bulb,,,,,,,,,,,,,,,,,,,,,,,,,,,,,,,,,,,,,,,,,,,,,,,,,,,,,,,,,,,,,,,,,,,,,,,,,,,,,,,,,,,,,,,,,,,,,,,,,,,,,,,,,,,,,,,,,,,,,,,,,,,,,,,,,,,,,,,,,,,,,,,,,,,,,,,,,,,,,,,,,,,,,,,,,,,,,,,,,,,,,,,,,,,,,,,,,,,,,
,,,,,,,,,,,573444,573444 60W Led A19 Med 50k 2pk,-- Unbranded --,-- No Unilog Brand --,Philips,Phillips Lighting (5831),Phillips Lighting,Philips,,573444,,Industrial Supplies>General,573444 60W Led A19 Med 50k 2pk,,573444 60W Led A19 Med 50k 2pk,,573444 60W Led A19 Med 50k 2pk,,,,,,,,,,,,,,,,,,,,,,,,,,,60W Led A19 Med 50k 2pk,,,,,,,,,,,,,,,,,,,,,,,,,,,,,,,,,,,,,,,,,,,,,,,,,,,,,,,,,,,,,,,,,,,,,,,,,,,,,,,,,,,,,,,,,,,,,,,,,,,,,,,,,,,,,,,,,,,,,,,,,,,,,,,,,,,,,,,,,,,,,,,,,,,,,,,,,,,,,,,,,,,,,,,,,,,,,,,,,,,,,,,,,,,,,,,,,,,,,
,,,,,,,,,,,566687,566687 60W Cand Led 27k 3pk,-- Unbranded --,-- No Unilog Brand --,Philips,Phillips Lighting (5831),Phillips Lighting,Philips,,566687,,Industrial Supplies>General,566687 60W Cand Led 27k 3pk,,566687 60W Cand Led 27k 3pk,,566687 60W Cand Led 27k 3pk,,,,,,,,,,,,,,,,,,,,,,,,,,,60W Cand Led 27k 3pk,,,,,,,,,,,,,,,,,,,,,,,,,,,,,,,,,,,,,,,,,,,,,,,,,,,,,,,,,,,,,,,,,,,,,,,,,,,,,,,,,,,,,,,,,,,,,,,,,,,,,,,,,,,,,,,,,,,,,,,,,,,,,,,,,,,,,,,,,,,,,,,,,,,,,,,,,,,,,,,,,,,,,,,,,,,,,,,,,,,,,,,,,,,,,,,,,,,,,
,,,,,,,,,,,564385,564385 40w Led Med 27k 2pk,-- Unbranded --,-- No Unilog Brand --,Philips,Phillips Lighting (5831),Phillips Lighting,Philips,,564385,,Industrial Supplies>General,564385 40w Led Med 27k 2pk,,564385 40w Led Med 27k 2pk,,564385 40w Led Med 27k 2pk,,,,,,,,,,,,,,,,,,,,,,,,,,,40w Led Med 27k 2pk,,,,,,,,,,,,,,,,,,,,,,,,,,,,,,,,,,,,,,,,,,,,,,,,,,,,,,,,,,,,,,,,,,,,,,,,,,,,,,,,,,,,,,,,,,,,,,,,,,,,,,,,,,,,,,,,,,,,,,,,,,,,,,,,,,,,,,,,,,,,,,,,,,,,,,,,,,,,,,,,,,,,,,,,,,,,,,,,,,,,,,,,,,,,,,,,,,,,,
,,,,,,,,,,,566661,566661 40W LED Cand 27k 3pk,-- Unbranded --,-- No Unilog Brand --,Philips,Phillips Lighting (5831),Phillips Lighting,Philips,,566661,,Industrial Supplies>General,566661 40W LED Cand 27k 3pk,,566661 40W LED Cand 27k 3pk,,566661 40W LED Cand 27k 3pk,,,,,,,,,,,,,,,,,,,,,,,,,,,40W LED Cand 27k 3pk,,,,,,,,,,,,,,,,,,,,,,,,,,,,,,,,,,,,,,,,,,,,,,,,,,,,,,,,,,,,,,,,,,,,,,,,,,,,,,,,,,,,,,,,,,,,,,,,,,,,,,,,,,,,,,,,,,,,,,,,,,,,,,,,,,,,,,,,,,,,,,,,,,,,,,,,,,,,,,,,,,,,,,,,,,,,,,,,,,,,,,,,,,,,,,,,,,,,,
,,,,,,,,,,,564898,564898 60W Cand Led 50k 3pk,-- Unbranded --,-- No Unilog Brand --,Philips,Phillips Lighting (5831),Phillips Lighting,Philips,,564898,,Industrial Supplies>General,564898 60W Cand Led 50k 3pk,,564898 60W Cand Led 50k 3pk,,564898 60W Cand Led 50k 3pk,,,,,,,,,,,,,,,,,,,,,,,,,,,60W Cand Led 50k 3pk,,,,,,,,,,,,,,,,,,,,,,,,,,,,,,,,,,,,,,,,,,,,,,,,,,,,,,,,,,,,,,,,,,,,,,,,,,,,,,,,,,,,,,,,,,,,,,,,,,,,,,,,,,,,,,,,,,,,,,,,,,,,,,,,,,,,,,,,,,,,,,,,,,,,,,,,,,,,,,,,,,,,,,,,,,,,,,,,,,,,,,,,,,,,,,,,,,,,,
,,,,,,,,,,,538319,588525 40W Led Cand 3pk,-- Unbranded --,-- No Unilog Brand --,Philips,Phillips Lighting (5831),Phillips Lighting,Philips,,538319,,Industrial Supplies>General,588525 40W Led Cand 3pk,,588525 40W Led Cand 3pk,,588525 40W Led Cand 3pk,,,,,,,,,,,,,,,,,,,,,,,,,,,40W Led Cand 3pk,,,,,,,,,,,,,,,,,,,,,,,,,,,,,,,,,,,,,,,,,,,,,,,,,,,,,,,,,,,,,,,,,,,,,,,,,,,,,,,,,,,,,,,,,,,,,,,,,,,,,,,,,,,,,,,,,,,,,,,,,,,,,,,,,,,,,,,,,,,,,,,,,,,,,,,,,,,,,,,,,,,,,,,,,,,,,,,,,,,,,,,,,,,,,,,,,,,,,
,,,,,,,,,,,576009,576009 100W Led Par30L Med 50k,-- Unbranded --,-- No Unilog Brand --,Philips,Phillips Lighting (5831),Phillips Lighting,Philips,,576009,,Industrial Supplies>General,576009 100W Led Par30L Med 50k,,576009 100W Led Par30L Med 50k,,576009 100W Led Par30L Med 50k,,,,,,,,,,,,,,,,,,,,,,,,,,,100W Led Par30L Med 50k,,,,,,,,,,,,,,,,,,,,,,,,,,,,,,,,,,,,,,,,,,,,,,,,,,,,,,,,,,,,,,,,,,,,,,,,,,,,,,,,,,,,,,,,,,,,,,,,,,,,,,,,,,,,,,,,,,,,,,,,,,,,,,,,,,,,,,,,,,,,,,,,,,,,,,,,,,,,,,,,,,,,,,,,,,,,,,,,,,,,,,,,,,,,,,,,,,,,,
,,,,,,,,,,,564450,564450 40W Led Cand 27k 2pk,-- Unbranded --,-- No Unilog Brand --,Philips,Phillips Lighting (5831),Phillips Lighting,Philips,,564450,,Industrial Supplies>General,564450 40W Led Cand 27k 2pk,,564450 40W Led Cand 27k 2pk,,564450 40W Led Cand 27k 2pk,,,,,,,,,,,,,,,,,,,,,,,,,,,40W Led Cand 27k 2pk,,,,,,,,,,,,,,,,,,,,,,,,,,,,,,,,,,,,,,,,,,,,,,,,,,,,,,,,,,,,,,,,,,,,,,,,,,,,,,,,,,,,,,,,,,,,,,,,,,,,,,,,,,,,,,,,,,,,,,,,,,,,,,,,,,,,,,,,,,,,,,,,,,,,,,,,,,,,,,,,,,,,,,,,,,,,,,,,,,,,,,,,,,,,,,,,,,,,,
,,,,,,,,,,,572669,572669 60W Led F15 Med 27k,-- Unbranded --,-- No Unilog Brand --,Philips,Phillips Lighting (5831),Phillips Lighting,Philips,,572669,,Industrial Supplies>General,572669 60W Led F15 Med 27k,,572669 60W Led F15 Med 27k,,572669 60W Led F15 Med 27k,,,,,,,,,,,,,,,,,,,,,,,,,,,60W Led F15 Med 27k,,,,,,,,,,,,,,,,,,,,,,,,,,,,,,,,,,,,,,,,,,,,,,,,,,,,,,,,,,,,,,,,,,,,,,,,,,,,,,,,,,,,,,,,,,,,,,,,,,,,,,,,,,,,,,,,,,,,,,,,,,,,,,,,,,,,,,,,,,,,,,,,,,,,,,,,,,,,,,,,,,,,,,,,,,,,,,,,,,,,,,,,,,,,,,,,,,,,,
,,,,,,,,,,,564906,564906 60W Led Med 27k 2pk,-- Unbranded --,-- No Unilog Brand --,Philips,Phillips Lighting (5831),Phillips Lighting,Philips,,564906,,Industrial Supplies>General,564906 60W Led Med 27k 2pk,,564906 60W Led Med 27k 2pk,,564906 60W Led Med 27k 2pk,,,,,,,,,,,,,,,,,,,,,,,,,,,60W Led Med 27k 2pk,,,,,,,,,,,,,,,,,,,,,,,,,,,,,,,,,,,,,,,,,,,,,,,,,,,,,,,,,,,,,,,,,,,,,,,,,,,,,,,,,,,,,,,,,,,,,,,,,,,,,,,,,,,,,,,,,,,,,,,,,,,,,,,,,,,,,,,,,,,,,,,,,,,,,,,,,,,,,,,,,,,,,,,,,,,,,,,,,,,,,,,,,,,,,,,,,,,,,
,,,,,,,,,,,573410,573410 40W Led A19 Med 27k 2pk,-- Unbranded --,-- No Unilog Brand --,Philips,Phillips Lighting (5831),Phillips Lighting,Philips,,573410,,Industrial Supplies>General,573410 40W Led A19 Med 27k 2pk,,573410 40W Led A19 Med 27k 2pk,,573410 40W Led A19 Med 27k 2pk,,,,,,,,,,,,,,,,,,,,,,,,,,,40W Led A19 Med 27k 2pk,,,,,,,,,,,,,,,,,,,,,,,,,,,,,,,,,,,,,,,,,,,,,,,,,,,,,,,,,,,,,,,,,,,,,,,,,,,,,,,,,,,,,,,,,,,,,,,,,,,,,,,,,,,,,,,,,,,,,,,,,,,,,,,,,,,,,,,,,,,,,,,,,,,,,,,,,,,,,,,,,,,,,,,,,,,,,,,,,,,,,,,,,,,,,,,,,,,,,
,,,,,,,,,,,576504,576504 65W Led BR40 Med 50k,-- Unbranded --,-- No Unilog Brand --,Philips,Phillips Lighting (5831),Phillips Lighting,Philips,,576504,,Industrial Supplies>General,576504 65W Led BR40 Med 50k,,576504 65W Led BR40 Med 50k,,576504 65W Led BR40 Med 50k,,,,,,,,,,,,,,,,,,,,,,,,,,,65W Led BR40 Med 50k,,,,,,,,,,,,,,,,,,,,,,,,,,,,,,,,,,,,,,,,,,,,,,,,,,,,,,,,,,,,,,,,,,,,,,,,,,,,,,,,,,,,,,,,,,,,,,,,,,,,,,,,,,,,,,,,,,,,,,,,,,,,,,,,,,,,,,,,,,,,,,,,,,,,,,,,,,,,,,,,,,,,,,,,,,,,,,,,,,,,,,,,,,,,,,,,,,,,,
,,,,,,,,,,,576017,576017 100W Led Par30L Med 30k,-- Unbranded --,-- No Unilog Brand --,Philips,Phillips Lighting (5831),Phillips Lighting,Philips,,576017,,Industrial Supplies>General,576017 100W Led Par30L Med 30k,,576017 100W Led Par30L Med 30k,,576017 100W Led Par30L Med 30k,,,,,,,,,,,,,,,,,,,,,,,,,,,100W Led Par30L Med 30k,,,,,,,,,,,,,,,,,,,,,,,,,,,,,,,,,,,,,,,,,,,,,,,,,,,,,,,,,,,,,,,,,,,,,,,,,,,,,,,,,,,,,,,,,,,,,,,,,,,,,,,,,,,,,,,,,,,,,,,,,,,,,,,,,,,,,,,,,,,,,,,,,,,,,,,,,,,,,,,,,,,,,,,,,,,,,,,,,,,,,,,,,,,,,,,,,,,,,
,,,,,,,,,,,574392,574392 40W Led B11 Med 27k 3pk,-- Unbranded --,-- No Unilog Brand --,Philips,Phillips Lighting (5831),Phillips Lighting,Philips,,574392,,Industrial Supplies>General,574392 40W Led B11 Med 27k 3pk,,574392 40W Led B11 Med 27k 3pk,,574392 40W Led B11 Med 27k 3pk,,,,,,,,,,,,,,,,,,,,,,,,,,,40W Led B11 Med 27k 3pk,,,,,,,,,,,,,,,,,,,,,,,,,,,,,,,,,,,,,,,,,,,,,,,,,,,,,,,,,,,,,,,,,,,,,,,,,,,,,,,,,,,,,,,,,,,,,,,,,,,,,,,,,,,,,,,,,,,,,,,,,,,,,,,,,,,,,,,,,,,,,,,,,,,,,,,,,,,,,,,,,,,,,,,,,,,,,,,,,,,,,,,,,,,,,,,,,,,,,
,,,,,,,,,,,576751,576751 65W Led BR30 Med 3pk,-- Unbranded --,-- No Unilog Brand --,Philips,Phillips Lighting (5831),Phillips Lighting,Philips,,576751,,Industrial Supplies>General,576751 65W Led BR30 Med 3pk,,576751 65W Led BR30 Med 3pk,,576751 65W Led BR30 Med 3pk,,,,,,,,,,,,,,,,,,,,,,,,,,,65W Led BR30 Med 3pk,,,,,,,,,,,,,,,,,,,,,,,,,,,,,,,,,,,,,,,,,,,,,,,,,,,,,,,,,,,,,,,,,,,,,,,,,,,,,,,,,,,,,,,,,,,,,,,,,,,,,,,,,,,,,,,,,,,,,,,,,,,,,,,,,,,,,,,,,,,,,,,,,,,,,,,,,,,,,,,,,,,,,,,,,,,,,,,,,,,,,,,,,,,,,,,,,,,,,
,,,,,,,,,,,583161,583161 Led 65W Med BR30 3pk,-- Unbranded --,-- No Unilog Brand --,Philips,Phillips Lighting (5831),Phillips Lighting,Philips,,583161,,Industrial Supplies>General,583161 Led 65W Med BR30 3pk,,583161 Led 65W Med BR30 3pk,,583161 Led 65W Med BR30 3pk,,,,,,,,,,,,,,,,,,,,,,,,,,,Led 65W Med BR30 3pk,,,,,,,,,,,,,,,,,,,,,,,,,,,,,,,,,,,,,,,,,,,,,,,,,,,,,,,,,,,,,,,,,,,,,,,,,,,,,,,,,,,,,,,,,,,,,,,,,,,,,,,,,,,,,,,,,,,,,,,,,,,,,,,,,,,,,,,,,,,,,,,,,,,,,,,,,,,,,,,,,,,,,,,,,,,,,,,,,,,,,,,,,,,,,,,,,,,,,
,,,,,,,,,,,566695,566695 60W Led Med 27k 3pk,-- Unbranded --,-- No Unilog Brand --,Philips,Phillips Lighting (5831),Phillips Lighting,Philips,,566695,,Industrial Supplies>General,566695 60W Led Med 27k 3pk,,566695 60W Led Med 27k 3pk,,566695 60W Led Med 27k 3pk,,,,,,,,,,,,,,,,,,,,,,,,,,,60W Led Med 27k 3pk,,,,,,,,,,,,,,,,,,,,,,,,,,,,,,,,,,,,,,,,,,,,,,,,,,,,,,,,,,,,,,,,,,,,,,,,,,,,,,,,,,,,,,,,,,,,,,,,,,,,,,,,,,,,,,,,,,,,,,,,,,,,,,,,,,,,,,,,,,,,,,,,,,,,,,,,,,,,,,,,,,,,,,,,,,,,,,,,,,,,,,,,,,,,,,,,,,,,,
,,,,,,,,,,,577007,577007 125W Led Med 30k Flood,-- Unbranded --,-- No Unilog Brand --,Philips,Phillips Lighting (5831),Phillips Lighting,Philips,,577007,,Industrial Supplies>General,577007 125W Led Med 30k Flood,,577007 125W Led Med 30k Flood,,577007 125W Led Med 30k Flood,,,,,,,,,,,,,,,,,,,,,,,,,,,125W Led Med 30k Flood,,,,,,,,,,,,,,,,,,,,,,,,,,,,,,,,,,,,,,,,,,,,,,,,,,,,,,,,,,,,,,,,,,,,,,,,,,,,,,,,,,,,,,,,,,,,,,,,,,,,,,,,,,,,,,,,,,,,,,,,,,,,,,,,,,,,,,,,,,,,,,,,,,,,,,,,,,,,,,,,,,,,,,,,,,,,,,,,,,,,,,,,,,,,,,,,,,,,,
,,,,,,,,,,,566653,566653 25W Led Cand 27k 3pk,-- Unbranded --,-- No Unilog Brand --,Philips,Phillips Lighting (5831),Phillips Lighting,Philips,,566653,,Industrial Supplies>General,566653 25W Led Cand 27k 3pk,,566653 25W Led Cand 27k 3pk,,566653 25W Led Cand 27k 3pk,,,,,,,,,,,,,,,,,,,,,,,,,,,25W Led Cand 27k 3pk,,,,,,,,,,,,,,,,,,,,,,,,,,,,,,,,,,,,,,,,,,,,,,,,,,,,,,,,,,,,,,,,,,,,,,,,,,,,,,,,,,,,,,,,,,,,,,,,,,,,,,,,,,,,,,,,,,,,,,,,,,,,,,,,,,,,,,,,,,,,,,,,,,,,,,,,,,,,,,,,,,,,,,,,,,,,,,,,,,,,,,,,,,,,,,,,,,,,,
,,,,,,,,,,,566679,566679 40W Led Med 27k 3pk,-- Unbranded --,-- No Unilog Brand --,Philips,Phillips Lighting (5831),Phillips Lighting,Philips,,566679,,Industrial Supplies>General,566679 40W Led Med 27k 3pk,,566679 40W Led Med 27k 3pk,,566679 40W Led Med 27k 3pk,,,,,,,,,,,,,,,,,,,,,,,,,,,40W Led Med 27k 3pk,,,,,,,,,,,,,,,,,,,,,,,,,,,,,,,,,,,,,,,,,,,,,,,,,,,,,,,,,,,,,,,,,,,,,,,,,,,,,,,,,,,,,,,,,,,,,,,,,,,,,,,,,,,,,,,,,,,,,,,,,,,,,,,,,,,,,,,,,,,,,,,,,,,,,,,,,,,,,,,,,,,,,,,,,,,,,,,,,,,,,,,,,,,,,,,,,,,,,
,,,,,,,,,,,573311,573311 60W Led Med 27k 2pk,-- Unbranded --,-- No Unilog Brand --,Philips,Phillips Lighting (5831),Phillips Lighting,Philips,,573311,,Industrial Supplies>General,573311 60W Led Med 27k 2pk,,573311 60W Led Med 27k 2pk,,573311 60W Led Med 27k 2pk,,,,,,,,,,,,,,,,,,,,,,,,,,,60W Led Med 27k 2pk,,,,,,,,,,,,,,,,,,,,,,,,,,,,,,,,,,,,,,,,,,,,,,,,,,,,,,,,,,,,,,,,,,,,,,,,,,,,,,,,,,,,,,,,,,,,,,,,,,,,,,,,,,,,,,,,,,,,,,,,,,,,,,,,,,,,,,,,,,,,,,,,,,,,,,,,,,,,,,,,,,,,,,,,,,,,,,,,,,,,,,,,,,,,,,,,,,,,,
,,,,,,,,,,,573394,573394 60W Led Cand 27k 2pk,-- Unbranded --,-- No Unilog Brand --,Philips,Phillips Lighting (5831),Phillips Lighting,Philips,,573394,,Industrial Supplies>General,573394 60W Led Cand 27k 2pk,,573394 60W Led Cand 27k 2pk,,573394 60W Led Cand 27k 2pk,,,,,,,,,,,,,,,,,,,,,,,,,,,60W Led Cand 27k 2pk,,,,,,,,,,,,,,,,,,,,,,,,,,,,,,,,,,,,,,,,,,,,,,,,,,,,,,,,,,,,,,,,,,,,,,,,,,,,,,,,,,,,,,,,,,,,,,,,,,,,,,,,,,,,,,,,,,,,,,,,,,,,,,,,,,,,,,,,,,,,,,,,,,,,,,,,,,,,,,,,,,,,,,,,,,,,,,,,,,,,,,,,,,,,,,,,,,,,,
,,,,,,,,,,,573329,573329 60W Cand Led 27k 2pk,-- Unbranded --,-- No Unilog Brand --,Philips,Phillips Lighting (5831),Phillips Lighting,Philips,,573329,,Industrial Supplies>General,573329 60W Cand Led 27k 2pk,,573329 60W Cand Led 27k 2pk,,573329 60W Cand Led 27k 2pk,,,,,,,,,,,,,,,,,,,,,,,,,,,60W Cand Led 27k 2pk,,,,,,,,,,,,,,,,,,,,,,,,,,,,,,,,,,,,,,,,,,,,,,,,,,,,,,,,,,,,,,,,,,,,,,,,,,,,,,,,,,,,,,,,,,,,,,,,,,,,,,,,,,,,,,,,,,,,,,,,,,,,,,,,,,,,,,,,,,,,,,,,,,,,,,,,,,,,,,,,,,,,,,,,,,,,,,,,,,,,,,,,,,,,,,,,,,,,,
,,,,,,,,,,,564930,564930 40W Cand Led 50k 3pk,-- Unbranded --,-- No Unilog Brand --,Philips,Phillips Lighting (5831),Phillips Lighting,Philips,,564930,,Industrial Supplies>General,564930 40W Cand Led 50k 3pk,,564930 40W Cand Led 50k 3pk,,564930 40W Cand Led 50k 3pk,,,,,,,,,,,,,,,,,,,,,,,,,,,40W Cand Led 50k 3pk,,,,,,,,,,,,,,,,,,,,,,,,,,,,,,,,,,,,,,,,,,,,,,,,,,,,,,,,,,,,,,,,,,,,,,,,,,,,,,,,,,,,,,,,,,,,,,,,,,,,,,,,,,,,,,,,,,,,,,,,,,,,,,,,,,,,,,,,,,,,,,,,,,,,,,,,,,,,,,,,,,,,,,,,,,,,,,,,,,,,,,,,,,,,,,,,,,,,,
,,,,,,,,,,,565000,565000 60W Led Med 27k 2pk,-- Unbranded --,-- No Unilog Brand --,Philips,Phillips Lighting (5831),Phillips Lighting,Philips,,565000,,Industrial Supplies>General,565000 60W Led Med 27k 2pk,,565000 60W Led Med 27k 2pk,,565000 60W Led Med 27k 2pk,,,,,,,,,,,,,,,,,,,,,,,,,,,60W Led Med 27k 2pk,,,,,,,,,,,,,,,,,,,,,,,,,,,,,,,,,,,,,,,,,,,,,,,,,,,,,,,,,,,,,,,,,,,,,,,,,,,,,,,,,,,,,,,,,,,,,,,,,,,,,,,,,,,,,,,,,,,,,,,,,,,,,,,,,,,,,,,,,,,,,,,,,,,,,,,,,,,,,,,,,,,,,,,,,,,,,,,,,,,,,,,,,,,,,,,,,,,,,
,,,,,,,,,,,564922,564922 60W Led BA11 50k 3pk,-- Unbranded --,-- No Unilog Brand --,Philips,Phillips Lighting (5831),Phillips Lighting,Philips,,564922,,Industrial Supplies>General,564922 60W Led BA11 50k 3pk,,564922 60W Led BA11 50k 3pk,,564922 60W Led BA11 50k 3pk,,,,,,,,,,,,,,,,,,,,,,,,,,,60W Led BA11 50k 3pk,,,,,,,,,,,,,,,,,,,,,,,,,,,,,,,,,,,,,,,,,,,,,,,,,,,,,,,,,,,,,,,,,,,,,,,,,,,,,,,,,,,,,,,,,,,,,,,,,,,,,,,,,,,,,,,,,,,,,,,,,,,,,,,,,,,,,,,,,,,,,,,,,,,,,,,,,,,,,,,,,,,,,,,,,,,,,,,,,,,,,,,,,,,,,,,,,,,,,
,,,,,,,,,,,573295,573295 40W Led Med 27k 2pk,-- Unbranded --,-- No Unilog Brand --,Philips,Phillips Lighting (5831),Phillips Lighting,Philips,,573295,,Industrial Supplies>General,573295 40W Led Med 27k 2pk,,573295 40W Led Med 27k 2pk,,573295 40W Led Med 27k 2pk,,,,,,,,,,,,,,,,,,,,,,,,,,,40W Led Med 27k 2pk,,,,,,,,,,,,,,,,,,,,,,,,,,,,,,,,,,,,,,,,,,,,,,,,,,,,,,,,,,,,,,,,,,,,,,,,,,,,,,,,,,,,,,,,,,,,,,,,,,,,,,,,,,,,,,,,,,,,,,,,,,,,,,,,,,,,,,,,,,,,,,,,,,,,,,,,,,,,,,,,,,,,,,,,,,,,,,,,,,,,,,,,,,,,,,,,,,,,,
,,,,,,,,,,,564914,564914 60W Med Led 50k 2pk,-- Unbranded --,-- No Unilog Brand --,Philips,Phillips Lighting (5831),Phillips Lighting,Philips,,564914,,Industrial Supplies>General,564914 60W Med Led 50k 2pk,,564914 60W Med Led 50k 2pk,,564914 60W Med Led 50k 2pk,,,,,,,,,,,,,,,,,,,,,,,,,,,60W Med Led 50k 2pk,,,,,,,,,,,,,,,,,,,,,,,,,,,,,,,,,,,,,,,,,,,,,,,,,,,,,,,,,,,,,,,,,,,,,,,,,,,,,,,,,,,,,,,,,,,,,,,,,,,,,,,,,,,,,,,,,,,,,,,,,,,,,,,,,,,,,,,,,,,,,,,,,,,,,,,,,,,,,,,,,,,,,,,,,,,,,,,,,,,,,,,,,,,,,,,,,,,,,
,,,,,,,,,,,573485,573485 60W Led A19 Med 50k 2pk,-- Unbranded --,-- No Unilog Brand --,Philips,Phillips Lighting (5831),Phillips Lighting,Philips,,573485,,Industrial Supplies>General,573485 60W Led A19 Med 50k 2pk,,573485 60W Led A19 Med 50k 2pk,,573485 60W Led A19 Med 50k 2pk,,,,,,,,,,,,,,,,,,,,,,,,,,,60W Led A19 Med 50k 2pk,,,,,,,,,,,,,,,,,,,,,,,,,,,,,,,,,,,,,,,,,,,,,,,,,,,,,,,,,,,,,,,,,,,,,,,,,,,,,,,,,,,,,,,,,,,,,,,,,,,,,,,,,,,,,,,,,,,,,,,,,,,,,,,,,,,,,,,,,,,,,,,,,,,,,,,,,,,,,,,,,,,,,,,,,,,,,,,,,,,,,,,,,,,,,,,,,,,,,
,,,,,,,,,,,573337,573337 40W Led G25 Med 50k 2pk,-- Unbranded --,-- No Unilog Brand --,Philips,Phillips Lighting (5831),Phillips Lighting,Philips,,573337,,Industrial Supplies>General,573337 40W Led G25 Med 50k 2pk,,573337 40W Led G25 Med 50k 2pk,,573337 40W Led G25 Med 50k 2pk,,,,,,,,,,,,,,,,,,,,,,,,,,,40W Led G25 Med 50k 2pk,,,,,,,,,,,,,,,,,,,,,,,,,,,,,,,,,,,,,,,,,,,,,,,,,,,,,,,,,,,,,,,,,,,,,,,,,,,,,,,,,,,,,,,,,,,,,,,,,,,,,,,,,,,,,,,,,,,,,,,,,,,,,,,,,,,,,,,,,,,,,,,,,,,,,,,,,,,,,,,,,,,,,,,,,,,,,,,,,,,,,,,,,,,,,,,,,,,,,
,,,,,,,,,,,544874,544874 32W Led T8 UBulb 40k,-- Unbranded --,-- No Unilog Brand --,Philips,Phillips Lighting (5831),Phillips Lighting,Philips,,544874,,Industrial Supplies>General,544874 32W Led T8 UBulb 40k,,544874 32W Led T8 UBulb 40k,,544874 32W Led T8 UBulb 40k,,,,,,,,,,,,,,,,,,,,,,,,,,,32W Led T8 UBulb 40k,,,,,,,,,,,,,,,,,,,,,,,,,,,,,,,,,,,,,,,,,,,,,,,,,,,,,,,,,,,,,,,,,,,,,,,,,,,,,,,,,,,,,,,,,,,,,,,,,,,,,,,,,,,,,,,,,,,,,,,,,,,,,,,,,,,,,,,,,,,,,,,,,,,,,,,,,,,,,,,,,,,,,,,,,,,,,,,,,,,,,,,,,,,,,,,,,,,,,
,,,,,,,,,,,570846,570846 50W Led Med 22K 2pk,-- Unbranded --,-- No Unilog Brand --,Philips,Phillips Lighting (5831),Phillips Lighting,Philips,,570846,,Industrial Supplies>General,570846 50W Led Med 22K 2pk,,570846 50W Led Med 22K 2pk,,570846 50W Led Med 22K 2pk,,,,,,,,,,,,,,,,,,,,,,,,,,,50W Led Med 22K 2pk,,,,,,,,,,,,,,,,,,,,,,,,,,,,,,,,,,,,,,,,,,,,,,,,,,,,,,,,,,,,,,,,,,,,,,,,,,,,,,,,,,,,,,,,,,,,,,,,,,,,,,,,,,,,,,,,,,,,,,,,,,,,,,,,,,,,,,,,,,,,,,,,,,,,,,,,,,,,,,,,,,,,,,,,,,,,,,,,,,,,,,,,,,,,,,,,,,,,,
,,,,,,,,,,,565473,565473 60W Led A19 Bulb 2pk,-- Unbranded --,-- No Unilog Brand --,Philips,Phillips Lighting (5831),Phillips Lighting,Philips,,565473,,Industrial Supplies>General,565473 60W Led A19 Bulb 2pk,,565473 60W Led A19 Bulb 2pk,,565473 60W Led A19 Bulb 2pk,,,,,,,,,,,,,,,,,,,,,,,,,,,60W Led A19 Bulb 2pk,,,,,,,,,,,,,,,,,,,,,,,,,,,,,,,,,,,,,,,,,,,,,,,,,,,,,,,,,,,,,,,,,,,,,,,,,,,,,,,,,,,,,,,,,,,,,,,,,,,,,,,,,,,,,,,,,,,,,,,,,,,,,,,,,,,,,,,,,,,,,,,,,,,,,,,,,,,,,,,,,,,,,,,,,,,,,,,,,,,,,,,,,,,,,,,,,,,,,
,,,,,,,,,,,573402,573402 60W Led Med 50k 2pk,-- Unbranded --,-- No Unilog Brand --,Philips,Phillips Lighting (5831),Phillips Lighting,Philips,,573402,,Industrial Supplies>General,573402 60W Led Med 50k 2pk,,573402 60W Led Med 50k 2pk,,573402 60W Led Med 50k 2pk,,,,,,,,,,,,,,,,,,,,,,,,,,,60W Led Med 50k 2pk,,,,,,,,,,,,,,,,,,,,,,,,,,,,,,,,,,,,,,,,,,,,,,,,,,,,,,,,,,,,,,,,,,,,,,,,,,,,,,,,,,,,,,,,,,,,,,,,,,,,,,,,,,,,,,,,,,,,,,,,,,,,,,,,,,,,,,,,,,,,,,,,,,,,,,,,,,,,,,,,,,,,,,,,,,,,,,,,,,,,,,,,,,,,,,,,,,,,,
,,,,,,,,,,,573352,573352 40W Led Med 27k 2pk,-- Unbranded --,-- No Unilog Brand --,Philips,Phillips Lighting (5831),Phillips Lighting,Philips,,573352,,Industrial Supplies>General,573352 40W Led Med 27k 2pk,,573352 40W Led Med 27k 2pk,,573352 40W Led Med 27k 2pk,,,,,,,,,,,,,,,,,,,,,,,,,,,40W Led Med 27k 2pk,,,,,,,,,,,,,,,,,,,,,,,,,,,,,,,,,,,,,,,,,,,,,,,,,,,,,,,,,,,,,,,,,,,,,,,,,,,,,,,,,,,,,,,,,,,,,,,,,,,,,,,,,,,,,,,,,,,,,,,,,,,,,,,,,,,,,,,,,,,,,,,,,,,,,,,,,,,,,,,,,,,,,,,,,,,,,,,,,,,,,,,,,,,,,,,,,,,,,
,,,,,,,,,,,573428,573428 40W Med Led 50k 2pk,-- Unbranded --,-- No Unilog Brand --,Philips,Phillips Lighting (5831),Phillips Lighting,Philips,,573428,,Industrial Supplies>General,573428 40W Med Led 50k 2pk,,573428 40W Med Led 50k 2pk,,573428 40W Med Led 50k 2pk,,,,,,,,,,,,,,,,,,,,,,,,,,,40W Med Led 50k 2pk,,,,,,,,,,,,,,,,,,,,,,,,,,,,,,,,,,,,,,,,,,,,,,,,,,,,,,,,,,,,,,,,,,,,,,,,,,,,,,,,,,,,,,,,,,,,,,,,,,,,,,,,,,,,,,,,,,,,,,,,,,,,,,,,,,,,,,,,,,,,,,,,,,,,,,,,,,,,,,,,,,,,,,,,,,,,,,,,,,,,,,,,,,,,,,,,,,,,,
,,,,,,,,,,,573386,573386 60W Led Med 27k 2pk,-- Unbranded --,-- No Unilog Brand --,Philips,Phillips Lighting (5831),Phillips Lighting,Philips,,573386,,Industrial Supplies>General,573386 60W Led Med 27k 2pk,,573386 60W Led Med 27k 2pk,,573386 60W Led Med 27k 2pk,,,,,,,,,,,,,,,,,,,,,,,,,,,60W Led Med 27k 2pk,,,,,,,,,,,,,,,,,,,,,,,,,,,,,,,,,,,,,,,,,,,,,,,,,,,,,,,,,,,,,,,,,,,,,,,,,,,,,,,,,,,,,,,,,,,,,,,,,,,,,,,,,,,,,,,,,,,,,,,,,,,,,,,,,,,,,,,,,,,,,,,,,,,,,,,,,,,,,,,,,,,,,,,,,,,,,,,,,,,,,,,,,,,,,,,,,,,,,
,,,,,,,,,,,564948,564948 40W Led Med 50k 3pk,-- Unbranded --,-- No Unilog Brand --,Philips,Phillips Lighting (5831),Phillips Lighting,Philips,,564948,,Industrial Supplies>General,564948 40W Led Med 50k 3pk,,564948 40W Led Med 50k 3pk,,564948 40W Led Med 50k 3pk,,,,,,,,,,,,,,,,,,,,,,,,,,,40W Led Med 50k 3pk,,,,,,,,,,,,,,,,,,,,,,,,,,,,,,,,,,,,,,,,,,,,,,,,,,,,,,,,,,,,,,,,,,,,,,,,,,,,,,,,,,,,,,,,,,,,,,,,,,,,,,,,,,,,,,,,,,,,,,,,,,,,,,,,,,,,,,,,,,,,,,,,,,,,,,,,,,,,,,,,,,,,,,,,,,,,,,,,,,,,,,,,,,,,,,,,,,,,,
,,,,,,,,,,,573303,573303 40W Led Cand 27k 2pk,-- Unbranded --,-- No Unilog Brand --,Philips,Phillips Lighting (5831),Phillips Lighting,Philips,,573303,,Industrial Supplies>General,573303 40W Led Cand 27k 2pk,,573303 40W Led Cand 27k 2pk,,573303 40W Led Cand 27k 2pk,,,,,,,,,,,,,,,,,,,,,,,,,,,40W Led Cand 27k 2pk,,,,,,,,,,,,,,,,,,,,,,,,,,,,,,,,,,,,,,,,,,,,,,,,,,,,,,,,,,,,,,,,,,,,,,,,,,,,,,,,,,,,,,,,,,,,,,,,,,,,,,,,,,,,,,,,,,,,,,,,,,,,,,,,,,,,,,,,,,,,,,,,,,,,,,,,,,,,,,,,,,,,,,,,,,,,,,,,,,,,,,,,,,,,,,,,,,,,,
,,,,,,,,,,,573188,573188 250W Led Par38 Med 50k,-- Unbranded --,-- No Unilog Brand --,Philips,Phillips Lighting (5831),Phillips Lighting,Philips,,573188,,Industrial Supplies>General,573188 250W Led Par38 Med 50k,,573188 250W Led Par38 Med 50k,,573188 250W Led Par38 Med 50k,,,,,,,,,,,,,,,,,,,,,,,,,,,250W Led Par38 Med 50k,,,,,,,,,,,,,,,,,,,,,,,,,,,,,,,,,,,,,,,,,,,,,,,,,,,,,,,,,,,,,,,,,,,,,,,,,,,,,,,,,,,,,,,,,,,,,,,,,,,,,,,,,,,,,,,,,,,,,,,,,,,,,,,,,,,,,,,,,,,,,,,,,,,,,,,,,,,,,,,,,,,,,,,,,,,,,,,,,,,,,,,,,,,,,,,,,,,,,
,,,,,,,,,,,573469,573469 40W Led A19 Med 50k 2pk,-- Unbranded --,-- No Unilog Brand --,Philips,Phillips Lighting (5831),Phillips Lighting,Philips,,573469,,Industrial Supplies>General,573469 40W Led A19 Med 50k 2pk,,573469 40W Led A19 Med 50k 2pk,,573469 40W Led A19 Med 50k 2pk,,,,,,,,,,,,,,,,,,,,,,,,,,,40W Led A19 Med 50k 2pk,,,,,,,,,,,,,,,,,,,,,,,,,,,,,,,,,,,,,,,,,,,,,,,,,,,,,,,,,,,,,,,,,,,,,,,,,,,,,,,,,,,,,,,,,,,,,,,,,,,,,,,,,,,,,,,,,,,,,,,,,,,,,,,,,,,,,,,,,,,,,,,,,,,,,,,,,,,,,,,,,,,,,,,,,,,,,,,,,,,,,,,,,,,,,,,,,,,,,
,,,,,,,,,,,565671,565671 25W Led Med 20K,-- Unbranded --,-- No Unilog Brand --,Philips,Phillips Lighting (5831),Phillips Lighting,Philips,,565671,,Industrial Supplies>General,565671 25W Led Med 20K,,565671 25W Led Med 20K,,565671 25W Led Med 20K,,,,,,,,,,,,,,,,,,,,,,,,,,,25W Led Med 20K,,,,,,,,,,,,,,,,,,,,,,,,,,,,,,,,,,,,,,,,,,,,,,,,,,,,,,,,,,,,,,,,,,,,,,,,,,,,,,,,,,,,,,,,,,,,,,,,,,,,,,,,,,,,,,,,,,,,,,,,,,,,,,,,,,,,,,,,,,,,,,,,,,,,,,,,,,,,,,,,,,,,,,,,,,,,,,,,,,,,,,,,,,,,,,,,,,,,,
,,,,,,,,,,,573204,573204 75W Led Par20 Med 50k,-- Unbranded --,-- No Unilog Brand --,Philips,Phillips Lighting (5831),Phillips Lighting,Philips,,573204,,Industrial Supplies>General,573204 75W Led Par20 Med 50k,,573204 75W Led Par20 Med 50k,,573204 75W Led Par20 Med 50k,,,,,,,,,,,,,,,,,,,,,,,,,,,75W Led Par20 Med 50k,,,,,,,,,,,,,,,,,,,,,,,,,,,,,,,,,,,,,,,,,,,,,,,,,,,,,,,,,,,,,,,,,,,,,,,,,,,,,,,,,,,,,,,,,,,,,,,,,,,,,,,,,,,,,,,,,,,,,,,,,,,,,,,,,,,,,,,,,,,,,,,,,,,,,,,,,,,,,,,,,,,,,,,,,,,,,,,,,,,,,,,,,,,,,,,,,,,,,
,,,,,,,,,,,581199,581199 60W Led Med 2pk,-- Unbranded --,-- No Unilog Brand --,Philips,Phillips Lighting (5831),Phillips Lighting,Philips,,581199,,Industrial Supplies>General,581199 60W Led Med 2pk,,581199 60W Led Med 2pk,,581199 60W Led Med 2pk,,,,,,,,,,,,,,,,,,,,,,,,,,,60W Led Med 2pk,,,,,,,,,,,,,,,,,,,,,,,,,,,,,,,,,,,,,,,,,,,,,,,,,,,,,,,,,,,,,,,,,,,,,,,,,,,,,,,,,,,,,,,,,,,,,,,,,,,,,,,,,,,,,,,,,,,,,,,,,,,,,,,,,,,,,,,,,,,,,,,,,,,,,,,,,,,,,,,,,,,,,,,,,,,,,,,,,,,,,,,,,,,,,,,,,,,,,
,,,,,,,,,,,565887,565887 60W Led Med 20k,-- Unbranded --,-- No Unilog Brand --,Philips,Phillips Lighting (5831),Phillips Lighting,Philips,,565887,,Industrial Supplies>General,565887 60W Led Med 20k,,565887 60W Led Med 20k,,565887 60W Led Med 20k,,,,,,,,,,,,,,,,,,,,,,,,,,,60W Led Med 20k,,,,,,,,,,,,,,,,,,,,,,,,,,,,,,,,,,,,,,,,,,,,,,,,,,,,,,,,,,,,,,,,,,,,,,,,,,,,,,,,,,,,,,,,,,,,,,,,,,,,,,,,,,,,,,,,,,,,,,,,,,,,,,,,,,,,,,,,,,,,,,,,,,,,,,,,,,,,,,,,,,,,,,,,,,,,,,,,,,,,,,,,,,,,,,,,,,,,,
,,,,,,,,,,,586867,586867 60W Led Med 27K,-- Unbranded --,-- No Unilog Brand --,Philips,Phillips Lighting (5831),Phillips Lighting,Philips,,586867,,Industrial Supplies>General,586867 60W Led Med 27K,,586867 60W Led Med 27K,,586867 60W Led Med 27K,,,,,,,,,,,,,,,,,,,,,,,,,,,60W Led Med 27K,,,,,,,,,,,,,,,,,,,,,,,,,,,,,,,,,,,,,,,,,,,,,,,,,,,,,,,,,,,,,,,,,,,,,,,,,,,,,,,,,,,,,,,,,,,,,,,,,,,,,,,,,,,,,,,,,,,,,,,,,,,,,,,,,,,,,,,,,,,,,,,,,,,,,,,,,,,,,,,,,,,,,,,,,,,,,,,,,,,,,,,,,,,,,,,,,,,,,
,,,,,,,,,,,568451,5686451 50W Led Med 50k 2pk,-- Unbranded --,-- No Unilog Brand --,Philips,Phillips Lighting (5831),Phillips Lighting,Philips,,568451,,Industrial Supplies>General,5686451 50W Led Med 50k 2pk,,5686451 50W Led Med 50k 2pk,,5686451 50W Led Med 50k 2pk,,,,,,,,,,,,,,,,,,,,,,,,,,,50W Led Med 50k 2pk,,,,,,,,,,,,,,,,,,,,,,,,,,,,,,,,,,,,,,,,,,,,,,,,,,,,,,,,,,,,,,,,,,,,,,,,,,,,,,,,,,,,,,,,,,,,,,,,,,,,,,,,,,,,,,,,,,,,,,,,,,,,,,,,,,,,,,,,,,,,,,,,,,,,,,,,,,,,,,,,,,,,,,,,,,,,,,,,,,,,,,,,,,,,,,,,,,,,,
,,,,,,,,,,,568444,568444 90W Led Par38 50k 2pk,-- Unbranded --,-- No Unilog Brand --,Philips,Phillips Lighting (5831),Phillips Lighting,Philips,,568444,,Industrial Supplies>General,568444 90W Led Par38 50k 2pk,,568444 90W Led Par38 50k 2pk,,568444 90W Led Par38 50k 2pk,,,,,,,,,,,,,,,,,,,,,,,,,,,90W Led Par38 50k 2pk,,,,,,,,,,,,,,,,,,,,,,,,,,,,,,,,,,,,,,,,,,,,,,,,,,,,,,,,,,,,,,,,,,,,,,,,,,,,,,,,,,,,,,,,,,,,,,,,,,,,,,,,,,,,,,,,,,,,,,,,,,,,,,,,,,,,,,,,,,,,,,,,,,,,,,,,,,,,,,,,,,,,,,,,,,,,,,,,,,,,,,,,,,,,,,,,,,,,,
,,,,,,,,,,,573196,573196 75W Led Med 30K,-- Unbranded --,-- No Unilog Brand --,Philips,Phillips Lighting (5831),Phillips Lighting,Philips,,573196,,Industrial Supplies>General,573196 75W Led Med 30K,,573196 75W Led Med 30K,,573196 75W Led Med 30K,,,,,,,,,,,,,,,,,,,,,,,,,,,75W Led Med 30K,,,,,,,,,,,,,,,,,,,,,,,,,,,,,,,,,,,,,,,,,,,,,,,,,,,,,,,,,,,,,,,,,,,,,,,,,,,,,,,,,,,,,,,,,,,,,,,,,,,,,,,,,,,,,,,,,,,,,,,,,,,,,,,,,,,,,,,,,,,,,,,,,,,,,,,,,,,,,,,,,,,,,,,,,,,,,,,,,,,,,,,,,,,,,,,,,,,,,
,,,,,,,,,,,564500,564500 75W Adj Base 50k 3pk,-- Unbranded --,-- No Unilog Brand --,Philips,Phillips Lighting (5831),Phillips Lighting,Philips,,564500,,Industrial Supplies>General,564500 75W Adj Base 50k 3pk,,564500 75W Adj Base 50k 3pk,,564500 75W Adj Base 50k 3pk,,,,,,,,,,,,,,,,,,,,,,,,,,,75W Adj Base 50k 3pk,,,,,,,,,,,,,,,,,,,,,,,,,,,,,,,,,,,,,,,,,,,,,,,,,,,,,,,,,,,,,,,,,,,,,,,,,,,,,,,,,,,,,,,,,,,,,,,,,,,,,,,,,,,,,,,,,,,,,,,,,,,,,,,,,,,,,,,,,,,,,,,,,,,,,,,,,,,,,,,,,,,,,,,,,,,,,,,,,,,,,,,,,,,,,,,,,,,,,
,,,,,,,,,,,571513,571513 40/60/100 Led Med 27k,-- Unbranded --,-- No Unilog Brand --,Philips,Phillips Lighting (5831),Phillips Lighting,Philips,,571513,,Industrial Supplies>General,571513 40/60/100 Led Med 27k,,571513 40/60/100 Led Med 27k,,571513 40/60/100 Led Med 27k,,,,,,,,,,,,,,,,,,,,,,,,,,,40/60/100 Led Med 27k,,,,,,,,,,,,,,,,,,,,,,,,,,,,,,,,,,,,,,,,,,,,,,,,,,,,,,,,,,,,,,,,,,,,,,,,,,,,,,,,,,,,,,,,,,,,,,,,,,,,,,,,,,,,,,,,,,,,,,,,,,,,,,,,,,,,,,,,,,,,,,,,,,,,,,,,,,,,,,,,,,,,,,,,,,,,,,,,,,,,,,,,,,,,,,,,,,,,,
,,,,,,,,,,,588566,588566 40W Led Med 55k 3pk,-- Unbranded --,-- No Unilog Brand --,Philips,Phillips Lighting (5831),Phillips Lighting,Philips,,588566,,Industrial Supplies>General,588566 40W Led Med 55k 3pk,,588566 40W Led Med 55k 3pk,,588566 40W Led Med 55k 3pk,,,,,,,,,,,,,,,,,,,,,,,,,,,40W Led Med 55k 3pk,,,,,,,,,,,,,,,,,,,,,,,,,,,,,,,,,,,,,,,,,,,,,,,,,,,,,,,,,,,,,,,,,,,,,,,,,,,,,,,,,,,,,,,,,,,,,,,,,,,,,,,,,,,,,,,,,,,,,,,,,,,,,,,,,,,,,,,,,,,,,,,,,,,,,,,,,,,,,,,,,,,,,,,,,,,,,,,,,,,,,,,,,,,,,,,,,,,,,
,,,,,,,,,,,565655,565655 25W Led A15 Med 20k,-- Unbranded --,-- No Unilog Brand --,Philips,Phillips Lighting (5831),Phillips Lighting,Philips,,565655,,Industrial Supplies>General,565655 25W Led A15 Med 20k,,565655 25W Led A15 Med 20k,,565655 25W Led A15 Med 20k,,,,,,,,,,,,,,,,,,,,,,,,,,,25W Led A15 Med 20k,,,,,,,,,,,,,,,,,,,,,,,,,,,,,,,,,,,,,,,,,,,,,,,,,,,,,,,,,,,,,,,,,,,,,,,,,,,,,,,,,,,,,,,,,,,,,,,,,,,,,,,,,,,,,,,,,,,,,,,,,,,,,,,,,,,,,,,,,,,,,,,,,,,,,,,,,,,,,,,,,,,,,,,,,,,,,,,,,,,,,,,,,,,,,,,,,,,,,
,,,,,,,,,,,565812,565812 60W Med Led 50k,-- Unbranded --,-- No Unilog Brand --,Philips,Phillips Lighting (5831),Phillips Lighting,Philips,,565812,,Industrial Supplies>General,565812 60W Med Led 50k,,565812 60W Med Led 50k,,565812 60W Med Led 50k,,,,,,,,,,,,,,,,,,,,,,,,,,,60W Med Led 50k,,,,,,,,,,,,,,,,,,,,,,,,,,,,,,,,,,,,,,,,,,,,,,,,,,,,,,,,,,,,,,,,,,,,,,,,,,,,,,,,,,,,,,,,,,,,,,,,,,,,,,,,,,,,,,,,,,,,,,,,,,,,,,,,,,,,,,,,,,,,,,,,,,,,,,,,,,,,,,,,,,,,,,,,,,,,,,,,,,,,,,,,,,,,,,,,,,,,,
,,,,,,,,,,,586917,586917 40W Led Cand 27K 2pk,-- Unbranded --,-- No Unilog Brand --,Philips,Phillips Lighting (5831),Phillips Lighting,Philips,,586917,,Industrial Supplies>General,586917 40W Led Cand 27K 2pk,,586917 40W Led Cand 27K 2pk,,586917 40W Led Cand 27K 2pk,,,,,,,,,,,,,,,,,,,,,,,,,,,40W Led Cand 27K 2pk,,,,,,,,,,,,,,,,,,,,,,,,,,,,,,,,,,,,,,,,,,,,,,,,,,,,,,,,,,,,,,,,,,,,,,,,,,,,,,,,,,,,,,,,,,,,,,,,,,,,,,,,,,,,,,,,,,,,,,,,,,,,,,,,,,,,,,,,,,,,,,,,,,,,,,,,,,,,,,,,,,,,,,,,,,,,,,,,,,,,,,,,,,,,,,,,,,,,,
,,,,,,,,,,,46719,49719 Wall Light Motion Wh,-- Unbranded --,-- No Unilog Brand --,-- No DIB Brand --,Maxsa Innovations (MAXIN),Maxsa Innovations,,,46719,,Electrical>Lighting,49719 Wall Light Motion Wh,,49719 Wall Light Motion Wh,,49719 Wall Light Motion Wh,,,,,,,,,,,,,,,,,,,,,,,,,,,Wall Light Motion Wh,,,,,,,,,,,,,,,,,,,,,,,,,,,,,,,,,,,,,,,,,,,,,,,,,,,,,,,,,,,,,,,,,,,,,,,,,,,,,,,,,,,,,,,,,,,,,,,,,,,,,,,,,,,,,,,,,,,,,,,,,,,,,,,,,,,,,,,,,,,,,,,,,,,,,,,,,,,,,,,,,,,,,,,,,,,,,,,,,,,,,,,,,,,,,,,,,,,,,
,,,,,,,,,,,59061BSL,59061BSL Kichler Ext Wall Lt,-- Unbranded --,-- No Unilog Brand --,-- No DIB Brand --,Kichler Lighting (KICLI),Kichler Lighting,Kichler,,59061BSL,,Industrial Supplies>General,59061BSL Kichler Ext Wall Lt,,59061BSL Kichler Ext Wall Lt,,59061BSL Kichler Ext Wall Lt,,,,,,,,,,,,,,,,,,,,,,,,,,,Kichler Ext Wall Lt,,,,,,,,,,,,,,,,,,,,,,,,,,,,,,,,,,,,,,,,,,,,,,,,,,,,,,,,,,,,,,,,,,,,,,,,,,,,,,,,,,,,,,,,,,,,,,,,,,,,,,,,,,,,,,,,,,,,,,,,,,,,,,,,,,,,,,,,,,,,,,,,,,,,,,,,,,,,,,,,,,,,,,,,,,,,,,,,,,,,,,,,,,,,,,,,,,,,,
,,,,,,,,,,,59062BSL,59062BSL Kichler Ext Wall Lt,-- Unbranded --,-- No Unilog Brand --,-- No DIB Brand --,Kichler Lighting (KICLI),Kichler Lighting,Kichler,,59062BSL,,Industrial Supplies>General,59062BSL Kichler Ext Wall Lt,,59062BSL Kichler Ext Wall Lt,,59062BSL Kichler Ext Wall Lt,,,,,,,,,,,,,,,,,,,,,,,,,,,Kichler Ext Wall Lt,,,,,,,,,,,,,,,,,,,,,,,,,,,,,,,,,,,,,,,,,,,,,,,,,,,,,,,,,,,,,,,,,,,,,,,,,,,,,,,,,,,,,,,,,,,,,,,,,,,,,,,,,,,,,,,,,,,,,,,,,,,,,,,,,,,,,,,,,,,,,,,,,,,,,,,,,,,,,,,,,,,,,,,,,,,,,,,,,,,,,,,,,,,,,,,,,,,,,
,,,,,,,,,,,59124BKT,59124BKT Kichler Ext Wall Lt,-- Unbranded --,-- No Unilog Brand --,-- No DIB Brand --,Kichler Lighting (KICLI),Kichler Lighting,Kichler,,59124BKT,,Industrial Supplies>General,59124BKT Kichler Ext Wall Lt,,59124BKT Kichler Ext Wall Lt,,59124BKT Kichler Ext Wall Lt,,,,,,,,,,,,,,,,,,,,,,,,,,,Kichler Ext Wall Lt,,,,,,,,,,,,,,,,,,,,,,,,,,,,,,,,,,,,,,,,,,,,,,,,,,,,,,,,,,,,,,,,,,,,,,,,,,,,,,,,,,,,,,,,,,,,,,,,,,,,,,,,,,,,,,,,,,,,,,,,,,,,,,,,,,,,,,,,,,,,,,,,,,,,,,,,,,,,,,,,,,,,,,,,,,,,,,,,,,,,,,,,,,,,,,,,,,,,,
,,,,,,,,,,,59025BK,59025BK Kichler Post Lt,-- Unbranded --,-- No Unilog Brand --,-- No DIB Brand --,Kichler Lighting (KICLI),Kichler Lighting,Kichler,,59025BK,,Industrial Supplies>General,59025BK Kichler Post Lt,,59025BK Kichler Post Lt,,59025BK Kichler Post Lt,,,,,,,,,,,,,,,,,,,,,,,,,,,Kichler Post Lt,,,,,,,,,,,,,,,,,,,,,,,,,,,,,,,,,,,,,,,,,,,,,,,,,,,,,,,,,,,,,,,,,,,,,,,,,,,,,,,,,,,,,,,,,,,,,,,,,,,,,,,,,,,,,,,,,,,,,,,,,,,,,,,,,,,,,,,,,,,,,,,,,,,,,,,,,,,,,,,,,,,,,,,,,,,,,,,,,,,,,,,,,,,,,,,,,,,,,
,,,,,,,,,,,DCL183,Dewalt DCL183 Light - Rechargeable,-- Unbranded --,-- No Unilog Brand --,DEWALT,Black & Decker/dewlt (2585),Black & Decker/dewlt,DEWALT,,DCL183,,Electrical>Lighting,Dewalt DCL183 Light - Rechargeable,,Dewalt DCL183 Light - Rechargeable,,Dewalt DCL183 Light - Rechargeable,,,,,,,,,,,,,,,,,,,,,,,,,,,DCL183 Light - Rechargeable,,,,,,,,,,,,,,,,,,,,,,,,,,,,,,,,,,,,,,,,,,,,,,,,,,,,,,,,,,,,,,,,,,,,,,,,,,,,,,,,,,,,,,,,,,,,,,,,,,,,,,,,,,,,,,,,,,,,,,,,,,,,,,,,,,,,,,,,,,,,,,,,,,,,,,,,,,,,,,,,,,,,,,,,,,,,,,,,,,,,,,,,,,,,,,,,,,,,,
,,,,,,,,,,,73020,73020 Nano Clip Light Bk,-- Unbranded --,-- No Unilog Brand --,-- No DIB Brand --,Streamlight (7277),Streamlight,,,73020,,Electrical>Lighting,73020 Nano Clip Light Bk,,73020 Nano Clip Light Bk,,73020 Nano Clip Light Bk,,,,,,,,,,,,,,,,,,,,,,,,,,,Nano Clip Light Bk,,,,,,,,,,,,,,,,,,,,,,,,,,,,,,,,,,,,,,,,,,,,,,,,,,,,,,,,,,,,,,,,,,,,,,,,,,,,,,,,,,,,,,,,,,,,,,,,,,,,,,,,,,,,,,,,,,,,,,,,,,,,,,,,,,,,,,,,,,,,,,,,,,,,,,,,,,,,,,,,,,,,,,,,,,,,,,,,,,,,,,,,,,,,,,,,,,,,,
,,,,,,,,,,,NEB-FLT-1021,NEBFLT1021 Slyde King FlashLt,-- Unbranded --,-- No Unilog Brand --,-- No DIB Brand --,ACG Brands (1154),ACG Brands,,,NEB-FLT-1021,,Industrial Supplies>General,NEBFLT1021 Slyde King FlashLt,,NEBFLT1021 Slyde King FlashLt,,NEBFLT1021 Slyde King FlashLt,,,,,,,,,,,,,,,,,,,,,,,,,,,Slyde King FlashLt,,,,,,,,,,,,,,,,,,,,,,,,,,,,,,,,,,,,,,,,,,,,,,,,,,,,,,,,,,,,,,,,,,,,,,,,,,,,,,,,,,,,,,,,,,,,,,,,,,,,,,,,,,,,,,,,,,,,,,,,,,,,,,,,,,,,,,,,,,,,,,,,,,,,,,,,,,,,,,,,,,,,,,,,,,,,,,,,,,,,,,,,,,,,,,,,,,,,,
,,,,,,,,,,,NEB-FLT-0053,NEBFLT0053 2600L Flash Light,-- Unbranded --,-- No Unilog Brand --,-- No DIB Brand --,ACG Brands (1154),ACG Brands,,,NEB-FLT-0053,,Electrical>Lighting,NEBFLT0053 2600L Flash Light,,NEBFLT0053 2600L Flash Light,,NEBFLT0053 2600L Flash Light,,,,,,,,,,,,,,,,,,,,,,,,,,,2600L Flash Light,,,,,,,,,,,,,,,,,,,,,,,,,,,,,,,,,,,,,,,,,,,,,,,,,,,,,,,,,,,,,,,,,,,,,,,,,,,,,,,,,,,,,,,,,,,,,,,,,,,,,,,,,,,,,,,,,,,,,,,,,,,,,,,,,,,,,,,,,,,,,,,,,,,,,,,,,,,,,,,,,,,,,,,,,,,,,,,,,,,,,,,,,,,,,,,,,,,,,
,,,,,,,,,,,97708,97708 Police 800L Headlight,-- Unbranded --,-- No Unilog Brand --,Police Security,Police Security (9470),Police Security,Police Security,,97708,,Electrical>Lighting,97708 Police 800L Headlight,,97708 Police 800L Headlight,,97708 Police 800L Headlight,,,,,,,,,,,,,,,,,,,,,,,,,,,Police 800L Headlight,,,,,,,,,,,,,,,,,,,,,,,,,,,,,,,,,,,,,,,,,,,,,,,,,,,,,,,,,,,,,,,,,,,,,,,,,,,,,,,,,,,,,,,,,,,,,,,,,,,,,,,,,,,,,,,,,,,,,,,,,,,,,,,,,,,,,,,,,,,,,,,,,,,,,,,,,,,,,,,,,,,,,,,,,,,,,,,,,,,,,,,,,,,,,,,,,,,,,
,,,,,,,,,,,WORK6000XLTPPLUG,6000L Twin Head Work Light,-- Unbranded --,-- No Unilog Brand --,Feit Electric,Feit Electric (3468),Feit Electric,Feit Electric,,WORK6000XLTPPLUG,,Electrical>Lighting,6000L Twin Head Work Light,,6000L Twin Head Work Light,,6000L Twin Head Work Light,,,,,,,,,,,,,,,,,,,,,,,,,,,Twin Head Work Light,,,,,,,,,,,,,,,,,,,,,,,,,,,,,,,,,,,,,,,,,,,,,,,,,,,,,,,,,,,,,,,,,,,,,,,,,,,,,,,,,,,,,,,,,,,,,,,,,,,,,,,,,,,,,,,,,,,,,,,,,,,,,,,,,,,,,,,,,,,,,,,,,,,,,,,,,,,,,,,,,,,,,,,,,,,,,,,,,,,,,,,,,,,,,,,,,,,,,
,,,,,,,,,,,HOM2040M200PRB,HOM2040M200PRB 200A Load Cntr,-- Unbranded --,-- No Unilog Brand --,-- No DIB Brand --,Square D Con Prod Dv (6825),Square D Con Prod Dv,,,HOM2040M200PRB,,Industrial Supplies>General,HOM2040M200PRB 200A Load Cntr,,HOM2040M200PRB 200A Load Cntr,,HOM2040M200PRB 200A Load Cntr,,,,,,,,,,,,,,,,,,,,,,,,,,,200A Load Cntr,,,,,,,,,,,,,,,,,,,,,,,,,,,,,,,,,,,,,,,,,,,,,,,,,,,,,,,,,,,,,,,,,,,,,,,,,,,,,,,,,,,,,,,,,,,,,,,,,,,,,,,,,,,,,,,,,,,,,,,,,,,,,,,,,,,,,,,,,,,,,,,,,,,,,,,,,,,,,,,,,,,,,,,,,,,,,,,,,,,,,,,,,,,,,,,,,,,,,
,,,,,,,,,,,HOM3060L225PGC,HOM3060L225PGC 225 Load Center,-- Unbranded --,-- No Unilog Brand --,Square D,Square D Con Prod Dv (6825),Square D Con Prod Dv,Square D,,HOM3060L225PGC,,Industrial Supplies>General,HOM3060L225PGC 225 Load Center,,HOM3060L225PGC 225 Load Center,,HOM3060L225PGC 225 Load Center,,,,,,,,,,,,,,,,,,,,,,,,,,,225 Load Center,,,,,,,,,,,,,,,,,,,,,,,,,,,,,,,,,,,,,,,,,,,,,,,,,,,,,,,,,,,,,,,,,,,,,,,,,,,,,,,,,,,,,,,,,,,,,,,,,,,,,,,,,,,,,,,,,,,,,,,,,,,,,,,,,,,,,,,,,,,,,,,,,,,,,,,,,,,,,,,,,,,,,,,,,,,,,,,,,,,,,,,,,,,,,,,,,,,,,
,,,,,,,,,,,QO612L100RBCP,QO612L100RBCP 100A Load Center,-- Unbranded --,-- No Unilog Brand --,Square D,Square D Con Prod Dv (6825),Square D Con Prod Dv,Square D,,QO612L100RBCP,,Industrial Supplies>General,QO612L100RBCP 100A Load Center,,QO612L100RBCP 100A Load Center,,QO612L100RBCP 100A Load Center,,,,,,,,,,,,,,,,,,,,,,,,,,,100A Load Center,,,,,,,,,,,,,,,,,,,,,,,,,,,,,,,,,,,,,,,,,,,,,,,,,,,,,,,,,,,,,,,,,,,,,,,,,,,,,,,,,,,,,,,,,,,,,,,,,,,,,,,,,,,,,,,,,,,,,,,,,,,,,,,,,,,,,,,,,,,,,,,,,,,,,,,,,,,,,,,,,,,,,,,,,,,,,,,,,,,,,,,,,,,,,,,,,,,,,
,,,,,,,,,,,13093005,4/0 Aluminum Entrance Cable (Linear Foot),-- Unbranded --,-- No Unilog Brand --,-- No DIB Brand --,Southwire/g Turner (6603),Southwire/g Turner,Southwire,,13093005,,Electrical>Wire & Cable,4/0 Aluminum Entrance Cable (Linear Foot),,4/0 Aluminum Entrance Cable (Linear Foot),,4/0 Aluminum Entrance Cable (Linear Foot),,Aluminum,,,,,,,,,,,,,,,,,,,,,,,,,4/0 Aluminum Entrance Cable (Linear Foot),,,,,,,,,,,,,,,,,,,,,,,,,,,,,,,,,,,,,,,,,,,,,,,,,,,,,,,,,,,,,,,,,,,,,,,,,,,,,,,,,,,,,,,,,,,,,,,,,,,,,,,,,,,,,,,,,,,,,,,,,,,,,,,,,,,,,,,,,,,,,,,,,,,,,,,,,,,,,,,,,,,,,,,,,,,,,,,,,,,,,,,,,,,,,,,,,,,,,
,,,,,,,,,,,12-4 SO,12-4 SO Cord (Linear Foot),-- Unbranded --,-- No Unilog Brand --,-- No DIB Brand --,-,,,,12-4 SO,,Industrial Supplies>General,12-4 SO Cord (Linear Foot),,12-4 SO Cord (Linear Foot),,12-4 SO Cord (Linear Foot),,,,,,,,,,,,,,,,,,,,,,,,,,,SO Cord (Linear Foot),Thread Size,12-4,,,,,,,,,,,,,,,,,,,,,,,,,,,,,,,,,,,,,,,,,,,,,,,,,,,,,,,,,,,,,,,,,,,,,,,,,,,,,,,,,,,,,,,,,,,,,,,,,,,,,,,,,,,,,,,,,,,,,,,,,,,,,,,,,,,,,,,,,,,,,,,,,,,,,,,,,,,,,,,,,,,,,,,,,,,,,,,,,,,,,,,,,,,,,,,,,,,
,,,,,,,,,,,96263-46-06,96263-46-06 CAT5E Wire (Linear Foot),-- Unbranded --,-- No Unilog Brand --,-- No DIB Brand --,Woods Wire Southwire (7579),Woods Wire Southwire,Southwire,,96263-46-06,,Electrical>Wire & Cable,96263-46-06 CAT5E Wire (Linear Foot),,96263-46-06 CAT5E Wire (Linear Foot),,96263-46-06 CAT5E Wire (Linear Foot),,,,,,,,,,,,,,,,,,,,,,,,,,,CAT5E Wire (Linear Foot),Thread Size,96263-46,,,,,,,,,,,,,,,,,,,,,,,,,,,,,,,,,,,,,,,,,,,,,,,,,,,,,,,,,,,,,,,,,,,,,,,,,,,,,,,,,,,,,,,,,,,,,,,,,,,,,,,,,,,,,,,,,,,,,,,,,,,,,,,,,,,,,,,,,,,,,,,,,,,,,,,,,,,,,,,,,,,,,,,,,,,,,,,,,,,,,,,,,,,,,,,,,,,
,,,,,,,,,,,R50003-ID,16-2 Stranded Wire CL3 500' (Linear Foot),-- Unbranded --,-- No Unilog Brand --,-- No DIB Brand --,Southwire/g Turner (6603),Southwire/g Turner,Southwire,,R50003-ID,,Electrical>Wire & Cable,16-2 Stranded Wire CL3 500' (Linear Foot),,16-2 Stranded Wire CL3 500' (Linear Foot),,16-2 Stranded Wire CL3 500' (Linear Foot),,,,,,,,,,,,,,,,,,,,,,,,,,,Stranded Wire CL3 500' (Linear Foot),Thread Size,16-2,,,,,,,,,,,,,,,,,,,,,,,,,,,,,,,,,,,,,,,,,,,,,,,,,,,,,,,,,,,,,,,,,,,,,,,,,,,,,,,,,,,,,,,,,,,,,,,,,,,,,,,,,,,,,,,,,,,,,,,,,,,,,,,,,,,,,,,,,,,,,,,,,,,,,,,,,,,,,,,,,,,,,,,,,,,,,,,,,,,,,,,,,,,,,,,,,,,
,,,,,,,,,,,10-4 SO,10-4 SO Cord (Linear Foot),-- Unbranded --,-- No Unilog Brand --,-- No DIB Brand --,Southwire/g Turner (6603),Southwire/g Turner,Southwire,,10-4 SO,,Industrial Supplies>General,10-4 SO Cord (Linear Foot),,10-4 SO Cord (Linear Foot),,10-4 SO Cord (Linear Foot),,,,,,,,,,,,,,,,,,,,,,,,,,,SO Cord (Linear Foot),Thread Size,10-4,,,,,,,,,,,,,,,,,,,,,,,,,,,,,,,,,,,,,,,,,,,,,,,,,,,,,,,,,,,,,,,,,,,,,,,,,,,,,,,,,,,,,,,,,,,,,,,,,,,,,,,,,,,,,,,,,,,,,,,,,,,,,,,,,,,,,,,,,,,,,,,,,,,,,,,,,,,,,,,,,,,,,,,,,,,,,,,,,,,,,,,,,,,,,,,,,,,
,,,,,,,,,,,23346-0408,23346-0408 Wire 16/3 SJEWA 250 (Linear Foot),-- Unbranded --,-- No Unilog Brand --,-- No DIB Brand --,-,,,,23346-0408,,Electrical>Wire & Cable,23346-0408 Wire 16/3 SJEWA 250 (Linear Foot),,23346-0408 Wire 16/3 SJEWA 250 (Linear Foot),,23346-0408 Wire 16/3 SJEWA 250 (Linear Foot),,,,,,,,,,,,,,,,,,,,,,,,,,,Wire 16/3 SJEWA 250 (Linear Foot),Thread Size,23346-0408,,,,,,,,,,,,,,,,,,,,,,,,,,,,,,,,,,,,,,,,,,,,,,,,,,,,,,,,,,,,,,,,,,,,,,,,,,,,,,,,,,,,,,,,,,,,,,,,,,,,,,,,,,,,,,,,,,,,,,,,,,,,,,,,,,,,,,,,,,,,,,,,,,,,,,,,,,,,,,,,,,,,,,,,,,,,,,,,,,,,,,,,,,,,,,,,,,,
,,,,,,,,,,,2/2/4 UD ALUM,2/2/4 UD Aluminum Triplex Wire (Linear Foot),-- Unbranded --,-- No Unilog Brand --,-- No DIB Brand --,Southwire/g Turner (6603),Southwire/g Turner,Southwire,,2/2/4 UD ALUM,,Electrical>Wire & Cable,2/2/4 UD Aluminum Triplex Wire (Linear Foot),,2/2/4 UD Aluminum Triplex Wire (Linear Foot),,2/2/4 UD Aluminum Triplex Wire (Linear Foot),,Aluminum,,,,,,,,,,,,,,,,,,,,,,,,,UD Aluminum Triplex Wire (Linear Foot),,,,,,,,,,,,,,,,,,,,,,,,,,,,,,,,,,,,,,,,,,,,,,,,,,,,,,,,,,,,,,,,,,,,,,,,,,,,,,,,,,,,,,,,,,,,,,,,,,,,,,,,,,,,,,,,,,,,,,,,,,,,,,,,,,,,,,,,,,,,,,,,,,,,,,,,,,,,,,,,,,,,,,,,,,,,,,,,,,,,,,,,,,,,,,,,,,,,,
,,,,,,,,,,,55418901,6/6/6 UD Triplex Aluminum Wire,-- Unbranded --,-- No Unilog Brand --,-- No DIB Brand --,Southwire/g Turner (6603),Southwire/g Turner,Southwire,,55418901,,Electrical>Wire & Cable,6/6/6 UD Triplex Aluminum Wire,,6/6/6 UD Triplex Aluminum Wire,,6/6/6 UD Triplex Aluminum Wire,,Aluminum,,,,,,,,,,,,,,,,,,,,,,,,,UD Triplex Aluminum Wire,,,,,,,,,,,,,,,,,,,,,,,,,,,,,,,,,,,,,,,,,,,,,,,,,,,,,,,,,,,,,,,,,,,,,,,,,,,,,,,,,,,,,,,,,,,,,,,,,,,,,,,,,,,,,,,,,,,,,,,,,,,,,,,,,,,,,,,,,,,,,,,,,,,,,,,,,,,,,,,,,,,,,,,,,,,,,,,,,,,,,,,,,,,,,,,,,,,,,
,,,,,,,,,,,CG50K,"CG50K 1/2"" Cord Grip Kit",-- Unbranded --,-- No Unilog Brand --,-- No DIB Brand --,Fenton Bros Electric Inc (FENBR),Fenton Bros Electric Inc,,,CG50K,,Industrial Supplies>General,"CG50K 1/2"" Cord Grip Kit",,"CG50K 1/2"" Cord Grip Kit",,"CG50K 1/2"" Cord Grip Kit",,,,,,,,,,,,,,,,,,,,,,,,,,,"1/2"" Cord Grip Kit",,,,,,,,,,,,,,,,,,,,,,,,,,,,,,,,,,,,,,,,,,,,,,,,,,,,,,,,,,,,,,,,,,,,,,,,,,,,,,,,,,,,,,,,,,,,,,,,,,,,,,,,,,,,,,,,,,,,,,,,,,,,,,,,,,,,,,,,,,,,,,,,,,,,,,,,,,,,,,,,,,,,,,,,,,,,,,,,,,,,,,,,,,,,,,,,,,,,,
,,,,,,,,,,,R02-D215P-1RW,R02D215P1RW 15A Mini Outlet Wh,-- Unbranded --,-- No Unilog Brand --,Leviton,Leviton Mfg Co (4927),Leviton Mfg Co,Leviton,,R02-D215P-1RW,,Industrial Supplies>General,R02D215P1RW 15A Mini Outlet Wh,,R02D215P1RW 15A Mini Outlet Wh,,R02D215P1RW 15A Mini Outlet Wh,,,,,,,,,,,,,,,,,,,,,,,,,,,15A Mini Outlet Wh,,,,,,,,,,,,,,,,,,,,,,,,,,,,,,,,,,,,,,,,,,,,,,,,,,,,,,,,,,,,,,,,,,,,,,,,,,,,,,,,,,,,,,,,,,,,,,,,,,,,,,,,,,,,,,,,,,,,,,,,,,,,,,,,,,,,,,,,,,,,,,,,,,,,,,,,,,,,,,,,,,,,,,,,,,,,,,,,,,,,,,,,,,,,,,,,,,,,,
,,,,,,,,,,,PBUC013,PBUC013 15A Wall Tap w/USB,-- Unbranded --,-- No Unilog Brand --,Prime,Prime Wire & Cable (3562),Prime Wire & Cable,Prime,,PBUC013,,Industrial Supplies>General,PBUC013 15A Wall Tap w/USB,,PBUC013 15A Wall Tap w/USB,,PBUC013 15A Wall Tap w/USB,,,,,,,,,,,,,,,,,,,,,,,,,,,15A Wall Tap w/USB,,,,,,,,,,,,,,,,,,,,,,,,,,,,,,,,,,,,,,,,,,,,,,,,,,,,,,,,,,,,,,,,,,,,,,,,,,,,,,,,,,,,,,,,,,,,,,,,,,,,,,,,,,,,,,,,,,,,,,,,,,,,,,,,,,,,,,,,,,,,,,,,,,,,,,,,,,,,,,,,,,,,,,,,,,,,,,,,,,,,,,,,,,,,,,,,,,,,,
,,,,,,,,,,,R00-GFNT1-00K,R00GFNT100K 15A Outlet Br,-- Unbranded --,-- No Unilog Brand --,Leviton,Leviton Mfg Co (4927),Leviton Mfg Co,Leviton,,R00-GFNT1-00K,,Industrial Supplies>General,R00GFNT100K 15A Outlet Br,,R00GFNT100K 15A Outlet Br,,R00GFNT100K 15A Outlet Br,,,,,,,,,,,,,,,,,,,,,,,,,,,15A Outlet Br,,,,,,,,,,,,,,,,,,,,,,,,,,,,,,,,,,,,,,,,,,,,,,,,,,,,,,,,,,,,,,,,,,,,,,,,,,,,,,,,,,,,,,,,,,,,,,,,,,,,,,,,,,,,,,,,,,,,,,,,,,,,,,,,,,,,,,,,,,,,,,,,,,,,,,,,,,,,,,,,,,,,,,,,,,,,,,,,,,,,,,,,,,,,,,,,,,,,,
,,,,,,,,,,,R92-GFWT1-0KW,R92GFWT10KW 15A GFCI Outlet Wh,-- Unbranded --,-- No Unilog Brand --,Leviton,Leviton Mfg Co (4927),Leviton Mfg Co,Leviton,,R92-GFWT1-0KW,,Industrial Supplies>General,R92GFWT10KW 15A GFCI Outlet Wh,,R92GFWT10KW 15A GFCI Outlet Wh,,R92GFWT10KW 15A GFCI Outlet Wh,,,,,,,,,,,,,,,,,,,,,,,,,,,15A GFCI Outlet Wh,,,,,,,,,,,,,,,,,,,,,,,,,,,,,,,,,,,,,,,,,,,,,,,,,,,,,,,,,,,,,,,,,,,,,,,,,,,,,,,,,,,,,,,,,,,,,,,,,,,,,,,,,,,,,,,,,,,,,,,,,,,,,,,,,,,,,,,,,,,,,,,,,,,,,,,,,,,,,,,,,,,,,,,,,,,,,,,,,,,,,,,,,,,,,,,,,,,,,
,,,,,,,,,,,R12-AGTR1-0KW,R12AGTR10KW 15A GFCI Outler Wh,-- Unbranded --,-- No Unilog Brand --,Leviton,Leviton Mfg Co (4927),Leviton Mfg Co,Leviton,,R12-AGTR1-0KW,,Industrial Supplies>General,R12AGTR10KW 15A GFCI Outler Wh,,R12AGTR10KW 15A GFCI Outler Wh,,R12AGTR10KW 15A GFCI Outler Wh,,,,,,,,,,,,,,,,,,,,,,,,,,,15A GFCI Outler Wh,,,,,,,,,,,,,,,,,,,,,,,,,,,,,,,,,,,,,,,,,,,,,,,,,,,,,,,,,,,,,,,,,,,,,,,,,,,,,,,,,,,,,,,,,,,,,,,,,,,,,,,,,,,,,,,,,,,,,,,,,,,,,,,,,,,,,,,,,,,,,,,,,,,,,,,,,,,,,,,,,,,,,,,,,,,,,,,,,,,,,,,,,,,,,,,,,,,,,
,,,,,,,,,,,R62-GFTA1-0KW,R92GFTA10KW 15A GFCI Outlet Wh,-- Unbranded --,-- No Unilog Brand --,Leviton,Leviton Mfg Co (4927),Leviton Mfg Co,Leviton,,R62-GFTA1-0KW,,Industrial Supplies>General,R92GFTA10KW 15A GFCI Outlet Wh,,R92GFTA10KW 15A GFCI Outlet Wh,,R92GFTA10KW 15A GFCI Outlet Wh,,,,,,,,,,,,,,,,,,,,,,,,,,,15A GFCI Outlet Wh,,,,,,,,,,,,,,,,,,,,,,,,,,,,,,,,,,,,,,,,,,,,,,,,,,,,,,,,,,,,,,,,,,,,,,,,,,,,,,,,,,,,,,,,,,,,,,,,,,,,,,,,,,,,,,,,,,,,,,,,,,,,,,,,,,,,,,,,,,,,,,,,,,,,,,,,,,,,,,,,,,,,,,,,,,,,,,,,,,,,,,,,,,,,,,,,,,,,,
,,,,,,,,,,,165-04729-00C,1650472900C 15A 125V Cord Conn,-- Unbranded --,-- No Unilog Brand --,Leviton,Leviton Mfg Co (4927),Leviton Mfg Co,Leviton,,165-04729-00C,,Industrial Supplies>General,1650472900C 15A 125V Cord Conn,,1650472900C 15A 125V Cord Conn,,1650472900C 15A 125V Cord Conn,,,,,,,,,,,,,,,,,,,,,,,,,,,15A 125V Cord Conn,,,,,,,,,,,,,,,,,,,,,,,,,,,,,,,,,,,,,,,,,,,,,,,,,,,,,,,,,,,,,,,,,,,,,,,,,,,,,,,,,,,,,,,,,,,,,,,,,,,,,,,,,,,,,,,,,,,,,,,,,,,,,,,,,,,,,,,,,,,,,,,,,,,,,,,,,,,,,,,,,,,,,,,,,,,,,,,,,,,,,,,,,,,,,,,,,,,,,
,,,,,,,,,,,161-04720-00C,1610472000C 15A 125V Cord Conn,-- Unbranded --,-- No Unilog Brand --,Leviton,Leviton Mfg Co (4927),Leviton Mfg Co,Leviton,,161-04720-00C,,Industrial Supplies>General,1610472000C 15A 125V Cord Conn,,1610472000C 15A 125V Cord Conn,,1610472000C 15A 125V Cord Conn,,,,,,,,,,,,,,,,,,,,,,,,,,,15A 125V Cord Conn,,,,,,,,,,,,,,,,,,,,,,,,,,,,,,,,,,,,,,,,,,,,,,,,,,,,,,,,,,,,,,,,,,,,,,,,,,,,,,,,,,,,,,,,,,,,,,,,,,,,,,,,,,,,,,,,,,,,,,,,,,,,,,,,,,,,,,,,,,,,,,,,,,,,,,,,,,,,,,,,,,,,,,,,,,,,,,,,,,,,,,,,,,,,,,,,,,,,,
,,,,,,,,,,,R02-GUAC1-0BW,R02GUAC10BW 15A/USB Outlet Wh,-- Unbranded --,-- No Unilog Brand --,Leviton,Leviton Mfg Co (4927),Leviton Mfg Co,Leviton,,R02-GUAC1-0BW,,Industrial Supplies>General,R02GUAC10BW 15A/USB Outlet Wh,,R02GUAC10BW 15A/USB Outlet Wh,,R02GUAC10BW 15A/USB Outlet Wh,,,,,,,,,,,,,,,,,,,,,,,,,,,15A/USB Outlet Wh,,,,,,,,,,,,,,,,,,,,,,,,,,,,,,,,,,,,,,,,,,,,,,,,,,,,,,,,,,,,,,,,,,,,,,,,,,,,,,,,,,,,,,,,,,,,,,,,,,,,,,,,,,,,,,,,,,,,,,,,,,,,,,,,,,,,,,,,,,,,,,,,,,,,,,,,,,,,,,,,,,,,,,,,,,,,,,,,,,,,,,,,,,,,,,,,,,,,,
,,,,,,,,,,,R56-CBR15-00T,R56CBR1500T 15A Outlet LA,-- Unbranded --,-- No Unilog Brand --,Leviton,Leviton Mfg Co (4927),Leviton Mfg Co,Leviton,,R56-CBR15-00T,,Industrial Supplies>General,R56CBR1500T 15A Outlet LA,,R56CBR1500T 15A Outlet LA,,R56CBR1500T 15A Outlet LA,,,,,,,,,,,,,,,,,,,,,,,,,,,15A Outlet LA,,,,,,,,,,,,,,,,,,,,,,,,,,,,,,,,,,,,,,,,,,,,,,,,,,,,,,,,,,,,,,,,,,,,,,,,,,,,,,,,,,,,,,,,,,,,,,,,,,,,,,,,,,,,,,,,,,,,,,,,,,,,,,,,,,,,,,,,,,,,,,,,,,,,,,,,,,,,,,,,,,,,,,,,,,,,,,,,,,,,,,,,,,,,,,,,,,,,,
,,,,,,,,,,,R20-05378-P00,R2005378P00 6-50R Welder Outet,-- Unbranded --,-- No Unilog Brand --,Leviton,Leviton Mfg Co (4927),Leviton Mfg Co,Leviton,,R20-05378-P00,,Industrial Supplies>General,R2005378P00 6-50R Welder Outet,,R2005378P00 6-50R Welder Outet,,R2005378P00 6-50R Welder Outet,,,,,,,,,,,,,,,,,,,,,,,,,,,6-50R Welder Outet,,,,,,,,,,,,,,,,,,,,,,,,,,,,,,,,,,,,,,,,,,,,,,,,,,,,,,,,,,,,,,,,,,,,,,,,,,,,,,,,,,,,,,,,,,,,,,,,,,,,,,,,,,,,,,,,,,,,,,,,,,,,,,,,,,,,,,,,,,,,,,,,,,,,,,,,,,,,,,,,,,,,,,,,,,,,,,,,,,,,,,,,,,,,,,,,,,,,,
,,,,,,,,,,,WC1V12W-SG-UPC,WC1V12WSGUPC 1G Cover Wh,-- Unbranded --,-- No Unilog Brand --,Southwire,Southwire/g Turner (6603),Southwire/g Turner,Southwire,,WC1V12W-SG-UPC,,Industrial Supplies>General,WC1V12WSGUPC 1G Cover Wh,,WC1V12WSGUPC 1G Cover Wh,,WC1V12WSGUPC 1G Cover Wh,,,,,,,,,,,,,,,,,,,,,,,,,,,1G Cover Wh,,,,,,,,,,,,,,,,,,,,,,,,,,,,,,,,,,,,,,,,,,,,,,,,,,,,,,,,,,,,,,,,,,,,,,,,,,,,,,,,,,,,,,,,,,,,,,,,,,,,,,,,,,,,,,,,,,,,,,,,,,,,,,,,,,,,,,,,,,,,,,,,,,,,,,,,,,,,,,,,,,,,,,,,,,,,,,,,,,,,,,,,,,,,,,,,,,,,,
,,,,,,,,,,,R51-GSRA1-THD,R5GSRA1THD 15A GFCI Plug,-- Unbranded --,-- No Unilog Brand --,Leviton,Leviton Mfg Co (4927),Leviton Mfg Co,Leviton,,R51-GSRA1-THD,,Industrial Supplies>General,R5GSRA1THD 15A GFCI Plug,,R5GSRA1THD 15A GFCI Plug,,R5GSRA1THD 15A GFCI Plug,,,,,,,,,,,,,,,,,,,,,,,,,,,15A GFCI Plug,,,,,,,,,,,,,,,,,,,,,,,,,,,,,,,,,,,,,,,,,,,,,,,,,,,,,,,,,,,,,,,,,,,,,,,,,,,,,,,,,,,,,,,,,,,,,,,,,,,,,,,,,,,,,,,,,,,,,,,,,,,,,,,,,,,,,,,,,,,,,,,,,,,,,,,,,,,,,,,,,,,,,,,,,,,,,,,,,,,,,,,,,,,,,,,,,,,,,
,,,,,,,,,,,R62-CBR15-00W,R62CBR1500W 15A Outlet Wh,-- Unbranded --,-- No Unilog Brand --,Leviton,Leviton Mfg Co (4927),Leviton Mfg Co,Leviton,,R62-CBR15-00W,,Industrial Supplies>General,R62CBR1500W 15A Outlet Wh,,R62CBR1500W 15A Outlet Wh,,R62CBR1500W 15A Outlet Wh,,,,,,,,,,,,,,,,,,,,,,,,,,,15A Outlet Wh,,,,,,,,,,,,,,,,,,,,,,,,,,,,,,,,,,,,,,,,,,,,,,,,,,,,,,,,,,,,,,,,,,,,,,,,,,,,,,,,,,,,,,,,,,,,,,,,,,,,,,,,,,,,,,,,,,,,,,,,,,,,,,,,,,,,,,,,,,,,,,,,,,,,,,,,,,,,,,,,,,,,,,,,,,,,,,,,,,,,,,,,,,,,,,,,,,,,,
,,,,,,,,,,,S03-05226-IS,S0305226IS IV Switch / Pilot,-- Unbranded --,-- No Unilog Brand --,Leviton,Leviton Mfg Co (4927),Leviton Mfg Co,Leviton,,S03-05226-IS,,Industrial Supplies>General,S0305226IS IV Switch / Pilot,,S0305226IS IV Switch / Pilot,,S0305226IS IV Switch / Pilot,,,,,,,,,,,,,,,,,,,,,,,,,,,IV Switch / Pilot,,,,,,,,,,,,,,,,,,,,,,,,,,,,,,,,,,,,,,,,,,,,,,,,,,,,,,,,,,,,,,,,,,,,,,,,,,,,,,,,,,,,,,,,,,,,,,,,,,,,,,,,,,,,,,,,,,,,,,,,,,,,,,,,,,,,,,,,,,,,,,,,,,,,,,,,,,,,,,,,,,,,,,,,,,,,,,,,,,,,,,,,,,,,,,,,,,,,,
,,,,,,,,,,,174-0CSB3-15W,174-OCSB3-15A Toggle 3-Way Switch Wh,-- Unbranded --,-- No Unilog Brand --,-- No DIB Brand --,Leviton Mfg Co (4927),Leviton Mfg Co,Leviton,,174-0CSB3-15W,,Industrial Supplies>General,174-OCSB3-15A Toggle 3-Way Switch Wh,,174-OCSB3-15A Toggle 3-Way Switch Wh,,174-OCSB3-15A Toggle 3-Way Switch Wh,,,,,,,,,,,,,,,,,,,,,,,,,,,Toggle 3-Way Switch Wh,,,,,,,,,,,,,,,,,,,,,,,,,,,,,,,,,,,,,,,,,,,,,,,,,,,,,,,,,,,,,,,,,,,,,,,,,,,,,,,,,,,,,,,,,,,,,,,,,,,,,,,,,,,,,,,,,,,,,,,,,,,,,,,,,,,,,,,,,,,,,,,,,,,,,,,,,,,,,,,,,,,,,,,,,,,,,,,,,,,,,,,,,,,,,,,,,,,,,
,,,,,,,,,,,R50-0SL13-000,T50-0SL13000 1G Wallplate SS - Blank,-- Unbranded --,-- No Unilog Brand --,Leviton,Leviton Mfg Co (4927),Leviton Mfg Co,Leviton,,R50-0SL13-000,,Industrial Supplies>General,T50-0SL13000 1G Wallplate SS - Blank,,T50-0SL13000 1G Wallplate SS - Blank,,T50-0SL13000 1G Wallplate SS - Blank,,,,,,,,,,,,,,,,,,,,,,,,,,,1G Wallplate SS - Blank,,,,,,,,,,,,,,,,,,,,,,,,,,,,,,,,,,,,,,,,,,,,,,,,,,,,,,,,,,,,,,,,,,,,,,,,,,,,,,,,,,,,,,,,,,,,,,,,,,,,,,,,,,,,,,,,,,,,,,,,,,,,,,,,,,,,,,,,,,,,,,,,,,,,,,,,,,,,,,,,,,,,,,,,,,,,,,,,,,,,,,,,,,,,,,,,,,,,,
,,,,,,,,,,,R52-0PJ13-00W,R520PJ1300W 1G Wallplate Wh - Blank,-- Unbranded --,-- No Unilog Brand --,Leviton,Leviton Mfg Co (4927),Leviton Mfg Co,Leviton,,R52-0PJ13-00W,,Industrial Supplies>General,R520PJ1300W 1G Wallplate Wh - Blank,,R520PJ1300W 1G Wallplate Wh - Blank,,R520PJ1300W 1G Wallplate Wh - Blank,,,,,,,,,,,,,,,,,,,,,,,,,,,1G Wallplate Wh - Blank,,,,,,,,,,,,,,,,,,,,,,,,,,,,,,,,,,,,,,,,,,,,,,,,,,,,,,,,,,,,,,,,,,,,,,,,,,,,,,,,,,,,,,,,,,,,,,,,,,,,,,,,,,,,,,,,,,,,,,,,,,,,,,,,,,,,,,,,,,,,,,,,,,,,,,,,,,,,,,,,,,,,,,,,,,,,,,,,,,,,,,,,,,,,,,,,,,,,,
,,,,,,,,,,,XOU2470BCGS,XOU2470BCGS Tall Beverage Center SS,-- Unbranded --,-- No Unilog Brand --,-- No DIB Brand --,Appliance Dealers Cooperative (APPDE),Appliance Dealers Cooperative,,,XOU2470BCGS,,Industrial Supplies>General,XOU2470BCGS Tall Beverage Center SS,,XOU2470BCGS Tall Beverage Center SS,,XOU2470BCGS Tall Beverage Center SS,,,,,,,,,,,,,,,,,,,,,,,,,,,Tall Beverage Center SS,,,,,,,,,,,,,,,,,,,,,,,,,,,,,,,,,,,,,,,,,,,,,,,,,,,,,,,,,,,,,,,,,,,,,,,,,,,,,,,,,,,,,,,,,,,,,,,,,,,,,,,,,,,,,,,,,,,,,,,,,,,,,,,,,,,,,,,,,,,,,,,,,,,,,,,,,,,,,,,,,,,,,,,,,,,,,,,,,,,,,,,,,,,,,,,,,,,,,
,,,,,,,,,,,XOU24BCGSR,XOU24BCGSR Beverage Center SS,-- Unbranded --,-- No Unilog Brand --,-- No DIB Brand --,Appliance Dealers Cooperative (APPDE),Appliance Dealers Cooperative,,,XOU24BCGSR,,Industrial Supplies>General,XOU24BCGSR Beverage Center SS,,XOU24BCGSR Beverage Center SS,,XOU24BCGSR Beverage Center SS,,,,,,,,,,,,,,,,,,,,,,,,,,,Beverage Center SS,,,,,,,,,,,,,,,,,,,,,,,,,,,,,,,,,,,,,,,,,,,,,,,,,,,,,,,,,,,,,,,,,,,,,,,,,,,,,,,,,,,,,,,,,,,,,,,,,,,,,,,,,,,,,,,,,,,,,,,,,,,,,,,,,,,,,,,,,,,,,,,,,,,,,,,,,,,,,,,,,,,,,,,,,,,,,,,,,,,,,,,,,,,,,,,,,,,,,
,,,,,,,,,,,XOU24WDZGBR,XOU24WDZGBR Beverage Center Bk,-- Unbranded --,-- No Unilog Brand --,-- No DIB Brand --,Appliance Dealers Cooperative (APPDE),Appliance Dealers Cooperative,,,XOU24WDZGBR,,Industrial Supplies>General,XOU24WDZGBR Beverage Center Bk,,XOU24WDZGBR Beverage Center Bk,,XOU24WDZGBR Beverage Center Bk,,,,,,,,,,,,,,,,,,,,,,,,,,,Beverage Center Bk,,,,,,,,,,,,,,,,,,,,,,,,,,,,,,,,,,,,,,,,,,,,,,,,,,,,,,,,,,,,,,,,,,,,,,,,,,,,,,,,,,,,,,,,,,,,,,,,,,,,,,,,,,,,,,,,,,,,,,,,,,,,,,,,,,,,,,,,,,,,,,,,,,,,,,,,,,,,,,,,,,,,,,,,,,,,,,,,,,,,,,,,,,,,,,,,,,,,,
,,,,,,,,,,,C7CDAAS3PD3,C7CDAAS3PD3 Café Drip Coffee Maker MB,-- Unbranded --,-- No Unilog Brand --,-- No DIB Brand --,Appliance Dealers Cooperative (APPDE),Appliance Dealers Cooperative,,,C7CDAAS3PD3,,Industrial Supplies>General,C7CDAAS3PD3 Café Drip Coffee Maker MB,,C7CDAAS3PD3 Café Drip Coffee Maker MB,,C7CDAAS3PD3 Café Drip Coffee Maker MB,,,,,,,,,,,,,,,,,,,,,,,,,,,Café Drip Coffee Maker MB,,,,,,,,,,,,,,,,,,,,,,,,,,,,,,,,,,,,,,,,,,,,,,,,,,,,,,,,,,,,,,,,,,,,,,,,,,,,,,,,,,,,,,,,,,,,,,,,,,,,,,,,,,,,,,,,,,,,,,,,,,,,,,,,,,,,,,,,,,,,,,,,,,,,,,,,,,,,,,,,,,,,,,,,,,,,,,,,,,,,,,,,,,,,,,,,,,,,,
,,,,,,,,,,,C7CDAAS4PW3,C7CDAAS4PW3 Café Drip Coffee Maker MW,-- Unbranded --,-- No Unilog Brand --,-- No DIB Brand --,Appliance Dealers Cooperative (APPDE),Appliance Dealers Cooperative,,,C7CDAAS4PW3,,Industrial Supplies>General,C7CDAAS4PW3 Café Drip Coffee Maker MW,,C7CDAAS4PW3 Café Drip Coffee Maker MW,,C7CDAAS4PW3 Café Drip Coffee Maker MW,,,,,,,,,,,,,,,,,,,,,,,,,,,Café Drip Coffee Maker MW,,,,,,,,,,,,,,,,,,,,,,,,,,,,,,,,,,,,,,,,,,,,,,,,,,,,,,,,,,,,,,,,,,,,,,,,,,,,,,,,,,,,,,,,,,,,,,,,,,,,,,,,,,,,,,,,,,,,,,,,,,,,,,,,,,,,,,,,,,,,,,,,,,,,,,,,,,,,,,,,,,,,,,,,,,,,,,,,,,,,,,,,,,,,,,,,,,,,,
,,,,,,,,,,,C7CDABS2RS3,C7CDABS2RS3 Cafe Coffee Maker,-- Unbranded --,-- No Unilog Brand --,-- No DIB Brand --,Appliance Dealers Cooperative (APPDE),Appliance Dealers Cooperative,,,C7CDABS2RS3,,Industrial Supplies>General,C7CDABS2RS3 Cafe Coffee Maker,,C7CDABS2RS3 Cafe Coffee Maker,,C7CDABS2RS3 Cafe Coffee Maker,,,,,,,,,,,,,,,,,,,,,,,,,,,Cafe Coffee Maker,,,,,,,,,,,,,,,,,,,,,,,,,,,,,,,,,,,,,,,,,,,,,,,,,,,,,,,,,,,,,,,,,,,,,,,,,,,,,,,,,,,,,,,,,,,,,,,,,,,,,,,,,,,,,,,,,,,,,,,,,,,,,,,,,,,,,,,,,,,,,,,,,,,,,,,,,,,,,,,,,,,,,,,,,,,,,,,,,,,,,,,,,,,,,,,,,,,,,
,,,,,,,,,,,C7CDABS3RD3,C7CDABS3RD3 Café Coffee Maker MB,-- Unbranded --,-- No Unilog Brand --,-- No DIB Brand --,Appliance Dealers Cooperative (APPDE),Appliance Dealers Cooperative,,,C7CDABS3RD3,,Industrial Supplies>General,C7CDABS3RD3 Café Coffee Maker MB,,C7CDABS3RD3 Café Coffee Maker MB,,C7CDABS3RD3 Café Coffee Maker MB,,,,,,,,,,,,,,,,,,,,,,,,,,,Café Coffee Maker MB,,,,,,,,,,,,,,,,,,,,,,,,,,,,,,,,,,,,,,,,,,,,,,,,,,,,,,,,,,,,,,,,,,,,,,,,,,,,,,,,,,,,,,,,,,,,,,,,,,,,,,,,,,,,,,,,,,,,,,,,,,,,,,,,,,,,,,,,,,,,,,,,,,,,,,,,,,,,,,,,,,,,,,,,,,,,,,,,,,,,,,,,,,,,,,,,,,,,,
,,,,,,,,,,,C7CDABS4RW3,C7CDABS4RW3 Café Coffee Maker MW,-- Unbranded --,-- No Unilog Brand --,-- No DIB Brand --,Appliance Dealers Cooperative (APPDE),Appliance Dealers Cooperative,,,C7CDABS4RW3,,Industrial Supplies>General,C7CDABS4RW3 Café Coffee Maker MW,,C7CDABS4RW3 Café Coffee Maker MW,,C7CDABS4RW3 Café Coffee Maker MW,,,,,,,,,,,,,,,,,,,,,,,,,,,Café Coffee Maker MW,,,,,,,,,,,,,,,,,,,,,,,,,,,,,,,,,,,,,,,,,,,,,,,,,,,,,,,,,,,,,,,,,,,,,,,,,,,,,,,,,,,,,,,,,,,,,,,,,,,,,,,,,,,,,,,,,,,,,,,,,,,,,,,,,,,,,,,,,,,,,,,,,,,,,,,,,,,,,,,,,,,,,,,,,,,,,,,,,,,,,,,,,,,,,,,,,,,,,
,,,,,,,,,,,C7CEBBS2RS3,C7CEBBS2RS3 Cafe Auto Espresso Machine SS,-- Unbranded --,-- No Unilog Brand --,-- No DIB Brand --,Appliance Dealers Cooperative (APPDE),Appliance Dealers Cooperative,,,C7CEBBS2RS3,,Industrial Supplies>General,C7CEBBS2RS3 Cafe Auto Espresso Machine SS,,C7CEBBS2RS3 Cafe Auto Espresso Machine SS,,C7CEBBS2RS3 Cafe Auto Espresso Machine SS,,,,,,,,,,,,,,,,,,,,,,,,,,,Cafe Auto Espresso Machine SS,,,,,,,,,,,,,,,,,,,,,,,,,,,,,,,,,,,,,,,,,,,,,,,,,,,,,,,,,,,,,,,,,,,,,,,,,,,,,,,,,,,,,,,,,,,,,,,,,,,,,,,,,,,,,,,,,,,,,,,,,,,,,,,,,,,,,,,,,,,,,,,,,,,,,,,,,,,,,,,,,,,,,,,,,,,,,,,,,,,,,,,,,,,,,,,,,,,,,
,,,,,,,,,,,C7CEBBS4RW3,C7CEBBS4RW3 Café Auto Espresso Machine Wh,-- Unbranded --,-- No Unilog Brand --,-- No DIB Brand --,Appliance Dealers Cooperative (APPDE),Appliance Dealers Cooperative,,,C7CEBBS4RW3,,Industrial Supplies>General,C7CEBBS4RW3 Café Auto Espresso Machine Wh,,C7CEBBS4RW3 Café Auto Espresso Machine Wh,,C7CEBBS4RW3 Café Auto Espresso Machine Wh,,,,,,,,,,,,,,,,,,,,,,,,,,,Café Auto Espresso Machine Wh,,,,,,,,,,,,,,,,,,,,,,,,,,,,,,,,,,,,,,,,,,,,,,,,,,,,,,,,,,,,,,,,,,,,,,,,,,,,,,,,,,,,,,,,,,,,,,,,,,,,,,,,,,,,,,,,,,,,,,,,,,,,,,,,,,,,,,,,,,,,,,,,,,,,,,,,,,,,,,,,,,,,,,,,,,,,,,,,,,,,,,,,,,,,,,,,,,,,,
,,,,,,,,,,,C7CESAS2RS3,C7CESAS2RS3 Café Espresso SS,-- Unbranded --,-- No Unilog Brand --,-- No DIB Brand --,Appliance Dealers Cooperative (APPDE),Appliance Dealers Cooperative,,,C7CESAS2RS3,,Industrial Supplies>General,C7CESAS2RS3 Café Espresso SS,,C7CESAS2RS3 Café Espresso SS,,C7CESAS2RS3 Café Espresso SS,,,,,,,,,,,,,,,,,,,,,,,,,,,Café Espresso SS,,,,,,,,,,,,,,,,,,,,,,,,,,,,,,,,,,,,,,,,,,,,,,,,,,,,,,,,,,,,,,,,,,,,,,,,,,,,,,,,,,,,,,,,,,,,,,,,,,,,,,,,,,,,,,,,,,,,,,,,,,,,,,,,,,,,,,,,,,,,,,,,,,,,,,,,,,,,,,,,,,,,,,,,,,,,,,,,,,,,,,,,,,,,,,,,,,,,,
,,,,,,,,,,,C7CESAS3RD3,C7CESAS3RD3 Café Espresso Machine MB,-- Unbranded --,-- No Unilog Brand --,-- No DIB Brand --,Appliance Dealers Cooperative (APPDE),Appliance Dealers Cooperative,,,C7CESAS3RD3,,Industrial Supplies>General,C7CESAS3RD3 Café Espresso Machine MB,,C7CESAS3RD3 Café Espresso Machine MB,,C7CESAS3RD3 Café Espresso Machine MB,,,,,,,,,,,,,,,,,,,,,,,,,,,Café Espresso Machine MB,,,,,,,,,,,,,,,,,,,,,,,,,,,,,,,,,,,,,,,,,,,,,,,,,,,,,,,,,,,,,,,,,,,,,,,,,,,,,,,,,,,,,,,,,,,,,,,,,,,,,,,,,,,,,,,,,,,,,,,,,,,,,,,,,,,,,,,,,,,,,,,,,,,,,,,,,,,,,,,,,,,,,,,,,,,,,,,,,,,,,,,,,,,,,,,,,,,,,
,,,,,,,,,,,C7CESAS4RW3,C7CESAS4RW3 Cafe Espresso Wh,-- Unbranded --,-- No Unilog Brand --,-- No DIB Brand --,Appliance Dealers Cooperative (APPDE),Appliance Dealers Cooperative,,,C7CESAS4RW3,,Industrial Supplies>General,C7CESAS4RW3 Cafe Espresso Wh,,C7CESAS4RW3 Cafe Espresso Wh,,C7CESAS4RW3 Cafe Espresso Wh,,,,,,,,,,,,,,,,,,,,,,,,,,,Cafe Espresso Wh,,,,,,,,,,,,,,,,,,,,,,,,,,,,,,,,,,,,,,,,,,,,,,,,,,,,,,,,,,,,,,,,,,,,,,,,,,,,,,,,,,,,,,,,,,,,,,,,,,,,,,,,,,,,,,,,,,,,,,,,,,,,,,,,,,,,,,,,,,,,,,,,,,,,,,,,,,,,,,,,,,,,,,,,,,,,,,,,,,,,,,,,,,,,,,,,,,,,,
,,,,,,,,,,,WOSP30100SS,WOSP30100SS Beko Wall Oven SS,-- Unbranded --,-- No Unilog Brand --,-- No DIB Brand --,Appliance Dealers Cooperative (APPDE),Appliance Dealers Cooperative,,,WOSP30100SS,,Appliances & Consumer Electronics>Kitchen Appliances,WOSP30100SS Beko Wall Oven SS,,WOSP30100SS Beko Wall Oven SS,,WOSP30100SS Beko Wall Oven SS,,,,,,,,,,,,,,,,,,,,,,,,,,,Beko Wall Oven SS,,,,,,,,,,,,,,,,,,,,,,,,,,,,,,,,,,,,,,,,,,,,,,,,,,,,,,,,,,,,,,,,,,,,,,,,,,,,,,,,,,,,,,,,,,,,,,,,,,,,,,,,,,,,,,,,,,,,,,,,,,,,,,,,,,,,,,,,,,,,,,,,,,,,,,,,,,,,,,,,,,,,,,,,,,,,,,,,,,,,,,,,,,,,,,,,,,,,,
,,,,,,,,,,,MSER2090S,MSER2090S LG Microwave SS,-- Unbranded --,-- No Unilog Brand --,-- No DIB Brand --,Appliance Dealers Cooperative (APPDE),Appliance Dealers Cooperative,,,MSER2090S,,Industrial Supplies>General,MSER2090S LG Microwave SS,,MSER2090S LG Microwave SS,,MSER2090S LG Microwave SS,,,,,,,,,,,,,,,,,,,,,,,,,,,LG Microwave SS,,,,,,,,,,,,,,,,,,,,,,,,,,,,,,,,,,,,,,,,,,,,,,,,,,,,,,,,,,,,,,,,,,,,,,,,,,,,,,,,,,,,,,,,,,,,,,,,,,,,,,,,,,,,,,,,,,,,,,,,,,,,,,,,,,,,,,,,,,,,,,,,,,,,,,,,,,,,,,,,,,,,,,,,,,,,,,,,,,,,,,,,,,,,,,,,,,,,,
,,,,,,,,,,,GCST16S1WSS,GCST16S1WSS GE Microwave SS,-- Unbranded --,-- No Unilog Brand --,-- No DIB Brand --,Appliance Dealers Cooperative (APPDE),Appliance Dealers Cooperative,,,GCST16S1WSS,,Industrial Supplies>General,GCST16S1WSS GE Microwave SS,,GCST16S1WSS GE Microwave SS,,GCST16S1WSS GE Microwave SS,,,,,,,,,,,,,,,,,,,,,,,,,,,GE Microwave SS,,,,,,,,,,,,,,,,,,,,,,,,,,,,,,,,,,,,,,,,,,,,,,,,,,,,,,,,,,,,,,,,,,,,,,,,,,,,,,,,,,,,,,,,,,,,,,,,,,,,,,,,,,,,,,,,,,,,,,,,,,,,,,,,,,,,,,,,,,,,,,,,,,,,,,,,,,,,,,,,,,,,,,,,,,,,,,,,,,,,,,,,,,,,,,,,,,,,,
,,,,,,,,,,,PCWK15C1WSS,PCWK15C1WSS GE Microwave,-- Unbranded --,-- No Unilog Brand --,-- No DIB Brand --,Appliance Dealers Cooperative (APPDE),Appliance Dealers Cooperative,,,PCWK15C1WSS,,Industrial Supplies>General,PCWK15C1WSS GE Microwave,,PCWK15C1WSS GE Microwave,,PCWK15C1WSS GE Microwave,,,,,,,,,,,,,,,,,,,,,,,,,,,GE Microwave,,,,,,,,,,,,,,,,,,,,,,,,,,,,,,,,,,,,,,,,,,,,,,,,,,,,,,,,,,,,,,,,,,,,,,,,,,,,,,,,,,,,,,,,,,,,,,,,,,,,,,,,,,,,,,,,,,,,,,,,,,,,,,,,,,,,,,,,,,,,,,,,,,,,,,,,,,,,,,,,,,,,,,,,,,,,,,,,,,,,,,,,,,,,,,,,,,,,,
,,,,,,,,,,,SMC2266KS,SMC2266KS Microwave SS Display Only,-- Unbranded --,-- No Unilog Brand --,-- No DIB Brand --,Appliance Dealers Cooperative (APPDE),Appliance Dealers Cooperative,,,SMC2266KS,,Industrial Supplies>General,SMC2266KS Microwave SS Display Only,,SMC2266KS Microwave SS Display Only,,SMC2266KS Microwave SS Display Only,,,,,,,,,,,,,,,,,,,,,,,,,,,Microwave SS Display Only,,,,,,,,,,,,,,,,,,,,,,,,,,,,,,,,,,,,,,,,,,,,,,,,,,,,,,,,,,,,,,,,,,,,,,,,,,,,,,,,,,,,,,,,,,,,,,,,,,,,,,,,,,,,,,,,,,,,,,,,,,,,,,,,,,,,,,,,,,,,,,,,,,,,,,,,,,,,,,,,,,,,,,,,,,,,,,,,,,,,,,,,,,,,,,,,,,,,,
,,,,,,,,,,,SMD2479JS,SMD2479JS Microwave Drawer SS Display Only,-- Unbranded --,-- No Unilog Brand --,-- No DIB Brand --,Appliance Dealers Cooperative (APPDE),Appliance Dealers Cooperative,,,SMD2479JS,,Industrial Supplies>General,SMD2479JS Microwave Drawer SS Display Only,,SMD2479JS Microwave Drawer SS Display Only,,SMD2479JS Microwave Drawer SS Display Only,,,,,,,,,,,,,,,,,,,,,,,,,,,Microwave Drawer SS Display Only,,,,,,,,,,,,,,,,,,,,,,,,,,,,,,,,,,,,,,,,,,,,,,,,,,,,,,,,,,,,,,,,,,,,,,,,,,,,,,,,,,,,,,,,,,,,,,,,,,,,,,,,,,,,,,,,,,,,,,,,,,,,,,,,,,,,,,,,,,,,,,,,,,,,,,,,,,,,,,,,,,,,,,,,,,,,,,,,,,,,,,,,,,,,,,,,,,,,,
,,,,,,,,,,,PEP9030DTBB,"PEP9030DTBB 30"" GE Cooktop Bk",-- Unbranded --,-- No Unilog Brand --,-- No DIB Brand --,Appliance Dealers Cooperative (APPDE),Appliance Dealers Cooperative,,,PEP9030DTBB,,Industrial Supplies>General,"PEP9030DTBB 30"" GE Cooktop Bk",,"PEP9030DTBB 30"" GE Cooktop Bk",,"PEP9030DTBB 30"" GE Cooktop Bk",,,,,,,,,,,,,,,,,,,,,,,,,,,"30"" GE Cooktop Bk",,,,,,,,,,,,,,,,,,,,,,,,,,,,,,,,,,,,,,,,,,,,,,,,,,,,,,,,,,,,,,,,,,,,,,,,,,,,,,,,,,,,,,,,,,,,,,,,,,,,,,,,,,,,,,,,,,,,,,,,,,,,,,,,,,,,,,,,,,,,,,,,,,,,,,,,,,,,,,,,,,,,,,,,,,,,,,,,,,,,,,,,,,,,,,,,,,,,,
,,,,,,,,,,,CES700P3MD1,"CES700P3MD1 Cafe 30"" Range Bk - Display",-- Unbranded --,-- No Unilog Brand --,-- No DIB Brand --,Appliance Dealers Cooperative (APPDE),Appliance Dealers Cooperative,,,CES700P3MD1,,Appliances & Consumer Electronics>Kitchen Appliances,"CES700P3MD1 Cafe 30"" Range Bk - Display",,"CES700P3MD1 Cafe 30"" Range Bk - Display",,"CES700P3MD1 Cafe 30"" Range Bk - Display",,,,,,,,,,,,,,,,,,,,,,,,,,,"Cafe 30"" Range Bk - Display",,,,,,,,,,,,,,,,,,,,,,,,,,,,,,,,,,,,,,,,,,,,,,,,,,,,,,,,,,,,,,,,,,,,,,,,,,,,,,,,,,,,,,,,,,,,,,,,,,,,,,,,,,,,,,,,,,,,,,,,,,,,,,,,,,,,,,,,,,,,,,,,,,,,,,,,,,,,,,,,,,,,,,,,,,,,,,,,,,,,,,,,,,,,,,,,,,,,,
,,,,,,,,,,,PS960YPFS,"PS960YPFS 30"" GE Electric Range SS - Display Only",-- Unbranded --,-- No Unilog Brand --,-- No DIB Brand --,Appliance Dealers Cooperative (APPDE),Appliance Dealers Cooperative,,,PS960YPFS,,Appliances & Consumer Electronics>Kitchen Appliances,"PS960YPFS 30"" GE Electric Range SS - Display Only",,"PS960YPFS 30"" GE Electric Range SS - Display Only",,"PS960YPFS 30"" GE Electric Range SS - Display Only",,,,,,,,,,,,,,,,,,,,,,,,,,,"30"" GE Electric Range SS - Display Only",,,,,,,,,,,,,,,,,,,,,,,,,,,,,,,,,,,,,,,,,,,,,,,,,,,,,,,,,,,,,,,,,,,,,,,,,,,,,,,,,,,,,,,,,,,,,,,,,,,,,,,,,,,,,,,,,,,,,,,,,,,,,,,,,,,,,,,,,,,,,,,,,,,,,,,,,,,,,,,,,,,,,,,,,,,,,,,,,,,,,,,,,,,,,,,,,,,,,
,,,,,,,,,,,PB900YVFS,"PB900YVFS Elect 30"" Range SS",-- Unbranded --,-- No Unilog Brand --,-- No DIB Brand --,Appliance Dealers Cooperative (APPDE),Appliance Dealers Cooperative,,,PB900YVFS,,Appliances & Consumer Electronics>Kitchen Appliances,"PB900YVFS Elect 30"" Range SS",,"PB900YVFS Elect 30"" Range SS",,"PB900YVFS Elect 30"" Range SS",,,,,,,,,,,,,,,,,,,,,,,,,,,"Elect 30"" Range SS",,,,,,,,,,,,,,,,,,,,,,,,,,,,,,,,,,,,,,,,,,,,,,,,,,,,,,,,,,,,,,,,,,,,,,,,,,,,,,,,,,,,,,,,,,,,,,,,,,,,,,,,,,,,,,,,,,,,,,,,,,,,,,,,,,,,,,,,,,,,,,,,,,,,,,,,,,,,,,,,,,,,,,,,,,,,,,,,,,,,,,,,,,,,,,,,,,,,,
,,,,,,,,,,,PCFE3080AF,"PCFE3080AF 30"" Elect Range SS - Display Only",-- Unbranded --,-- No Unilog Brand --,-- No DIB Brand --,Appliance Dealers Cooperative (APPDE),Appliance Dealers Cooperative,,,PCFE3080AF,,Appliances & Consumer Electronics>Kitchen Appliances,"PCFE3080AF 30"" Elect Range SS - Display Only",,"PCFE3080AF 30"" Elect Range SS - Display Only",,"PCFE3080AF 30"" Elect Range SS - Display Only",,,,,,,,,,,,,,,,,,,,,,,,,,,"30"" Elect Range SS - Display Only",,,,,,,,,,,,,,,,,,,,,,,,,,,,,,,,,,,,,,,,,,,,,,,,,,,,,,,,,,,,,,,,,,,,,,,,,,,,,,,,,,,,,,,,,,,,,,,,,,,,,,,,,,,,,,,,,,,,,,,,,,,,,,,,,,,,,,,,,,,,,,,,,,,,,,,,,,,,,,,,,,,,,,,,,,,,,,,,,,,,,,,,,,,,,,,,,,,,,
,,,,,,,,,,,SLER30524SS,"SLER30524SS 30"" Elect Range SS",-- Unbranded --,-- No Unilog Brand --,-- No DIB Brand --,Appliance Dealers Cooperative (APPDE),Appliance Dealers Cooperative,,,SLER30524SS,,Appliances & Consumer Electronics>Kitchen Appliances,"SLER30524SS 30"" Elect Range SS",,"SLER30524SS 30"" Elect Range SS",,"SLER30524SS 30"" Elect Range SS",,,,,,,,,,,,,,,,,,,,,,,,,,,"30"" Elect Range SS",,,,,,,,,,,,,,,,,,,,,,,,,,,,,,,,,,,,,,,,,,,,,,,,,,,,,,,,,,,,,,,,,,,,,,,,,,,,,,,,,,,,,,,,,,,,,,,,,,,,,,,,,,,,,,,,,,,,,,,,,,,,,,,,,,,,,,,,,,,,,,,,,,,,,,,,,,,,,,,,,,,,,,,,,,,,,,,,,,,,,,,,,,,,,,,,,,,,,
,,,,,,,,,,,LSEL6333ZE,"LSEL6333ZE LG 30"" Elec Range BS-Display Only",-- Unbranded --,-- No Unilog Brand --,-- No DIB Brand --,Appliance Dealers Cooperative (APPDE),Appliance Dealers Cooperative,,,LSEL6333ZE,,Appliances & Consumer Electronics>Kitchen Appliances,"LSEL6333ZE LG 30"" Elec Range BS-Display Only",,"LSEL6333ZE LG 30"" Elec Range BS-Display Only",,"LSEL6333ZE LG 30"" Elec Range BS-Display Only",,,,,,,,,,,,,,,,,,,,,,,,,,,"LG 30"" Elec Range BS-Display Only",,,,,,,,,,,,,,,,,,,,,,,,,,,,,,,,,,,,,,,,,,,,,,,,,,,,,,,,,,,,,,,,,,,,,,,,,,,,,,,,,,,,,,,,,,,,,,,,,,,,,,,,,,,,,,,,,,,,,,,,,,,,,,,,,,,,,,,,,,,,,,,,,,,,,,,,,,,,,,,,,,,,,,,,,,,,,,,,,,,,,,,,,,,,,,,,,,,,,
,,,,,,,,,,,KSES530SBE,"KSES530SBE 30"" Elect Range BO Display Only",-- Unbranded --,-- No Unilog Brand --,-- No DIB Brand --,Appliance Dealers Cooperative (APPDE),Appliance Dealers Cooperative,,,KSES530SBE,,Appliances & Consumer Electronics>Kitchen Appliances,"KSES530SBE 30"" Elect Range BO Display Only",,"KSES530SBE 30"" Elect Range BO Display Only",,"KSES530SBE 30"" Elect Range BO Display Only",,,,,,,,,,,,,,,,,,,,,,,,,,,"30"" Elect Range BO Display Only",,,,,,,,,,,,,,,,,,,,,,,,,,,,,,,,,,,,,,,,,,,,,,,,,,,,,,,,,,,,,,,,,,,,,,,,,,,,,,,,,,,,,,,,,,,,,,,,,,,,,,,,,,,,,,,,,,,,,,,,,,,,,,,,,,,,,,,,,,,,,,,,,,,,,,,,,,,,,,,,,,,,,,,,,,,,,,,,,,,,,,,,,,,,,,,,,,,,,
,,,,,,,,,,,GCFG3661AF,"GCFG3661AF 36"" Frigidaire Gas Range SS",-- Unbranded --,-- No Unilog Brand --,-- No DIB Brand --,Appliance Dealers Cooperative (APPDE),Appliance Dealers Cooperative,,,GCFG3661AF,,Appliances & Consumer Electronics>Kitchen Appliances,"GCFG3661AF 36"" Frigidaire Gas Range SS",,"GCFG3661AF 36"" Frigidaire Gas Range SS",,"GCFG3661AF 36"" Frigidaire Gas Range SS",,,,,,,,,,,,,,,,,,,,,,,,,,,"36"" Frigidaire Gas Range SS",,,,,,,,,,,,,,,,,,,,,,,,,,,,,,,,,,,,,,,,,,,,,,,,,,,,,,,,,,,,,,,,,,,,,,,,,,,,,,,,,,,,,,,,,,,,,,,,,,,,,,,,,,,,,,,,,,,,,,,,,,,,,,,,,,,,,,,,,,,,,,,,,,,,,,,,,,,,,,,,,,,,,,,,,,,,,,,,,,,,,,,,,,,,,,,,,,,,,
,,,,,,,,,,,WSGS7530RZ,"WSGS7530RZ 30"" Gas Range SS - Display Only",-- Unbranded --,-- No Unilog Brand --,-- No DIB Brand --,Appliance Dealers Cooperative (APPDE),Appliance Dealers Cooperative,,,WSGS7530RZ,,Appliances & Consumer Electronics>Kitchen Appliances,"WSGS7530RZ 30"" Gas Range SS - Display Only",,"WSGS7530RZ 30"" Gas Range SS - Display Only",,"WSGS7530RZ 30"" Gas Range SS - Display Only",,,,,,,,,,,,,,,,,,,,,,,,,,,"30"" Gas Range SS - Display Only",,,,,,,,,,,,,,,,,,,,,,,,,,,,,,,,,,,,,,,,,,,,,,,,,,,,,,,,,,,,,,,,,,,,,,,,,,,,,,,,,,,,,,,,,,,,,,,,,,,,,,,,,,,,,,,,,,,,,,,,,,,,,,,,,,,,,,,,,,,,,,,,,,,,,,,,,,,,,,,,,,,,,,,,,,,,,,,,,,,,,,,,,,,,,,,,,,,,,
,,,,,,,,,,,CHP90301TBB,CHP90301TBB Café Cooktop Bk,-- Unbranded --,-- No Unilog Brand --,-- No DIB Brand --,Appliance Dealers Cooperative (APPDE),Appliance Dealers Cooperative,,,CHP90301TBB,,Industrial Supplies>General,CHP90301TBB Café Cooktop Bk,,CHP90301TBB Café Cooktop Bk,,CHP90301TBB Café Cooktop Bk,,,,,,,,,,,,,,,,,,,,,,,,,,,Café Cooktop Bk,,,,,,,,,,,,,,,,,,,,,,,,,,,,,,,,,,,,,,,,,,,,,,,,,,,,,,,,,,,,,,,,,,,,,,,,,,,,,,,,,,,,,,,,,,,,,,,,,,,,,,,,,,,,,,,,,,,,,,,,,,,,,,,,,,,,,,,,,,,,,,,,,,,,,,,,,,,,,,,,,,,,,,,,,,,,,,,,,,,,,,,,,,,,,,,,,,,,,
,,,,,,,,,,,CVM517P3RD1,CVM517P3RD1 Cafe Microwave Bk - Display,-- Unbranded --,-- No Unilog Brand --,-- No DIB Brand --,Appliance Dealers Cooperative (APPDE),Appliance Dealers Cooperative,,,CVM517P3RD1,,Industrial Supplies>General,CVM517P3RD1 Cafe Microwave Bk - Display,,CVM517P3RD1 Cafe Microwave Bk - Display,,CVM517P3RD1 Cafe Microwave Bk - Display,,,,,,,,,,,,,,,,,,,,,,,,,,,Cafe Microwave Bk - Display,,,,,,,,,,,,,,,,,,,,,,,,,,,,,,,,,,,,,,,,,,,,,,,,,,,,,,,,,,,,,,,,,,,,,,,,,,,,,,,,,,,,,,,,,,,,,,,,,,,,,,,,,,,,,,,,,,,,,,,,,,,,,,,,,,,,,,,,,,,,,,,,,,,,,,,,,,,,,,,,,,,,,,,,,,,,,,,,,,,,,,,,,,,,,,,,,,,,,
,,,,,,,,,,,PMOS1980AF,PMOS1980AF OTR Microwave SS - Display Only,-- Unbranded --,-- No Unilog Brand --,-- No DIB Brand --,Appliance Dealers Cooperative (APPDE),Appliance Dealers Cooperative,,,PMOS1980AF,,Industrial Supplies>General,PMOS1980AF OTR Microwave SS - Display Only,,PMOS1980AF OTR Microwave SS - Display Only,,PMOS1980AF OTR Microwave SS - Display Only,,,,,,,,,,,,,,,,,,,,,,,,,,,OTR Microwave SS - Display Only,,,,,,,,,,,,,,,,,,,,,,,,,,,,,,,,,,,,,,,,,,,,,,,,,,,,,,,,,,,,,,,,,,,,,,,,,,,,,,,,,,,,,,,,,,,,,,,,,,,,,,,,,,,,,,,,,,,,,,,,,,,,,,,,,,,,,,,,,,,,,,,,,,,,,,,,,,,,,,,,,,,,,,,,,,,,,,,,,,,,,,,,,,,,,,,,,,,,,
,,,,,,,,,,,WMMS3330RZ,WMMS3330RZ OTR Mocrowave SS - Display Only,-- Unbranded --,-- No Unilog Brand --,-- No DIB Brand --,Appliance Dealers Cooperative (APPDE),Appliance Dealers Cooperative,,,WMMS3330RZ,,Industrial Supplies>General,WMMS3330RZ OTR Mocrowave SS - Display Only,,WMMS3330RZ OTR Mocrowave SS - Display Only,,WMMS3330RZ OTR Mocrowave SS - Display Only,,,,,,,,,,,,,,,,,,,,,,,,,,,OTR Mocrowave SS - Display Only,,,,,,,,,,,,,,,,,,,,,,,,,,,,,,,,,,,,,,,,,,,,,,,,,,,,,,,,,,,,,,,,,,,,,,,,,,,,,,,,,,,,,,,,,,,,,,,,,,,,,,,,,,,,,,,,,,,,,,,,,,,,,,,,,,,,,,,,,,,,,,,,,,,,,,,,,,,,,,,,,,,,,,,,,,,,,,,,,,,,,,,,,,,,,,,,,,,,,
,,,,,,,,,,,KMMF530PBE,KMMF530PBE OTR Microwave BO Display Only,-- Unbranded --,-- No Unilog Brand --,-- No DIB Brand --,Appliance Dealers Cooperative (APPDE),Appliance Dealers Cooperative,,,KMMF530PBE,,Industrial Supplies>General,KMMF530PBE OTR Microwave BO Display Only,,KMMF530PBE OTR Microwave BO Display Only,,KMMF530PBE OTR Microwave BO Display Only,,,,,,,,,,,,,,,,,,,,,,,,,,,OTR Microwave BO Display Only,,,,,,,,,,,,,,,,,,,,,,,,,,,,,,,,,,,,,,,,,,,,,,,,,,,,,,,,,,,,,,,,,,,,,,,,,,,,,,,,,,,,,,,,,,,,,,,,,,,,,,,,,,,,,,,,,,,,,,,,,,,,,,,,,,,,,,,,,,,,,,,,,,,,,,,,,,,,,,,,,,,,,,,,,,,,,,,,,,,,,,,,,,,,,,,,,,,,,
,,,,,,,,,,,JXGRILL1,JXGRILL1 GE Range Grill,-- Unbranded --,-- No Unilog Brand --,-- No DIB Brand --,Appliance Dealers Cooperative (APPDE),Appliance Dealers Cooperative,,,JXGRILL1,,Appliances & Consumer Electronics>Kitchen Appliances,JXGRILL1 GE Range Grill,,JXGRILL1 GE Range Grill,,JXGRILL1 GE Range Grill,,,,,,,,,,,,,,,,,,,,,,,,,,,GE Range Grill,,,,,,,,,,,,,,,,,,,,,,,,,,,,,,,,,,,,,,,,,,,,,,,,,,,,,,,,,,,,,,,,,,,,,,,,,,,,,,,,,,,,,,,,,,,,,,,,,,,,,,,,,,,,,,,,,,,,,,,,,,,,,,,,,,,,,,,,,,,,,,,,,,,,,,,,,,,,,,,,,,,,,,,,,,,,,,,,,,,,,,,,,,,,,,,,,,,,,
,,,,,,,,,,,C9TMA2S3PD3,C9TMA2S3PD3 Café Toaster MB,-- Unbranded --,-- No Unilog Brand --,-- No DIB Brand --,Appliance Dealers Cooperative (APPDE),Appliance Dealers Cooperative,,,C9TMA2S3PD3,,Industrial Supplies>General,C9TMA2S3PD3 Café Toaster MB,,C9TMA2S3PD3 Café Toaster MB,,C9TMA2S3PD3 Café Toaster MB,,,,,,,,,,,,,,,,,,,,,,,,,,,Café Toaster MB,,,,,,,,,,,,,,,,,,,,,,,,,,,,,,,,,,,,,,,,,,,,,,,,,,,,,,,,,,,,,,,,,,,,,,,,,,,,,,,,,,,,,,,,,,,,,,,,,,,,,,,,,,,,,,,,,,,,,,,,,,,,,,,,,,,,,,,,,,,,,,,,,,,,,,,,,,,,,,,,,,,,,,,,,,,,,,,,,,,,,,,,,,,,,,,,,,,,,
,,,,,,,,,,,C9TMA2S4PW3,C9TMA2S4PW3 Café Toaster MW,-- Unbranded --,-- No Unilog Brand --,-- No DIB Brand --,Appliance Dealers Cooperative (APPDE),Appliance Dealers Cooperative,,,C9TMA2S4PW3,,Industrial Supplies>General,C9TMA2S4PW3 Café Toaster MW,,C9TMA2S4PW3 Café Toaster MW,,C9TMA2S4PW3 Café Toaster MW,,,,,,,,,,,,,,,,,,,,,,,,,,,Café Toaster MW,,,,,,,,,,,,,,,,,,,,,,,,,,,,,,,,,,,,,,,,,,,,,,,,,,,,,,,,,,,,,,,,,,,,,,,,,,,,,,,,,,,,,,,,,,,,,,,,,,,,,,,,,,,,,,,,,,,,,,,,,,,,,,,,,,,,,,,,,,,,,,,,,,,,,,,,,,,,,,,,,,,,,,,,,,,,,,,,,,,,,,,,,,,,,,,,,,,,,
,,,,,,,,,,,C90AAAS2RS3,C90AAAS2RS3 Cafe Toast Oven SS,-- Unbranded --,-- No Unilog Brand --,-- No DIB Brand --,Appliance Dealers Cooperative (APPDE),Appliance Dealers Cooperative,,,C90AAAS2RS3,,Appliances & Consumer Electronics>Kitchen Appliances,C90AAAS2RS3 Cafe Toast Oven SS,,C90AAAS2RS3 Cafe Toast Oven SS,,C90AAAS2RS3 Cafe Toast Oven SS,,,,,,,,,,,,,,,,,,,,,,,,,,,Cafe Toast Oven SS,,,,,,,,,,,,,,,,,,,,,,,,,,,,,,,,,,,,,,,,,,,,,,,,,,,,,,,,,,,,,,,,,,,,,,,,,,,,,,,,,,,,,,,,,,,,,,,,,,,,,,,,,,,,,,,,,,,,,,,,,,,,,,,,,,,,,,,,,,,,,,,,,,,,,,,,,,,,,,,,,,,,,,,,,,,,,,,,,,,,,,,,,,,,,,,,,,,,,
,,,,,,,,,,,C9TMA2SP2PS3,C9TMA2S2PS3 Cafe Toaster SS,-- Unbranded --,-- No Unilog Brand --,-- No DIB Brand --,Appliance Dealers Cooperative (APPDE),Appliance Dealers Cooperative,,,C9TMA2SP2PS3,,Industrial Supplies>General,C9TMA2S2PS3 Cafe Toaster SS,,C9TMA2S2PS3 Cafe Toaster SS,,C9TMA2S2PS3 Cafe Toaster SS,,,,,,,,,,,,,,,,,,,,,,,,,,,Cafe Toaster SS,,,,,,,,,,,,,,,,,,,,,,,,,,,,,,,,,,,,,,,,,,,,,,,,,,,,,,,,,,,,,,,,,,,,,,,,,,,,,,,,,,,,,,,,,,,,,,,,,,,,,,,,,,,,,,,,,,,,,,,,,,,,,,,,,,,,,,,,,,,,,,,,,,,,,,,,,,,,,,,,,,,,,,,,,,,,,,,,,,,,,,,,,,,,,,,,,,,,,
,,,,,,,,,,,GDE21EMKES,GDE21EMKES GE 21CF Fridge SL Display Only,-- Unbranded --,-- No Unilog Brand --,-- No DIB Brand --,Appliance Dealers Cooperative (APPDE),Appliance Dealers Cooperative,,,GDE21EMKES,,Industrial Supplies>General,GDE21EMKES GE 21CF Fridge SL Display Only,,GDE21EMKES GE 21CF Fridge SL Display Only,,GDE21EMKES GE 21CF Fridge SL Display Only,,,,,,,,,,,,,,,,,,,,,,,,,,,GE 21CF Fridge SL Display Only,,,,,,,,,,,,,,,,,,,,,,,,,,,,,,,,,,,,,,,,,,,,,,,,,,,,,,,,,,,,,,,,,,,,,,,,,,,,,,,,,,,,,,,,,,,,,,,,,,,,,,,,,,,,,,,,,,,,,,,,,,,,,,,,,,,,,,,,,,,,,,,,,,,,,,,,,,,,,,,,,,,,,,,,,,,,,,,,,,,,,,,,,,,,,,,,,,,,,
,,,,,,,,,,,FCM16SLWW,FCM16SLWW 16CF GE Freezer Chest MH,-- Unbranded --,-- No Unilog Brand --,-- No DIB Brand --,Appliance Dealers Cooperative (APPDE),Appliance Dealers Cooperative,,,FCM16SLWW,,Industrial Supplies>General,FCM16SLWW 16CF GE Freezer Chest MH,,FCM16SLWW 16CF GE Freezer Chest MH,,FCM16SLWW 16CF GE Freezer Chest MH,,,,,,,,,,,,,,,,,,,,,,,,,,,16CF GE Freezer Chest MH,,,,,,,,,,,,,,,,,,,,,,,,,,,,,,,,,,,,,,,,,,,,,,,,,,,,,,,,,,,,,,,,,,,,,,,,,,,,,,,,,,,,,,,,,,,,,,,,,,,,,,,,,,,,,,,,,,,,,,,,,,,,,,,,,,,,,,,,,,,,,,,,,,,,,,,,,,,,,,,,,,,,,,,,,,,,,,,,,,,,,,,,,,,,,,,,,,,,,
,,,,,,,,,,,GNE27JYMFS,GNE27JYMFS GE Fridge SS,-- Unbranded --,-- No Unilog Brand --,-- No DIB Brand --,Appliance Dealers Cooperative (APPDE),Appliance Dealers Cooperative,,,GNE27JYMFS,,Industrial Supplies>General,GNE27JYMFS GE Fridge SS,,GNE27JYMFS GE Fridge SS,,GNE27JYMFS GE Fridge SS,,,,,,,,,,,,,,,,,,,,,,,,,,,GE Fridge SS,,,,,,,,,,,,,,,,,,,,,,,,,,,,,,,,,,,,,,,,,,,,,,,,,,,,,,,,,,,,,,,,,,,,,,,,,,,,,,,,,,,,,,,,,,,,,,,,,,,,,,,,,,,,,,,,,,,,,,,,,,,,,,,,,,,,,,,,,,,,,,,,,,,,,,,,,,,,,,,,,,,,,,,,,,,,,,,,,,,,,,,,,,,,,,,,,,,,,
,,,,,,,,,,,CVE28DP3ND1,CVE28DP3ND1 Cafe Fridge Bk,-- Unbranded --,-- No Unilog Brand --,-- No DIB Brand --,Appliance Dealers Cooperative (APPDE),Appliance Dealers Cooperative,,,CVE28DP3ND1,,Industrial Supplies>General,CVE28DP3ND1 Cafe Fridge Bk,,CVE28DP3ND1 Cafe Fridge Bk,,CVE28DP3ND1 Cafe Fridge Bk,,,,,,,,,,,,,,,,,,,,,,,,,,,Cafe Fridge Bk,,,,,,,,,,,,,,,,,,,,,,,,,,,,,,,,,,,,,,,,,,,,,,,,,,,,,,,,,,,,,,,,,,,,,,,,,,,,,,,,,,,,,,,,,,,,,,,,,,,,,,,,,,,,,,,,,,,,,,,,,,,,,,,,,,,,,,,,,,,,,,,,,,,,,,,,,,,,,,,,,,,,,,,,,,,,,,,,,,,,,,,,,,,,,,,,,,,,,
,,,,,,,,,,,GNE25JMKES,GNE25JMKES GE Fridge Slate - Display,-- Unbranded --,-- No Unilog Brand --,-- No DIB Brand --,Appliance Dealers Cooperative (APPDE),Appliance Dealers Cooperative,,,GNE25JMKES,,Industrial Supplies>General,GNE25JMKES GE Fridge Slate - Display,,GNE25JMKES GE Fridge Slate - Display,,GNE25JMKES GE Fridge Slate - Display,,,,,,,,,,,,,,,,,,,,,,,,,,,GE Fridge Slate - Display,,,,,,,,,,,,,,,,,,,,,,,,,,,,,,,,,,,,,,,,,,,,,,,,,,,,,,,,,,,,,,,,,,,,,,,,,,,,,,,,,,,,,,,,,,,,,,,,,,,,,,,,,,,,,,,,,,,,,,,,,,,,,,,,,,,,,,,,,,,,,,,,,,,,,,,,,,,,,,,,,,,,,,,,,,,,,,,,,,,,,,,,,,,,,,,,,,,,,
,,,,,,,,,,,PRFS2883AF,"PRFS2883AF 36"" Fridge SS - Display Only",-- Unbranded --,-- No Unilog Brand --,-- No DIB Brand --,Appliance Dealers Cooperative (APPDE),Appliance Dealers Cooperative,,,PRFS2883AF,,Industrial Supplies>General,"PRFS2883AF 36"" Fridge SS - Display Only",,"PRFS2883AF 36"" Fridge SS - Display Only",,"PRFS2883AF 36"" Fridge SS - Display Only",,,,,,,,,,,,,,,,,,,,,,,,,,,"36"" Fridge SS - Display Only",,,,,,,,,,,,,,,,,,,,,,,,,,,,,,,,,,,,,,,,,,,,,,,,,,,,,,,,,,,,,,,,,,,,,,,,,,,,,,,,,,,,,,,,,,,,,,,,,,,,,,,,,,,,,,,,,,,,,,,,,,,,,,,,,,,,,,,,,,,,,,,,,,,,,,,,,,,,,,,,,,,,,,,,,,,,,,,,,,,,,,,,,,,,,,,,,,,,,
,,,,,,,,,,,PAD28BYTFS,PAD28BYTFS GE Fridge SS,-- Unbranded --,-- No Unilog Brand --,-- No DIB Brand --,Appliance Dealers Cooperative (APPDE),Appliance Dealers Cooperative,,,PAD28BYTFS,,Industrial Supplies>General,PAD28BYTFS GE Fridge SS,,PAD28BYTFS GE Fridge SS,,PAD28BYTFS GE Fridge SS,,,,,,,,,,,,,,,,,,,,,,,,,,,GE Fridge SS,,,,,,,,,,,,,,,,,,,,,,,,,,,,,,,,,,,,,,,,,,,,,,,,,,,,,,,,,,,,,,,,,,,,,,,,,,,,,,,,,,,,,,,,,,,,,,,,,,,,,,,,,,,,,,,,,,,,,,,,,,,,,,,,,,,,,,,,,,,,,,,,,,,,,,,,,,,,,,,,,,,,,,,,,,,,,,,,,,,,,,,,,,,,,,,,,,,,,
,,,,,,,,,,,PGE29BYTFS,PGE29BYTFS GE Fridge SS,-- Unbranded --,-- No Unilog Brand --,-- No DIB Brand --,Appliance Dealers Cooperative (APPDE),Appliance Dealers Cooperative,,,PGE29BYTFS,,Industrial Supplies>General,PGE29BYTFS GE Fridge SS,,PGE29BYTFS GE Fridge SS,,PGE29BYTFS GE Fridge SS,,,,,,,,,,,,,,,,,,,,,,,,,,,GE Fridge SS,,,,,,,,,,,,,,,,,,,,,,,,,,,,,,,,,,,,,,,,,,,,,,,,,,,,,,,,,,,,,,,,,,,,,,,,,,,,,,,,,,,,,,,,,,,,,,,,,,,,,,,,,,,,,,,,,,,,,,,,,,,,,,,,,,,,,,,,,,,,,,,,,,,,,,,,,,,,,,,,,,,,,,,,,,,,,,,,,,,,,,,,,,,,,,,,,,,,,
,,,,,,,,,,,ERFD19CGCS,ERFD19CGCS Element Fridge SS,-- Unbranded --,-- No Unilog Brand --,-- No DIB Brand --,Appliance Dealers Cooperative (APPDE),Appliance Dealers Cooperative,,,ERFD19CGCS,,Industrial Supplies>General,ERFD19CGCS Element Fridge SS,,ERFD19CGCS Element Fridge SS,,ERFD19CGCS Element Fridge SS,,,,,,,,,,,,,,,,,,,,,,,,,,,Element Fridge SS,,,,,,,,,,,,,,,,,,,,,,,,,,,,,,,,,,,,,,,,,,,,,,,,,,,,,,,,,,,,,,,,,,,,,,,,,,,,,,,,,,,,,,,,,,,,,,,,,,,,,,,,,,,,,,,,,,,,,,,,,,,,,,,,,,,,,,,,,,,,,,,,,,,,,,,,,,,,,,,,,,,,,,,,,,,,,,,,,,,,,,,,,,,,,,,,,,,,,
,,,,,,,,,,,LT18S2100W,LT18S2100W LG Fridge Wh,-- Unbranded --,-- No Unilog Brand --,-- No DIB Brand --,Appliance Dealers Cooperative (APPDE),Appliance Dealers Cooperative,,,LT18S2100W,,Industrial Supplies>General,LT18S2100W LG Fridge Wh,,LT18S2100W LG Fridge Wh,,LT18S2100W LG Fridge Wh,,,,,,,,,,,,,,,,,,,,,,,,,,,LG Fridge Wh,,,,,,,,,,,,,,,,,,,,,,,,,,,,,,,,,,,,,,,,,,,,,,,,,,,,,,,,,,,,,,,,,,,,,,,,,,,,,,,,,,,,,,,,,,,,,,,,,,,,,,,,,,,,,,,,,,,,,,,,,,,,,,,,,,,,,,,,,,,,,,,,,,,,,,,,,,,,,,,,,,,,,,,,,,,,,,,,,,,,,,,,,,,,,,,,,,,,,
,,,,,,,,,,,LT18S2100SS,LT18S2100S 18CF LG Fridge SS,-- Unbranded --,-- No Unilog Brand --,-- No DIB Brand --,Appliance Dealers Cooperative (APPDE),Appliance Dealers Cooperative,,,LT18S2100SS,,Industrial Supplies>General,LT18S2100S 18CF LG Fridge SS,,LT18S2100S 18CF LG Fridge SS,,LT18S2100S 18CF LG Fridge SS,,,,,,,,,,,,,,,,,,,,,,,,,,,18CF LG Fridge SS,,,,,,,,,,,,,,,,,,,,,,,,,,,,,,,,,,,,,,,,,,,,,,,,,,,,,,,,,,,,,,,,,,,,,,,,,,,,,,,,,,,,,,,,,,,,,,,,,,,,,,,,,,,,,,,,,,,,,,,,,,,,,,,,,,,,,,,,,,,,,,,,,,,,,,,,,,,,,,,,,,,,,,,,,,,,,,,,,,,,,,,,,,,,,,,,,,,,,
,,,,,,,,,,,EUF17CDBW,EUF17CDBW Element 17CF Freezer - Upright,-- Unbranded --,-- No Unilog Brand --,-- No DIB Brand --,Appliance Dealers Cooperative (APPDE),Appliance Dealers Cooperative,,,EUF17CDBW,,Industrial Supplies>General,EUF17CDBW Element 17CF Freezer - Upright,,EUF17CDBW Element 17CF Freezer - Upright,,EUF17CDBW Element 17CF Freezer - Upright,,,,,,,,,,,,,,,,,,,,,,,,,,,Element 17CF Freezer - Upright,,,,,,,,,,,,,,,,,,,,,,,,,,,,,,,,,,,,,,,,,,,,,,,,,,,,,,,,,,,,,,,,,,,,,,,,,,,,,,,,,,,,,,,,,,,,,,,,,,,,,,,,,,,,,,,,,,,,,,,,,,,,,,,,,,,,,,,,,,,,,,,,,,,,,,,,,,,,,,,,,,,,,,,,,,,,,,,,,,,,,,,,,,,,,,,,,,,,,
,,,,,,,,,,,EUF21CDBW,EUF21CDBW Element 21CF Freezer - Upright,-- Unbranded --,-- No Unilog Brand --,-- No DIB Brand --,Appliance Dealers Cooperative (APPDE),Appliance Dealers Cooperative,,,EUF21CDBW,,Industrial Supplies>General,EUF21CDBW Element 21CF Freezer - Upright,,EUF21CDBW Element 21CF Freezer - Upright,,EUF21CDBW Element 21CF Freezer - Upright,,,,,,,,,,,,,,,,,,,,,,,,,,,Element 21CF Freezer - Upright,,,,,,,,,,,,,,,,,,,,,,,,,,,,,,,,,,,,,,,,,,,,,,,,,,,,,,,,,,,,,,,,,,,,,,,,,,,,,,,,,,,,,,,,,,,,,,,,,,,,,,,,,,,,,,,,,,,,,,,,,,,,,,,,,,,,,,,,,,,,,,,,,,,,,,,,,,,,,,,,,,,,,,,,,,,,,,,,,,,,,,,,,,,,,,,,,,,,,
,,,,,,,,,,,TP-1935,TP-1935 Hole Drilling System,-- Unbranded --,-- No Unilog Brand --,-- No DIB Brand --,-,,,,TP-1935,,Industrial Supplies>General,TP-1935 Hole Drilling System,,TP-1935 Hole Drilling System,,TP-1935 Hole Drilling System,,,,,,,,,,,,,,,,,,,,,,,,,,,Hole Drilling System,,,,,,,,,,,,,,,,,,,,,,,,,,,,,,,,,,,,,,,,,,,,,,,,,,,,,,,,,,,,,,,,,,,,,,,,,,,,,,,,,,,,,,,,,,,,,,,,,,,,,,,,,,,,,,,,,,,,,,,,,,,,,,,,,,,,,,,,,,,,,,,,,,,,,,,,,,,,,,,,,,,,,,,,,,,,,,,,,,,,,,,,,,,,,,,,,,,,,
,,,,,,,,,,,K527APBXR,"K527APBXR Senco .131x3"" SM BB - 500CT",-- Unbranded --,-- No Unilog Brand --,-- No DIB Brand --,Senco Products Inc (4650),Senco Products Inc,,,K527APBXR,,Industrial Supplies>General,"K527APBXR Senco .131x3"" SM BB - 500CT",,"K527APBXR Senco .131x3"" SM BB - 500CT",,"K527APBXR Senco .131x3"" SM BB - 500CT",,,,,,,,,,,,,,,,,,,,,,,,,,,"Senco .131x3"" SM BB - 500CT",,,,,,,,,,,,,,,,,,,,,,,,,,,,,,,,,,,,,,,,,,,,,,,,,,,,,,,,,,,,,,,,,,,,,,,,,,,,,,,,,,,,,,,,,,,,,,,,,,,,,,,,,,,,,,,,,,,,,,,,,,,,,,,,,,,,,,,,,,,,,,,,,,,,,,,,,,,,,,,,,,,,,,,,,,,,,,,,,,,,,,,,,,,,,,,,,,,,,
,,,,,,,,,,,603150,"603150 2-1/2"" Finish Nail 15GA - 4M",-- Unbranded --,-- No Unilog Brand --,-- No DIB Brand --,National Nail Corp (7439),National Nail Corp,,,603150,,Industrial Supplies>General,"603150 2-1/2"" Finish Nail 15GA - 4M",,"603150 2-1/2"" Finish Nail 15GA - 4M",,"603150 2-1/2"" Finish Nail 15GA - 4M",,,,,,,,,,,,,,,,,,,,,,,,,,,"2-1/2"" Finish Nail 15GA - 4M",Thread Size,2-1,,,,,,,,,,,,,,,,,,,,,,,,,,,,,,,,,,,,,,,,,,,,,,,,,,,,,,,,,,,,,,,,,,,,,,,,,,,,,,,,,,,,,,,,,,,,,,,,,,,,,,,,,,,,,,,,,,,,,,,,,,,,,,,,,,,,,,,,,,,,,,,,,,,,,,,,,,,,,,,,,,,,,,,,,,,,,,,,,,,,,,,,,,,,,,,,,,,
,,,,,,,,,,,d10cnk,"D10CNK Prebena 1/2""x3/8"" - Staple",-- Unbranded --,-- No Unilog Brand --,-- No DIB Brand --,Prebena (PREBE),Prebena,,,d10cnk,,Industrial Supplies>General,"D10CNK Prebena 1/2""x3/8"" - Staple",,"D10CNK Prebena 1/2""x3/8"" - Staple",,"D10CNK Prebena 1/2""x3/8"" - Staple",,,,,,,,,,,,,,,,,,,,,,,,,,,"Prebena 1/2""x3/8"" - Staple",,,,,,,,,,,,,,,,,,,,,,,,,,,,,,,,,,,,,,,,,,,,,,,,,,,,,,,,,,,,,,,,,,,,,,,,,,,,,,,,,,,,,,,,,,,,,,,,,,,,,,,,,,,,,,,,,,,,,,,,,,,,,,,,,,,,,,,,,,,,,,,,,,,,,,,,,,,,,,,,,,,,,,,,,,,,,,,,,,,,,,,,,,,,,,,,,,,,,
,,,,,,,,,,,e28cnkha,"E28CNKHA Prebena 2/4""x1 1/8"" - Staple",-- Unbranded --,-- No Unilog Brand --,-- No DIB Brand --,Prebena (PREBE),Prebena,,,e28cnkha,,Industrial Supplies>General,"E28CNKHA Prebena 2/4""x1 1/8"" - Staple",,"E28CNKHA Prebena 2/4""x1 1/8"" - Staple",,"E28CNKHA Prebena 2/4""x1 1/8"" - Staple",,,,,,,,,,,,,,,,,,,,,,,,,,,"Prebena 2/4""x1 1/8"" - Staple",,,,,,,,,,,,,,,,,,,,,,,,,,,,,,,,,,,,,,,,,,,,,,,,,,,,,,,,,,,,,,,,,,,,,,,,,,,,,,,,,,,,,,,,,,,,,,,,,,,,,,,,,,,,,,,,,,,,,,,,,,,,,,,,,,,,,,,,,,,,,,,,,,,,,,,,,,,,,,,,,,,,,,,,,,,,,,,,,,,,,,,,,,,,,,,,,,,,,
,,,,,,,,,,,51334,"51334 44"" Wh Gilmour Fan",-- Unbranded --,-- No Unilog Brand --,-- No DIB Brand --,Hunter Fan Co (4381),Hunter Fan Co,,,51334,,Industrial Supplies>General,"51334 44"" Wh Gilmour Fan",,"51334 44"" Wh Gilmour Fan",,"51334 44"" Wh Gilmour Fan",,,,,,,,,,,,,,,,,,,,,,,,,,,"44"" Wh Gilmour Fan",,,,,,,,,,,,,,,,,,,,,,,,,,,,,,,,,,,,,,,,,,,,,,,,,,,,,,,,,,,,,,,,,,,,,,,,,,,,,,,,,,,,,,,,,,,,,,,,,,,,,,,,,,,,,,,,,,,,,,,,,,,,,,,,,,,,,,,,,,,,,,,,,,,,,,,,,,,,,,,,,,,,,,,,,,,,,,,,,,,,,,,,,,,,,,,,,,,,,
,,,,,,,,,,,59210,"59210 52"" BZ Sent Hunter Fan",-- Unbranded --,-- No Unilog Brand --,Hunter,Hunter Fan Co (4381),Hunter Fan Co,Hunter,,59210,,Industrial Supplies>General,"59210 52"" BZ Sent Hunter Fan",,"59210 52"" BZ Sent Hunter Fan",,"59210 52"" BZ Sent Hunter Fan",,,,,,,,,,,,,,,,,,,,,,,,,,,"52"" BZ Sent Hunter Fan",,,,,,,,,,,,,,,,,,,,,,,,,,,,,,,,,,,,,,,,,,,,,,,,,,,,,,,,,,,,,,,,,,,,,,,,,,,,,,,,,,,,,,,,,,,,,,,,,,,,,,,,,,,,,,,,,,,,,,,,,,,,,,,,,,,,,,,,,,,,,,,,,,,,,,,,,,,,,,,,,,,,,,,,,,,,,,,,,,,,,,,,,,,,,,,,,,,,,
,,,,,,,,,,,52485,"52485 52"" MB Anisten Fan",-- Unbranded --,-- No Unilog Brand --,-- No DIB Brand --,Hunter Fan Co (4381),Hunter Fan Co,,,52485,,Industrial Supplies>General,"52485 52"" MB Anisten Fan",,"52485 52"" MB Anisten Fan",,"52485 52"" MB Anisten Fan",,,,,,,,,,,,,,,,,,,,,,,,,,,"52"" MB Anisten Fan",,,,,,,,,,,,,,,,,,,,,,,,,,,,,,,,,,,,,,,,,,,,,,,,,,,,,,,,,,,,,,,,,,,,,,,,,,,,,,,,,,,,,,,,,,,,,,,,,,,,,,,,,,,,,,,,,,,,,,,,,,,,,,,,,,,,,,,,,,,,,,,,,,,,,,,,,,,,,,,,,,,,,,,,,,,,,,,,,,,,,,,,,,,,,,,,,,,,,
,,,,,,,,,,,52486,"52486 44"" MB Anisten Fan",-- Unbranded --,-- No Unilog Brand --,-- No DIB Brand --,Hunter Fan Co (4381),Hunter Fan Co,,,52486,,Industrial Supplies>General,"52486 44"" MB Anisten Fan",,"52486 44"" MB Anisten Fan",,"52486 44"" MB Anisten Fan",,,,,,,,,,,,,,,,,,,,,,,,,,,"44"" MB Anisten Fan",,,,,,,,,,,,,,,,,,,,,,,,,,,,,,,,,,,,,,,,,,,,,,,,,,,,,,,,,,,,,,,,,,,,,,,,,,,,,,,,,,,,,,,,,,,,,,,,,,,,,,,,,,,,,,,,,,,,,,,,,,,,,,,,,,,,,,,,,,,,,,,,,,,,,,,,,,,,,,,,,,,,,,,,,,,,,,,,,,,,,,,,,,,,,,,,,,,,,
,,,,,,,,,,,52487,"52487 52"" WH Anisten Fan",-- Unbranded --,-- No Unilog Brand --,-- No DIB Brand --,Hunter Fan Co (4381),Hunter Fan Co,,,52487,,Industrial Supplies>General,"52487 52"" WH Anisten Fan",,"52487 52"" WH Anisten Fan",,"52487 52"" WH Anisten Fan",,,,,,,,,,,,,,,,,,,,,,,,,,,"52"" WH Anisten Fan",,,,,,,,,,,,,,,,,,,,,,,,,,,,,,,,,,,,,,,,,,,,,,,,,,,,,,,,,,,,,,,,,,,,,,,,,,,,,,,,,,,,,,,,,,,,,,,,,,,,,,,,,,,,,,,,,,,,,,,,,,,,,,,,,,,,,,,,,,,,,,,,,,,,,,,,,,,,,,,,,,,,,,,,,,,,,,,,,,,,,,,,,,,,,,,,,,,,,
,,,,,,,,,,,52488,"52488 44"" WH Anisten Fan",-- Unbranded --,-- No Unilog Brand --,-- No DIB Brand --,Hunter Fan Co (4381),Hunter Fan Co,,,52488,,Industrial Supplies>General,"52488 44"" WH Anisten Fan",,"52488 44"" WH Anisten Fan",,"52488 44"" WH Anisten Fan",,,,,,,,,,,,,,,,,,,,,,,,,,,"44"" WH Anisten Fan",,,,,,,,,,,,,,,,,,,,,,,,,,,,,,,,,,,,,,,,,,,,,,,,,,,,,,,,,,,,,,,,,,,,,,,,,,,,,,,,,,,,,,,,,,,,,,,,,,,,,,,,,,,,,,,,,,,,,,,,,,,,,,,,,,,,,,,,,,,,,,,,,,,,,,,,,,,,,,,,,,,,,,,,,,,,,,,,,,,,,,,,,,,,,,,,,,,,,
,,,,,,,,,,,52655,"52655 52"" MB Xidane Hunter Fan",-- Unbranded --,-- No Unilog Brand --,-- No DIB Brand --,Hunter Fan Co (4381),Hunter Fan Co,,,52655,,Industrial Supplies>General,"52655 52"" MB Xidane Hunter Fan",,"52655 52"" MB Xidane Hunter Fan",,"52655 52"" MB Xidane Hunter Fan",,,,,,,,,,,,,,,,,,,,,,,,,,,"52"" MB Xidane Hunter Fan",,,,,,,,,,,,,,,,,,,,,,,,,,,,,,,,,,,,,,,,,,,,,,,,,,,,,,,,,,,,,,,,,,,,,,,,,,,,,,,,,,,,,,,,,,,,,,,,,,,,,,,,,,,,,,,,,,,,,,,,,,,,,,,,,,,,,,,,,,,,,,,,,,,,,,,,,,,,,,,,,,,,,,,,,,,,,,,,,,,,,,,,,,,,,,,,,,,,,
,,,,,,,,,,,59261,"59261 52"" PB Cassius Fan",-- Unbranded --,-- No Unilog Brand --,-- No DIB Brand --,Hunter Fan Co (4381),Hunter Fan Co,,,59261,,Industrial Supplies>General,"59261 52"" PB Cassius Fan",,"59261 52"" PB Cassius Fan",,"59261 52"" PB Cassius Fan",,,,,,,,,,,,,,,,,,,,,,,,,,,"52"" PB Cassius Fan",,,,,,,,,,,,,,,,,,,,,,,,,,,,,,,,,,,,,,,,,,,,,,,,,,,,,,,,,,,,,,,,,,,,,,,,,,,,,,,,,,,,,,,,,,,,,,,,,,,,,,,,,,,,,,,,,,,,,,,,,,,,,,,,,,,,,,,,,,,,,,,,,,,,,,,,,,,,,,,,,,,,,,,,,,,,,,,,,,,,,,,,,,,,,,,,,,,,,
,,,,,,,,,,,51731,"51731 52"" MB Jetty Hunter Fan",-- Unbranded --,-- No Unilog Brand --,-- No DIB Brand --,Hunter Fan Co (4381),Hunter Fan Co,,,51731,,Industrial Supplies>General,"51731 52"" MB Jetty Hunter Fan",,"51731 52"" MB Jetty Hunter Fan",,"51731 52"" MB Jetty Hunter Fan",,,,,,,,,,,,,,,,,,,,,,,,,,,"52"" MB Jetty Hunter Fan",,,,,,,,,,,,,,,,,,,,,,,,,,,,,,,,,,,,,,,,,,,,,,,,,,,,,,,,,,,,,,,,,,,,,,,,,,,,,,,,,,,,,,,,,,,,,,,,,,,,,,,,,,,,,,,,,,,,,,,,,,,,,,,,,,,,,,,,,,,,,,,,,,,,,,,,,,,,,,,,,,,,,,,,,,,,,,,,,,,,,,,,,,,,,,,,,,,,,
,,,,,,,,,,,XLC10ZW,XLC10ZW Makita 18V Cordless Vacuum (Bare),-- Unbranded --,-- No Unilog Brand --,-- No DIB Brand --,Makita Usa Inc (5142),Makita Usa Inc,Makita,,XLC10ZW,,Industrial Supplies>General,XLC10ZW Makita 18V Cordless Vacuum (Bare),,XLC10ZW Makita 18V Cordless Vacuum (Bare),,XLC10ZW Makita 18V Cordless Vacuum (Bare),,,,,,,,,,,,,,,,,,,,,,,,,,,Makita 18V Cordless Vacuum (Bare),,,,,,,,,,,,,,,,,,,,,,,,,,,,,,,,,,,,,,,,,,,,,,,,,,,,,,,,,,,,,,,,,,,,,,,,,,,,,,,,,,,,,,,,,,,,,,,,,,,,,,,,,,,,,,,,,,,,,,,,,,,,,,,,,,,,,,,,,,,,,,,,,,,,,,,,,,,,,,,,,,,,,,,,,,,,,,,,,,,,,,,,,,,,,,,,,,,,,
,,,,,,,,,,,HS-DA,HS-DA Motion Driveway Alert,-- Unbranded --,-- No Unilog Brand --,-- No DIB Brand --,Sabre (9195),Sabre,,,HS-DA,,Industrial Supplies>General,HS-DA Motion Driveway Alert,,HS-DA Motion Driveway Alert,,HS-DA Motion Driveway Alert,,,,,,,,,,,,,,,,,,,,,,,,,,,Motion Driveway Alert,,,,,,,,,,,,,,,,,,,,,,,,,,,,,,,,,,,,,,,,,,,,,,,,,,,,,,,,,,,,,,,,,,,,,,,,,,,,,,,,,,,,,,,,,,,,,,,,,,,,,,,,,,,,,,,,,,,,,,,,,,,,,,,,,,,,,,,,,,,,,,,,,,,,,,,,,,,,,,,,,,,,,,,,,,,,,,,,,,,,,,,,,,,,,,,,,,,,,
,,,,,,,,,,,73002252,Black Gate Gravity Latch RDI,-- Unbranded --,-- No Unilog Brand --,-- No DIB Brand --,-,,BLACK+DECKER,,73002252,,Industrial Supplies>General,Black Gate Gravity Latch RDI,,Black Gate Gravity Latch RDI,,Black Gate Gravity Latch RDI,,,,,,,,,,,,,,,,,,,,,,,,,,,Gate Gravity Latch RDI,,,,,,,,,,,,,,,,,,,,,,,,,,,,,,,,,,,,,,,,,,,,,,,,,,,,,,,,,,,,,,,,,,,,,,,,,,,,,,,,,,,,,,,,,,,,,,,,,,,,,,,,,,,,,,,,,,,,,,,,,,,,,,,,,,,,,,,,,,,,,,,,,,,,,,,,,,,,,,,,,,,,,,,,,,,,,,,,,,,,,,,,,,,,,,,,,,,,,
,,,,,,,,,,,48-22-8396R,48-22-8396R Milw 24oz Bottle - Insulated,-- Unbranded --,-- No Unilog Brand --,-- No DIB Brand --,Milwaukee Accessory (4031),Milwaukee Accessory,Milwaukee,,48-22-8396R,,Industrial Supplies>General,48-22-8396R Milw 24oz Bottle - Insulated,,48-22-8396R Milw 24oz Bottle - Insulated,,48-22-8396R Milw 24oz Bottle - Insulated,,,,,,,,,,,,,,,,,,,,,,,,,,,Milw 24oz Bottle - Insulated,Thread Size,48-22,,,,,,,,,,,,,,,,,,,,,,,,,,,,,,,,,,,,,,,,,,,,,,,,,,,,,,,,,,,,,,,,,,,,,,,,,,,,,,,,,,,,,,,,,,,,,,,,,,,,,,,,,,,,,,,,,,,,,,,,,,,,,,,,,,,,,,,,,,,,,,,,,,,,,,,,,,,,,,,,,,,,,,,,,,,,,,,,,,,,,,,,,,,,,,,,,,,
,,,,,,,,,,,48-22-8397R,48-22-8397R Milw 36oz Bottle - Insulated,-- Unbranded --,-- No Unilog Brand --,-- No DIB Brand --,Milwaukee Accessory (4031),Milwaukee Accessory,Milwaukee,,48-22-8397R,,Industrial Supplies>General,48-22-8397R Milw 36oz Bottle - Insulated,,48-22-8397R Milw 36oz Bottle - Insulated,,48-22-8397R Milw 36oz Bottle - Insulated,,,,,,,,,,,,,,,,,,,,,,,,,,,Milw 36oz Bottle - Insulated,Thread Size,48-22,,,,,,,,,,,,,,,,,,,,,,,,,,,,,,,,,,,,,,,,,,,,,,,,,,,,,,,,,,,,,,,,,,,,,,,,,,,,,,,,,,,,,,,,,,,,,,,,,,,,,,,,,,,,,,,,,,,,,,,,,,,,,,,,,,,,,,,,,,,,,,,,,,,,,,,,,,,,,,,,,,,,,,,,,,,,,,,,,,,,,,,,,,,,,,,,,,,
,,,,,,,,,,,DCGG581B,DCGG581B Dewalt 20V Grease Gun 2-Speed,-- Unbranded --,-- No Unilog Brand --,-- No DIB Brand --,Black & Decker/dewlt (2585),Black & Decker/dewlt,DEWALT,,DCGG581B,,Industrial Supplies>General,DCGG581B Dewalt 20V Grease Gun 2-Speed,,DCGG581B Dewalt 20V Grease Gun 2-Speed,,DCGG581B Dewalt 20V Grease Gun 2-Speed,,,,,,,,,,,,,,,,,,,,,,,,,,,Dewalt 20V Grease Gun 2-Speed,,,,,,,,,,,,,,,,,,,,,,,,,,,,,,,,,,,,,,,,,,,,,,,,,,,,,,,,,,,,,,,,,,,,,,,,,,,,,,,,,,,,,,,,,,,,,,,,,,,,,,,,,,,,,,,,,,,,,,,,,,,,,,,,,,,,,,,,,,,,,,,,,,,,,,,,,,,,,,,,,,,,,,,,,,,,,,,,,,,,,,,,,,,,,,,,,,,,,
,,,,,,,,,,,DCGG581GD1,DCGG581GD1 Dewalt 20V Grease Gun 2-Speed Kit,-- Unbranded --,-- No Unilog Brand --,-- No DIB Brand --,Black & Decker/dewlt (2585),Black & Decker/dewlt,DEWALT,,DCGG581GD1,,Industrial Supplies>General,DCGG581GD1 Dewalt 20V Grease Gun 2-Speed Kit,,DCGG581GD1 Dewalt 20V Grease Gun 2-Speed Kit,,DCGG581GD1 Dewalt 20V Grease Gun 2-Speed Kit,,,,,,,,,,,,,,,,,,,,,,,,,,,Dewalt 20V Grease Gun 2-Speed Kit,,,,,,,,,,,,,,,,,,,,,,,,,,,,,,,,,,,,,,,,,,,,,,,,,,,,,,,,,,,,,,,,,,,,,,,,,,,,,,,,,,,,,,,,,,,,,,,,,,,,,,,,,,,,,,,,,,,,,,,,,,,,,,,,,,,,,,,,,,,,,,,,,,,,,,,,,,,,,,,,,,,,,,,,,,,,,,,,,,,,,,,,,,,,,,,,,,,,,
,,,,,,,,,,,DWST41092,"DWST41092 Dewalt Tool Chest 41"" Bottom",-- Unbranded --,-- No Unilog Brand --,-- No DIB Brand --,Black & Decker/dewlt (2585),Black & Decker/dewlt,DEWALT,,DWST41092,,Industrial Supplies>General,"DWST41092 Dewalt Tool Chest 41"" Bottom",,"DWST41092 Dewalt Tool Chest 41"" Bottom",,"DWST41092 Dewalt Tool Chest 41"" Bottom",,,,,,,,,,,,,,,,,,,,,,,,,,,"Dewalt Tool Chest 41"" Bottom",,,,,,,,,,,,,,,,,,,,,,,,,,,,,,,,,,,,,,,,,,,,,,,,,,,,,,,,,,,,,,,,,,,,,,,,,,,,,,,,,,,,,,,,,,,,,,,,,,,,,,,,,,,,,,,,,,,,,,,,,,,,,,,,,,,,,,,,,,,,,,,,,,,,,,,,,,,,,,,,,,,,,,,,,,,,,,,,,,,,,,,,,,,,,,,,,,,,,
,,,,,,,,,,,156436WHT,156436 Wh 4x4x120 Post Wrap,DSI Westbury,-- No Unilog Brand --,-- No DIB Brand --,Palmer Donavin Mfg Company (PALDO),Palmer Donavin Mfg Company,DSI Westbury,,156436WHT,,Industrial Supplies>General,156436 Wh 4x4x120 Post Wrap,,156436 Wh 4x4x120 Post Wrap,,156436 Wh 4x4x120 Post Wrap,,,,,,,,,,,,,,,,,,,,,,,,,,,Wh 4x4x120 Post Wrap,,,,,,,,,,,,,,,,,,,,,,,,,,,,,,,,,,,,,,,,,,,,,,,,,,,,,,,,,,,,,,,,,,,,,,,,,,,,,,,,,,,,,,,,,,,,,,,,,,,,,,,,,,,,,,,,,,,,,,,,,,,,,,,,,,,,,,,,,,,,,,,,,,,,,,,,,,,,,,,,,,,,,,,,,,,,,,,,,,,,,,,,,,,,,,,,,,,,,
,,,,,,,,,,,173950TBK,"4""x8'-6"" DSI SQ Black Alum Post Wrap",-- Unbranded --,-- No Unilog Brand --,-- No DIB Brand --,Palmer Donavin Mfg Company (PALDO),Palmer Donavin Mfg Company,BLACK+DECKER,,173950TBK,,Industrial Supplies>General,"4""x8'-6"" DSI SQ Black Alum Post Wrap",,"4""x8'-6"" DSI SQ Black Alum Post Wrap",,"4""x8'-6"" DSI SQ Black Alum Post Wrap",,,,,,,,,,,,,,,,,,,,,,,,,,,"4""x8'-6"" DSI SQ Black Alum Post Wrap",,,,,,,,,,,,,,,,,,,,,,,,,,,,,,,,,,,,,,,,,,,,,,,,,,,,,,,,,,,,,,,,,,,,,,,,,,,,,,,,,,,,,,,,,,,,,,,,,,,,,,,,,,,,,,,,,,,,,,,,,,,,,,,,,,,,,,,,,,,,,,,,,,,,,,,,,,,,,,,,,,,,,,,,,,,,,,,,,,,,,,,,,,,,,,,,,,,,,
,,,,,,,,,,,173951TBK,"6""x8'-6"" DSI SQ Black Alum Post Wrap",-- Unbranded --,-- No Unilog Brand --,-- No DIB Brand --,Palmer Donavin Mfg Company (PALDO),Palmer Donavin Mfg Company,BLACK+DECKER,,173951TBK,,Industrial Supplies>General,"6""x8'-6"" DSI SQ Black Alum Post Wrap",,"6""x8'-6"" DSI SQ Black Alum Post Wrap",,"6""x8'-6"" DSI SQ Black Alum Post Wrap",,,,,,,,,,,,,,,,,,,,,,,,,,,"6""x8'-6"" DSI SQ Black Alum Post Wrap",,,,,,,,,,,,,,,,,,,,,,,,,,,,,,,,,,,,,,,,,,,,,,,,,,,,,,,,,,,,,,,,,,,,,,,,,,,,,,,,,,,,,,,,,,,,,,,,,,,,,,,,,,,,,,,,,,,,,,,,,,,,,,,,,,,,,,,,,,,,,,,,,,,,,,,,,,,,,,,,,,,,,,,,,,,,,,,,,,,,,,,,,,,,,,,,,,,,,
,,,,,,,,,,,173952TBK,"6""x10' DSI SQ Black Alum Post Wrap",-- Unbranded --,-- No Unilog Brand --,-- No DIB Brand --,Palmer Donavin Mfg Company (PALDO),Palmer Donavin Mfg Company,BLACK+DECKER,,173952TBK,,Industrial Supplies>General,"6""x10' DSI SQ Black Alum Post Wrap",,"6""x10' DSI SQ Black Alum Post Wrap",,"6""x10' DSI SQ Black Alum Post Wrap",,,,,,,,,,,,,,,,,,,,,,,,,,,"6""x10' DSI SQ Black Alum Post Wrap",,,,,,,,,,,,,,,,,,,,,,,,,,,,,,,,,,,,,,,,,,,,,,,,,,,,,,,,,,,,,,,,,,,,,,,,,,,,,,,,,,,,,,,,,,,,,,,,,,,,,,,,,,,,,,,,,,,,,,,,,,,,,,,,,,,,,,,,,,,,,,,,,,,,,,,,,,,,,,,,,,,,,,,,,,,,,,,,,,,,,,,,,,,,,,,,,,,,,
,,,,,,,,,,,1624157,TW52 WH INSIDE CAS VIN WRAPPED,ANDERSEN,-- No Unilog Brand --,-- No DIB Brand --,-,,ANDERSEN,,1624157,,Industrial Supplies>General,TW52 WH INSIDE CAS VIN WRAPPED,,TW52 WH INSIDE CAS VIN WRAPPED,,TW52 WH INSIDE CAS VIN WRAPPED,,,,,,,,,,,,,,,,,,,,,,,,,,,WH INSIDE CAS VIN WRAPPED,,,,,,,,,,,,,,,,,,,,,,,,,,,,,,,,,,,,,,,,,,,,,,,,,,,,,,,,,,,,,,,,,,,,,,,,,,,,,,,,,,,,,,,,,,,,,,,,,,,,,,,,,,,,,,,,,,,,,,,,,,,,,,,,,,,,,,,,,,,,,,,,,,,,,,,,,,,,,,,,,,,,,,,,,,,,,,,,,,,,,,,,,,,,,,,,,,,,,
,,,,,,,,,,,40025,40025 TS-54 Wal-Board T-Square 009-008,-- Unbranded --,-- No Unilog Brand --,-- No DIB Brand --,Marshalltown Trowel (5155),Marshalltown Trowel,,,40025,,Industrial Supplies>General,40025 TS-54 Wal-Board T-Square 009-008,,40025 TS-54 Wal-Board T-Square 009-008,,40025 TS-54 Wal-Board T-Square 009-008,,,,,,,,,,,,,,,,,,,,,,,,,,,TS-54 Wal-Board T-Square 009-008,Thread Size,009-008,,,,,,,,,,,,,,,,,,,,,,,,,,,,,,,,,,,,,,,,,,,,,,,,,,,,,,,,,,,,,,,,,,,,,,,,,,,,,,,,,,,,,,,,,,,,,,,,,,,,,,,,,,,,,,,,,,,,,,,,,,,,,,,,,,,,,,,,,,,,,,,,,,,,,,,,,,,,,,,,,,,,,,,,,,,,,,,,,,,,,,,,,,,,,,,,,,,
,,,,,,,,,,,48-22-3301,48-22-3301 Milw Mechanical Pencil w/ Lead Pack,-- Unbranded --,-- No Unilog Brand --,-- No DIB Brand --,Milwaukee Accessory (4031),Milwaukee Accessory,Milwaukee,,48-22-3301,,Industrial Supplies>General,48-22-3301 Milw Mechanical Pencil w/ Lead Pack,,48-22-3301 Milw Mechanical Pencil w/ Lead Pack,,48-22-3301 Milw Mechanical Pencil w/ Lead Pack,,,,,,,,,,,,,,,,,,,,,,,,,,,Milw Mechanical Pencil w/ Lead Pack,Thread Size,48-22,,,,,,,,,,,,,,,,,,,,,,,,,,,,,,,,,,,,,,,,,,,,,,,,,,,,,,,,,,,,,,,,,,,,,,,,,,,,,,,,,,,,,,,,,,,,,,,,,,,,,,,,,,,,,,,,,,,,,,,,,,,,,,,,,,,,,,,,,,,,,,,,,,,,,,,,,,,,,,,,,,,,,,,,,,,,,,,,,,,,,,,,,,,,,,,,,,,
,,,,,,,,,,,48-22-3302,48-22-3302 Milw Mechanical Pencil Replacement Lead,-- Unbranded --,-- No Unilog Brand --,-- No DIB Brand --,Milwaukee Accessory (4031),Milwaukee Accessory,Milwaukee,,48-22-3302,,Industrial Supplies>General,48-22-3302 Milw Mechanical Pencil Replacement Lead,,48-22-3302 Milw Mechanical Pencil Replacement Lead,,48-22-3302 Milw Mechanical Pencil Replacement Lead,,,,,,,,,,,,,,,,,,,,,,,,,,,Milw Mechanical Pencil Replacement Lead,Thread Size,48-22,,,,,,,,,,,,,,,,,,,,,,,,,,,,,,,,,,,,,,,,,,,,,,,,,,,,,,,,,,,,,,,,,,,,,,,,,,,,,,,,,,,,,,,,,,,,,,,,,,,,,,,,,,,,,,,,,,,,,,,,,,,,,,,,,,,,,,,,,,,,,,,,,,,,,,,,,,,,,,,,,,,,,,,,,,,,,,,,,,,,,,,,,,,,,,,,,,,
,,,,,,,,,,,48-22-3303,48-22-3303 Milw Mechanical Pencil Replacement Lead-Color,-- Unbranded --,-- No Unilog Brand --,-- No DIB Brand --,Milwaukee Accessory (4031),Milwaukee Accessory,Milwaukee,,48-22-3303,,Industrial Supplies>General,48-22-3303 Milw Mechanical Pencil Replacement Lead-Color,,48-22-3303 Milw Mechanical Pencil Replacement Lead-Color,,48-22-3303 Milw Mechanical Pencil Replacement Lead-Color,,,,,,,,,,,,,,,,,,,,,,,,,,,Milw Mechanical Pencil Replacement Lead-Color,Thread Size,48-22,,,,,,,,,,,,,,,,,,,,,,,,,,,,,,,,,,,,,,,,,,,,,,,,,,,,,,,,,,,,,,,,,,,,,,,,,,,,,,,,,,,,,,,,,,,,,,,,,,,,,,,,,,,,,,,,,,,,,,,,,,,,,,,,,,,,,,,,,,,,,,,,,,,,,,,,,,,,,,,,,,,,,,,,,,,,,,,,,,,,,,,,,,,,,,,,,,,
,,,,,,,,,,,TSDKAP218-G2,TSDKAP218-G2 Edge Safety - Khor Black Frame Polarized,-- Unbranded --,-- No Unilog Brand --,-- No DIB Brand --,Edge Eyewear Inc (EDGSA),Edge Eyewear Inc,BLACK+DECKER,,TSDKAP218-G2,,Industrial Supplies>General,TSDKAP218-G2 Edge Safety - Khor Black Frame Polarized,,TSDKAP218-G2 Edge Safety - Khor Black Frame Polarized,,TSDKAP218-G2 Edge Safety - Khor Black Frame Polarized,,,,,,,,,,,,,,,,,,,,,,,,,,,Edge Safety - Khor Black Frame Polarized,,,,,,,,,,,,,,,,,,,,,,,,,,,,,,,,,,,,,,,,,,,,,,,,,,,,,,,,,,,,,,,,,,,,,,,,,,,,,,,,,,,,,,,,,,,,,,,,,,,,,,,,,,,,,,,,,,,,,,,,,,,,,,,,,,,,,,,,,,,,,,,,,,,,,,,,,,,,,,,,,,,,,,,,,,,,,,,,,,,,,,,,,,,,,,,,,,,,,
,,,,,,,,,,,XPAP418,XPAP418 Edge Safety Glasses - Pumori Black Frame,-- Unbranded --,-- No Unilog Brand --,-- No DIB Brand --,Edge Eyewear Inc (EDGSA),Edge Eyewear Inc,BLACK+DECKER,,XPAP418,,Industrial Supplies>General,XPAP418 Edge Safety Glasses - Pumori Black Frame,,XPAP418 Edge Safety Glasses - Pumori Black Frame,,XPAP418 Edge Safety Glasses - Pumori Black Frame,,,,,,,,,,,,,,,,,,,,,,,,,,,Edge Safety Glasses - Pumori Black Frame,,,,,,,,,,,,,,,,,,,,,,,,,,,,,,,,,,,,,,,,,,,,,,,,,,,,,,,,,,,,,,,,,,,,,,,,,,,,,,,,,,,,,,,,,,,,,,,,,,,,,,,,,,,,,,,,,,,,,,,,,,,,,,,,,,,,,,,,,,,,,,,,,,,,,,,,,,,,,,,,,,,,,,,,,,,,,,,,,,,,,,,,,,,,,,,,,,,,,
,,,,,,,,,,,XDAP419,XDAP419 Edge Safety Glasses - Dawson Black Frame Red Lenses,-- Unbranded --,-- No Unilog Brand --,-- No DIB Brand --,Edge Eyewear Inc (EDGSA),Edge Eyewear Inc,BLACK+DECKER,,XDAP419,,Industrial Supplies>General,XDAP419 Edge Safety Glasses - Dawson Black Frame Red Lenses,,XDAP419 Edge Safety Glasses - Dawson Black Frame Red Lenses,,XDAP419 Edge Safety Glasses - Dawson Black Frame Red Lenses,,,,,,,,,,,,,,,,,,,,,,,,,,,Edge Safety Glasses - Dawson Black Frame Red Lenses,,,,,,,,,,,,,,,,,,,,,,,,,,,,,,,,,,,,,,,,,,,,,,,,,,,,,,,,,,,,,,,,,,,,,,,,,,,,,,,,,,,,,,,,,,,,,,,,,,,,,,,,,,,,,,,,,,,,,,,,,,,,,,,,,,,,,,,,,,,,,,,,,,,,,,,,,,,,,,,,,,,,,,,,,,,,,,,,,,,,,,,,,,,,,,,,,,,,,
,,,,,,,,,,,XB11PCVS,XB11PCVS Edge Safety Glasses - Photochromic Lense,-- Unbranded --,-- No Unilog Brand --,-- No DIB Brand --,Edge Eyewear Inc (EDGSA),Edge Eyewear Inc,,,XB11PCVS,,Industrial Supplies>General,XB11PCVS Edge Safety Glasses - Photochromic Lense,,XB11PCVS Edge Safety Glasses - Photochromic Lense,,XB11PCVS Edge Safety Glasses - Photochromic Lense,,,,,,,,,,,,,,,,,,,,,,,,,,,Edge Safety Glasses - Photochromic Lense,,,,,,,,,,,,,,,,,,,,,,,,,,,,,,,,,,,,,,,,,,,,,,,,,,,,,,,,,,,,,,,,,,,,,,,,,,,,,,,,,,,,,,,,,,,,,,,,,,,,,,,,,,,,,,,,,,,,,,,,,,,,,,,,,,,,,,,,,,,,,,,,,,,,,,,,,,,,,,,,,,,,,,,,,,,,,,,,,,,,,,,,,,,,,,,,,,,,,
,,,,,,,,,,,KB121VS,KB121VS Edge Safety Glasses - Kabru Black Frame,-- Unbranded --,-- No Unilog Brand --,-- No DIB Brand --,Edge Eyewear Inc (EDGSA),Edge Eyewear Inc,BLACK+DECKER,,KB121VS,,Industrial Supplies>General,KB121VS Edge Safety Glasses - Kabru Black Frame,,KB121VS Edge Safety Glasses - Kabru Black Frame,,KB121VS Edge Safety Glasses - Kabru Black Frame,,,,,,,,,,,,,,,,,,,,,,,,,,,Edge Safety Glasses - Kabru Black Frame,,,,,,,,,,,,,,,,,,,,,,,,,,,,,,,,,,,,,,,,,,,,,,,,,,,,,,,,,,,,,,,,,,,,,,,,,,,,,,,,,,,,,,,,,,,,,,,,,,,,,,,,,,,,,,,,,,,,,,,,,,,,,,,,,,,,,,,,,,,,,,,,,,,,,,,,,,,,,,,,,,,,,,,,,,,,,,,,,,,,,,,,,,,,,,,,,,,,,
,,,,,,,,,,,KB126VS,KB126VS Edge Safety Glasses - Kabru Black Frame,-- Unbranded --,-- No Unilog Brand --,-- No DIB Brand --,Edge Eyewear Inc (EDGSA),Edge Eyewear Inc,BLACK+DECKER,,KB126VS,,Industrial Supplies>General,KB126VS Edge Safety Glasses - Kabru Black Frame,,KB126VS Edge Safety Glasses - Kabru Black Frame,,KB126VS Edge Safety Glasses - Kabru Black Frame,,,,,,,,,,,,,,,,,,,,,,,,,,,Edge Safety Glasses - Kabru Black Frame,,,,,,,,,,,,,,,,,,,,,,,,,,,,,,,,,,,,,,,,,,,,,,,,,,,,,,,,,,,,,,,,,,,,,,,,,,,,,,,,,,,,,,,,,,,,,,,,,,,,,,,,,,,,,,,,,,,,,,,,,,,,,,,,,,,,,,,,,,,,,,,,,,,,,,,,,,,,,,,,,,,,,,,,,,,,,,,,,,,,,,,,,,,,,,,,,,,,,
,,,,,,,,,,,TC121VS,TC121VS Edge Safety Glasses - Tacana Black Frame,-- Unbranded --,-- No Unilog Brand --,-- No DIB Brand --,Edge Eyewear Inc (EDGSA),Edge Eyewear Inc,BLACK+DECKER,,TC121VS,,Industrial Supplies>General,TC121VS Edge Safety Glasses - Tacana Black Frame,,TC121VS Edge Safety Glasses - Tacana Black Frame,,TC121VS Edge Safety Glasses - Tacana Black Frame,,,,,,,,,,,,,,,,,,,,,,,,,,,Edge Safety Glasses - Tacana Black Frame,,,,,,,,,,,,,,,,,,,,,,,,,,,,,,,,,,,,,,,,,,,,,,,,,,,,,,,,,,,,,,,,,,,,,,,,,,,,,,,,,,,,,,,,,,,,,,,,,,,,,,,,,,,,,,,,,,,,,,,,,,,,,,,,,,,,,,,,,,,,,,,,,,,,,,,,,,,,,,,,,,,,,,,,,,,,,,,,,,,,,,,,,,,,,,,,,,,,,
,,,,,,,,,,,TC126VS,TC126VS Edge Safety Glasses - Tacana Black Frame,-- Unbranded --,-- No Unilog Brand --,-- No DIB Brand --,Edge Eyewear Inc (EDGSA),Edge Eyewear Inc,BLACK+DECKER,,TC126VS,,Industrial Supplies>General,TC126VS Edge Safety Glasses - Tacana Black Frame,,TC126VS Edge Safety Glasses - Tacana Black Frame,,TC126VS Edge Safety Glasses - Tacana Black Frame,,,,,,,,,,,,,,,,,,,,,,,,,,,Edge Safety Glasses - Tacana Black Frame,,,,,,,,,,,,,,,,,,,,,,,,,,,,,,,,,,,,,,,,,,,,,,,,,,,,,,,,,,,,,,,,,,,,,,,,,,,,,,,,,,,,,,,,,,,,,,,,,,,,,,,,,,,,,,,,,,,,,,,,,,,,,,,,,,,,,,,,,,,,,,,,,,,,,,,,,,,,,,,,,,,,,,,,,,,,,,,,,,,,,,,,,,,,,,,,,,,,,
,,,,,,,,,,,MK113MPAP,MK113MPAP Edge Safety Glasses - Makalu Black Frame Polarized,-- Unbranded --,-- No Unilog Brand --,-- No DIB Brand --,Edge Eyewear Inc (EDGSA),Edge Eyewear Inc,BLACK+DECKER,,MK113MPAP,,Industrial Supplies>General,MK113MPAP Edge Safety Glasses - Makalu Black Frame Polarized,,MK113MPAP Edge Safety Glasses - Makalu Black Frame Polarized,,MK113MPAP Edge Safety Glasses - Makalu Black Frame Polarized,,,,,,,,,,,,,,,,,,,,,,,,,,,Edge Safety Glasses - Makalu Black Frame Polarized,,,,,,,,,,,,,,,,,,,,,,,,,,,,,,,,,,,,,,,,,,,,,,,,,,,,,,,,,,,,,,,,,,,,,,,,,,,,,,,,,,,,,,,,,,,,,,,,,,,,,,,,,,,,,,,,,,,,,,,,,,,,,,,,,,,,,,,,,,,,,,,,,,,,,,,,,,,,,,,,,,,,,,,,,,,,,,,,,,,,,,,,,,,,,,,,,,,,,
,,,,,,,,,,,LS117MPAP,LS117MPAP Edge Safety Glasses - Lassen Black Frame Polarized,-- Unbranded --,-- No Unilog Brand --,-- No DIB Brand --,Edge Eyewear Inc (EDGSA),Edge Eyewear Inc,BLACK+DECKER,,LS117MPAP,,Industrial Supplies>General,LS117MPAP Edge Safety Glasses - Lassen Black Frame Polarized,,LS117MPAP Edge Safety Glasses - Lassen Black Frame Polarized,,LS117MPAP Edge Safety Glasses - Lassen Black Frame Polarized,,,,,,,,,,,,,,,,,,,,,,,,,,,Edge Safety Glasses - Lassen Black Frame Polarized,,,,,,,,,,,,,,,,,,,,,,,,,,,,,,,,,,,,,,,,,,,,,,,,,,,,,,,,,,,,,,,,,,,,,,,,,,,,,,,,,,,,,,,,,,,,,,,,,,,,,,,,,,,,,,,,,,,,,,,,,,,,,,,,,,,,,,,,,,,,,,,,,,,,,,,,,,,,,,,,,,,,,,,,,,,,,,,,,,,,,,,,,,,,,,,,,,,,,
,,,,,,,,,,,FE-EFX-6L,FEEFX6L Lith Fire Extinguisher,-- Unbranded --,-- No Unilog Brand --,-- No DIB Brand --,Ohio Firewatch Protection Inc (HOLFS),Ohio Firewatch Protection Inc,,,FE-EFX-6L,,Industrial Supplies>General,FEEFX6L Lith Fire Extinguisher,,FEEFX6L Lith Fire Extinguisher,,FEEFX6L Lith Fire Extinguisher,,,,,,,,,,,,,,,,,,,,,,,,,,,Lith Fire Extinguisher,,,,,,,,,,,,,,,,,,,,,,,,,,,,,,,,,,,,,,,,,,,,,,,,,,,,,,,,,,,,,,,,,,,,,,,,,,,,,,,,,,,,,,,,,,,,,,,,,,,,,,,,,,,,,,,,,,,,,,,,,,,,,,,,,,,,,,,,,,,,,,,,,,,,,,,,,,,,,,,,,,,,,,,,,,,,,,,,,,,,,,,,,,,,,,,,,,,,,
,,,,,,,,,,,FE-EFX-9L,FEEFX9L Lith Fire Extinguisher,-- Unbranded --,-- No Unilog Brand --,-- No DIB Brand --,Ohio Firewatch Protection Inc (HOLFS),Ohio Firewatch Protection Inc,,,FE-EFX-9L,,Industrial Supplies>General,FEEFX9L Lith Fire Extinguisher,,FEEFX9L Lith Fire Extinguisher,,FEEFX9L Lith Fire Extinguisher,,,,,,,,,,,,,,,,,,,,,,,,,,,Lith Fire Extinguisher,,,,,,,,,,,,,,,,,,,,,,,,,,,,,,,,,,,,,,,,,,,,,,,,,,,,,,,,,,,,,,,,,,,,,,,,,,,,,,,,,,,,,,,,,,,,,,,,,,,,,,,,,,,,,,,,,,,,,,,,,,,,,,,,,,,,,,,,,,,,,,,,,,,,,,,,,,,,,,,,,,,,,,,,,,,,,,,,,,,,,,,,,,,,,,,,,,,,,
,,,,,,,,,,,1046793,1046793 Smoke & CO Alarm,-- Unbranded --,-- No Unilog Brand --,First Alert,First Alert - B R K Brands (2754),First Alert - B R K Brands,First Alert,,1046793,,Industrial Supplies>General,1046793 Smoke & CO Alarm,,1046793 Smoke & CO Alarm,,1046793 Smoke & CO Alarm,,,,,,,,,,,,,,,,,,,,,,,,,,,Smoke & CO Alarm,,,,,,,,,,,,,,,,,,,,,,,,,,,,,,,,,,,,,,,,,,,,,,,,,,,,,,,,,,,,,,,,,,,,,,,,,,,,,,,,,,,,,,,,,,,,,,,,,,,,,,,,,,,,,,,,,,,,,,,,,,,,,,,,,,,,,,,,,,,,,,,,,,,,,,,,,,,,,,,,,,,,,,,,,,,,,,,,,,,,,,,,,,,,,,,,,,,,,
,,,,,,,,,,,1046870,1046870 Smoke & CO Alarm,-- Unbranded --,-- No Unilog Brand --,BRK,First Alert - B R K Brands (2754),First Alert - B R K Brands,BRK,,1046870,,Industrial Supplies>General,1046870 Smoke & CO Alarm,,1046870 Smoke & CO Alarm,,1046870 Smoke & CO Alarm,,,,,,,,,,,,,,,,,,,,,,,,,,,Smoke & CO Alarm,,,,,,,,,,,,,,,,,,,,,,,,,,,,,,,,,,,,,,,,,,,,,,,,,,,,,,,,,,,,,,,,,,,,,,,,,,,,,,,,,,,,,,,,,,,,,,,,,,,,,,,,,,,,,,,,,,,,,,,,,,,,,,,,,,,,,,,,,,,,,,,,,,,,,,,,,,,,,,,,,,,,,,,,,,,,,,,,,,,,,,,,,,,,,,,,,,,,,
,,,,,,,,,,,M701B-21L,M701B-21L Milw L Black Heated Work Glove Liners,-- Unbranded --,-- No Unilog Brand --,-- No DIB Brand --,Milwaukee Accessory (4031),Milwaukee Accessory,Milwaukee,,M701B-21L,,Industrial Supplies>General,M701B-21L Milw L Black Heated Work Glove Liners,,M701B-21L Milw L Black Heated Work Glove Liners,,M701B-21L Milw L Black Heated Work Glove Liners,,,,,,,,,,,,,,,,,,,,,,,,,,,Milw L Black Heated Work Glove Liners,,,,,,,,,,,,,,,,,,,,,,,,,,,,,,,,,,,,,,,,,,,,,,,,,,,,,,,,,,,,,,,,,,,,,,,,,,,,,,,,,,,,,,,,,,,,,,,,,,,,,,,,,,,,,,,,,,,,,,,,,,,,,,,,,,,,,,,,,,,,,,,,,,,,,,,,,,,,,,,,,,,,,,,,,,,,,,,,,,,,,,,,,,,,,,,,,,,,,
,,,,,,,,,,,M701B-21M,M701B-21M Milw M Black Heated Work Glove Liners,-- Unbranded --,-- No Unilog Brand --,-- No DIB Brand --,Milwaukee Accessory (4031),Milwaukee Accessory,Milwaukee,,M701B-21M,,Industrial Supplies>General,M701B-21M Milw M Black Heated Work Glove Liners,,M701B-21M Milw M Black Heated Work Glove Liners,,M701B-21M Milw M Black Heated Work Glove Liners,,,,,,,,,,,,,,,,,,,,,,,,,,,Milw M Black Heated Work Glove Liners,,,,,,,,,,,,,,,,,,,,,,,,,,,,,,,,,,,,,,,,,,,,,,,,,,,,,,,,,,,,,,,,,,,,,,,,,,,,,,,,,,,,,,,,,,,,,,,,,,,,,,,,,,,,,,,,,,,,,,,,,,,,,,,,,,,,,,,,,,,,,,,,,,,,,,,,,,,,,,,,,,,,,,,,,,,,,,,,,,,,,,,,,,,,,,,,,,,,,
,,,,,,,,,,,M701B-21S,M701B-21S Milw S Black Heated Work Glove Liners,-- Unbranded --,-- No Unilog Brand --,-- No DIB Brand --,Milwaukee Accessory (4031),Milwaukee Accessory,Milwaukee,,M701B-21S,,Industrial Supplies>General,M701B-21S Milw S Black Heated Work Glove Liners,,M701B-21S Milw S Black Heated Work Glove Liners,,M701B-21S Milw S Black Heated Work Glove Liners,,,,,,,,,,,,,,,,,,,,,,,,,,,Milw S Black Heated Work Glove Liners,,,,,,,,,,,,,,,,,,,,,,,,,,,,,,,,,,,,,,,,,,,,,,,,,,,,,,,,,,,,,,,,,,,,,,,,,,,,,,,,,,,,,,,,,,,,,,,,,,,,,,,,,,,,,,,,,,,,,,,,,,,,,,,,,,,,,,,,,,,,,,,,,,,,,,,,,,,,,,,,,,,,,,,,,,,,,,,,,,,,,,,,,,,,,,,,,,,,,
,,,,,,,,,,,M701B-21XL,M701B-21XL Milw XL Black Heated Work Glove Liners,-- Unbranded --,-- No Unilog Brand --,-- No DIB Brand --,Milwaukee Accessory (4031),Milwaukee Accessory,Milwaukee,,M701B-21XL,,Industrial Supplies>General,M701B-21XL Milw XL Black Heated Work Glove Liners,,M701B-21XL Milw XL Black Heated Work Glove Liners,,M701B-21XL Milw XL Black Heated Work Glove Liners,,,,,,,,,,,,,,,,,,,,,,,,,,,Milw XL Black Heated Work Glove Liners,,,,,,,,,,,,,,,,,,,,,,,,,,,,,,,,,,,,,,,,,,,,,,,,,,,,,,,,,,,,,,,,,,,,,,,,,,,,,,,,,,,,,,,,,,,,,,,,,,,,,,,,,,,,,,,,,,,,,,,,,,,,,,,,,,,,,,,,,,,,,,,,,,,,,,,,,,,,,,,,,,,,,,,,,,,,,,,,,,,,,,,,,,,,,,,,,,,,,
,,,,,,,,,,,MWUG42010124,UTW Pro Heated Glove Blk XS,-- Unbranded --,-- No Unilog Brand --,-- No DIB Brand --,Tech Gear 5.7 Inc (TECGE),Tech Gear 5.7 Inc,,,MWUG42010124,,Industrial Supplies>General,UTW Pro Heated Glove Blk XS,,UTW Pro Heated Glove Blk XS,,UTW Pro Heated Glove Blk XS,,,,,,,,,,,,,,,,,,,,,,,,,,,UTW Pro Heated Glove Blk XS,,,,,,,,,,,,,,,,,,,,,,,,,,,,,,,,,,,,,,,,,,,,,,,,,,,,,,,,,,,,,,,,,,,,,,,,,,,,,,,,,,,,,,,,,,,,,,,,,,,,,,,,,,,,,,,,,,,,,,,,,,,,,,,,,,,,,,,,,,,,,,,,,,,,,,,,,,,,,,,,,,,,,,,,,,,,,,,,,,,,,,,,,,,,,,,,,,,,,
,,,,,,,,,,,MWUG42010224,UTW Pro Heated Glove Blk SM,-- Unbranded --,-- No Unilog Brand --,-- No DIB Brand --,Tech Gear 5.7 Inc (TECGE),Tech Gear 5.7 Inc,,,MWUG42010224,,Industrial Supplies>General,UTW Pro Heated Glove Blk SM,,UTW Pro Heated Glove Blk SM,,UTW Pro Heated Glove Blk SM,,,,,,,,,,,,,,,,,,,,,,,,,,,UTW Pro Heated Glove Blk SM,,,,,,,,,,,,,,,,,,,,,,,,,,,,,,,,,,,,,,,,,,,,,,,,,,,,,,,,,,,,,,,,,,,,,,,,,,,,,,,,,,,,,,,,,,,,,,,,,,,,,,,,,,,,,,,,,,,,,,,,,,,,,,,,,,,,,,,,,,,,,,,,,,,,,,,,,,,,,,,,,,,,,,,,,,,,,,,,,,,,,,,,,,,,,,,,,,,,,
,,,,,,,,,,,MWUG42010324,UTW Pro Heated Glove Blk MD,-- Unbranded --,-- No Unilog Brand --,-- No DIB Brand --,Tech Gear 5.7 Inc (TECGE),Tech Gear 5.7 Inc,,,MWUG42010324,,Industrial Supplies>General,UTW Pro Heated Glove Blk MD,,UTW Pro Heated Glove Blk MD,,UTW Pro Heated Glove Blk MD,,,,,,,,,,,,,,,,,,,,,,,,,,,UTW Pro Heated Glove Blk MD,,,,,,,,,,,,,,,,,,,,,,,,,,,,,,,,,,,,,,,,,,,,,,,,,,,,,,,,,,,,,,,,,,,,,,,,,,,,,,,,,,,,,,,,,,,,,,,,,,,,,,,,,,,,,,,,,,,,,,,,,,,,,,,,,,,,,,,,,,,,,,,,,,,,,,,,,,,,,,,,,,,,,,,,,,,,,,,,,,,,,,,,,,,,,,,,,,,,,
,,,,,,,,,,,MWUG42010424,UTW Pro Heated Glove Blk LG,-- Unbranded --,-- No Unilog Brand --,-- No DIB Brand --,Tech Gear 5.7 Inc (TECGE),Tech Gear 5.7 Inc,,,MWUG42010424,,Industrial Supplies>General,UTW Pro Heated Glove Blk LG,,UTW Pro Heated Glove Blk LG,,UTW Pro Heated Glove Blk LG,,,,,,,,,,,,,,,,,,,,,,,,,,,UTW Pro Heated Glove Blk LG,,,,,,,,,,,,,,,,,,,,,,,,,,,,,,,,,,,,,,,,,,,,,,,,,,,,,,,,,,,,,,,,,,,,,,,,,,,,,,,,,,,,,,,,,,,,,,,,,,,,,,,,,,,,,,,,,,,,,,,,,,,,,,,,,,,,,,,,,,,,,,,,,,,,,,,,,,,,,,,,,,,,,,,,,,,,,,,,,,,,,,,,,,,,,,,,,,,,,
,,,,,,,,,,,MWUG42010524,UTW Pro Heated Glove Blk XL,-- Unbranded --,-- No Unilog Brand --,-- No DIB Brand --,Tech Gear 5.7 Inc (TECGE),Tech Gear 5.7 Inc,,,MWUG42010524,,Industrial Supplies>General,UTW Pro Heated Glove Blk XL,,UTW Pro Heated Glove Blk XL,,UTW Pro Heated Glove Blk XL,,,,,,,,,,,,,,,,,,,,,,,,,,,UTW Pro Heated Glove Blk XL,,,,,,,,,,,,,,,,,,,,,,,,,,,,,,,,,,,,,,,,,,,,,,,,,,,,,,,,,,,,,,,,,,,,,,,,,,,,,,,,,,,,,,,,,,,,,,,,,,,,,,,,,,,,,,,,,,,,,,,,,,,,,,,,,,,,,,,,,,,,,,,,,,,,,,,,,,,,,,,,,,,,,,,,,,,,,,,,,,,,,,,,,,,,,,,,,,,,,
,,,,,,,,,,,MWUG42010624,UTW Pro Heated Glove Blk 2X,-- Unbranded --,-- No Unilog Brand --,-- No DIB Brand --,Tech Gear 5.7 Inc (TECGE),Tech Gear 5.7 Inc,,,MWUG42010624,,Industrial Supplies>General,UTW Pro Heated Glove Blk 2X,,UTW Pro Heated Glove Blk 2X,,UTW Pro Heated Glove Blk 2X,,,,,,,,,,,,,,,,,,,,,,,,,,,UTW Pro Heated Glove Blk 2X,,,,,,,,,,,,,,,,,,,,,,,,,,,,,,,,,,,,,,,,,,,,,,,,,,,,,,,,,,,,,,,,,,,,,,,,,,,,,,,,,,,,,,,,,,,,,,,,,,,,,,,,,,,,,,,,,,,,,,,,,,,,,,,,,,,,,,,,,,,,,,,,,,,,,,,,,,,,,,,,,,,,,,,,,,,,,,,,,,,,,,,,,,,,,,,,,,,,,
,,,,,,,,,,,MWUG36010225,MWUG36010225 BLK SM Aerial Snow Heated Glove,-- Unbranded --,-- No Unilog Brand --,-- No DIB Brand --,Tech Gear 5.7 Inc (TECGE),Tech Gear 5.7 Inc,,,MWUG36010225,,Industrial Supplies>General,MWUG36010225 BLK SM Aerial Snow Heated Glove,,MWUG36010225 BLK SM Aerial Snow Heated Glove,,MWUG36010225 BLK SM Aerial Snow Heated Glove,,,,,,,,,,,,,,,,,,,,,,,,,,,BLK SM Aerial Snow Heated Glove,,,,,,,,,,,,,,,,,,,,,,,,,,,,,,,,,,,,,,,,,,,,,,,,,,,,,,,,,,,,,,,,,,,,,,,,,,,,,,,,,,,,,,,,,,,,,,,,,,,,,,,,,,,,,,,,,,,,,,,,,,,,,,,,,,,,,,,,,,,,,,,,,,,,,,,,,,,,,,,,,,,,,,,,,,,,,,,,,,,,,,,,,,,,,,,,,,,,,
,,,,,,,,,,,MWUG36010325,MWUG36010325 BLK MD Aerial Snow Heated Glove,-- Unbranded --,-- No Unilog Brand --,-- No DIB Brand --,Tech Gear 5.7 Inc (TECGE),Tech Gear 5.7 Inc,,,MWUG36010325,,Industrial Supplies>General,MWUG36010325 BLK MD Aerial Snow Heated Glove,,MWUG36010325 BLK MD Aerial Snow Heated Glove,,MWUG36010325 BLK MD Aerial Snow Heated Glove,,,,,,,,,,,,,,,,,,,,,,,,,,,BLK MD Aerial Snow Heated Glove,,,,,,,,,,,,,,,,,,,,,,,,,,,,,,,,,,,,,,,,,,,,,,,,,,,,,,,,,,,,,,,,,,,,,,,,,,,,,,,,,,,,,,,,,,,,,,,,,,,,,,,,,,,,,,,,,,,,,,,,,,,,,,,,,,,,,,,,,,,,,,,,,,,,,,,,,,,,,,,,,,,,,,,,,,,,,,,,,,,,,,,,,,,,,,,,,,,,,
,,,,,,,,,,,MWUG36010425,MWUG36010425 BLK LG Aerial Snow Heated Glove,-- Unbranded --,-- No Unilog Brand --,-- No DIB Brand --,Tech Gear 5.7 Inc (TECGE),Tech Gear 5.7 Inc,,,MWUG36010425,,Industrial Supplies>General,MWUG36010425 BLK LG Aerial Snow Heated Glove,,MWUG36010425 BLK LG Aerial Snow Heated Glove,,MWUG36010425 BLK LG Aerial Snow Heated Glove,,,,,,,,,,,,,,,,,,,,,,,,,,,BLK LG Aerial Snow Heated Glove,,,,,,,,,,,,,,,,,,,,,,,,,,,,,,,,,,,,,,,,,,,,,,,,,,,,,,,,,,,,,,,,,,,,,,,,,,,,,,,,,,,,,,,,,,,,,,,,,,,,,,,,,,,,,,,,,,,,,,,,,,,,,,,,,,,,,,,,,,,,,,,,,,,,,,,,,,,,,,,,,,,,,,,,,,,,,,,,,,,,,,,,,,,,,,,,,,,,,
,,,,,,,,,,,MWUG36010525,MWUG36010525 BLK XL Aerial Snow Heated Glove,-- Unbranded --,-- No Unilog Brand --,-- No DIB Brand --,Tech Gear 5.7 Inc (TECGE),Tech Gear 5.7 Inc,,,MWUG36010525,,Industrial Supplies>General,MWUG36010525 BLK XL Aerial Snow Heated Glove,,MWUG36010525 BLK XL Aerial Snow Heated Glove,,MWUG36010525 BLK XL Aerial Snow Heated Glove,,,,,,,,,,,,,,,,,,,,,,,,,,,BLK XL Aerial Snow Heated Glove,,,,,,,,,,,,,,,,,,,,,,,,,,,,,,,,,,,,,,,,,,,,,,,,,,,,,,,,,,,,,,,,,,,,,,,,,,,,,,,,,,,,,,,,,,,,,,,,,,,,,,,,,,,,,,,,,,,,,,,,,,,,,,,,,,,,,,,,,,,,,,,,,,,,,,,,,,,,,,,,,,,,,,,,,,,,,,,,,,,,,,,,,,,,,,,,,,,,,
,,,,,,,,,,,MWUG36010625,MWUG36010625 BLK 2X Aerial Snow Heated Glove,-- Unbranded --,-- No Unilog Brand --,-- No DIB Brand --,Tech Gear 5.7 Inc (TECGE),Tech Gear 5.7 Inc,,,MWUG36010625,,Industrial Supplies>General,MWUG36010625 BLK 2X Aerial Snow Heated Glove,,MWUG36010625 BLK 2X Aerial Snow Heated Glove,,MWUG36010625 BLK 2X Aerial Snow Heated Glove,,,,,,,,,,,,,,,,,,,,,,,,,,,BLK 2X Aerial Snow Heated Glove,,,,,,,,,,,,,,,,,,,,,,,,,,,,,,,,,,,,,,,,,,,,,,,,,,,,,,,,,,,,,,,,,,,,,,,,,,,,,,,,,,,,,,,,,,,,,,,,,,,,,,,,,,,,,,,,,,,,,,,,,,,,,,,,,,,,,,,,,,,,,,,,,,,,,,,,,,,,,,,,,,,,,,,,,,,,,,,,,,,,,,,,,,,,,,,,,,,,,
,,,,,,,,,,,DPG15,DPG15 Dewalt AM/FM Hearing Protector,-- Unbranded --,-- No Unilog Brand --,-- No DIB Brand --,Radians (7363),Radians,DEWALT,,DPG15,,Industrial Supplies>General,DPG15 Dewalt AM/FM Hearing Protector,,DPG15 Dewalt AM/FM Hearing Protector,,DPG15 Dewalt AM/FM Hearing Protector,,,,,,,,,,,,,,,,,,,,,,,,,,,Dewalt AM/FM Hearing Protector,,,,,,,,,,,,,,,,,,,,,,,,,,,,,,,,,,,,,,,,,,,,,,,,,,,,,,,,,,,,,,,,,,,,,,,,,,,,,,,,,,,,,,,,,,,,,,,,,,,,,,,,,,,,,,,,,,,,,,,,,,,,,,,,,,,,,,,,,,,,,,,,,,,,,,,,,,,,,,,,,,,,,,,,,,,,,,,,,,,,,,,,,,,,,,,,,,,,,
,,,,,,,,,,,F200B-21L,F200B-21L Milw M12 Womens - BLK Heated Hoodie Kit L,-- Unbranded --,-- No Unilog Brand --,-- No DIB Brand --,Milwaukee Accessory (4031),Milwaukee Accessory,Milwaukee,,F200B-21L,,Industrial Supplies>General,F200B-21L Milw M12 Womens - BLK Heated Hoodie Kit L,,F200B-21L Milw M12 Womens - BLK Heated Hoodie Kit L,,F200B-21L Milw M12 Womens - BLK Heated Hoodie Kit L,,,,,,,,,,,,,,,,,,,,,,,,,,,Milw M12 Womens - BLK Heated Hoodie Kit L,,,,,,,,,,,,,,,,,,,,,,,,,,,,,,,,,,,,,,,,,,,,,,,,,,,,,,,,,,,,,,,,,,,,,,,,,,,,,,,,,,,,,,,,,,,,,,,,,,,,,,,,,,,,,,,,,,,,,,,,,,,,,,,,,,,,,,,,,,,,,,,,,,,,,,,,,,,,,,,,,,,,,,,,,,,,,,,,,,,,,,,,,,,,,,,,,,,,,
,,,,,,,,,,,F200B-21M,F200B-21M Milw M12 Womens - BLK Heated Hoodie Kit M,-- Unbranded --,-- No Unilog Brand --,-- No DIB Brand --,Milwaukee Accessory (4031),Milwaukee Accessory,Milwaukee,,F200B-21M,,Industrial Supplies>General,F200B-21M Milw M12 Womens - BLK Heated Hoodie Kit M,,F200B-21M Milw M12 Womens - BLK Heated Hoodie Kit M,,F200B-21M Milw M12 Womens - BLK Heated Hoodie Kit M,,,,,,,,,,,,,,,,,,,,,,,,,,,Milw M12 Womens - BLK Heated Hoodie Kit M,,,,,,,,,,,,,,,,,,,,,,,,,,,,,,,,,,,,,,,,,,,,,,,,,,,,,,,,,,,,,,,,,,,,,,,,,,,,,,,,,,,,,,,,,,,,,,,,,,,,,,,,,,,,,,,,,,,,,,,,,,,,,,,,,,,,,,,,,,,,,,,,,,,,,,,,,,,,,,,,,,,,,,,,,,,,,,,,,,,,,,,,,,,,,,,,,,,,,
,,,,,,,,,,,M200B-21L,M200B-21L Milw M12 BLK - Heated Hoodie Kit L,-- Unbranded --,-- No Unilog Brand --,-- No DIB Brand --,Milwaukee Accessory (4031),Milwaukee Accessory,Milwaukee,,M200B-21L,,Industrial Supplies>General,M200B-21L Milw M12 BLK - Heated Hoodie Kit L,,M200B-21L Milw M12 BLK - Heated Hoodie Kit L,,M200B-21L Milw M12 BLK - Heated Hoodie Kit L,,,,,,,,,,,,,,,,,,,,,,,,,,,Milw M12 BLK - Heated Hoodie Kit L,,,,,,,,,,,,,,,,,,,,,,,,,,,,,,,,,,,,,,,,,,,,,,,,,,,,,,,,,,,,,,,,,,,,,,,,,,,,,,,,,,,,,,,,,,,,,,,,,,,,,,,,,,,,,,,,,,,,,,,,,,,,,,,,,,,,,,,,,,,,,,,,,,,,,,,,,,,,,,,,,,,,,,,,,,,,,,,,,,,,,,,,,,,,,,,,,,,,,
,,,,,,,,,,,M200B-21M,M200B-21M Milw M12 BLK - Heated Hoodie Kit M,-- Unbranded --,-- No Unilog Brand --,-- No DIB Brand --,Milwaukee Accessory (4031),Milwaukee Accessory,Milwaukee,,M200B-21M,,Industrial Supplies>General,M200B-21M Milw M12 BLK - Heated Hoodie Kit M,,M200B-21M Milw M12 BLK - Heated Hoodie Kit M,,M200B-21M Milw M12 BLK - Heated Hoodie Kit M,,,,,,,,,,,,,,,,,,,,,,,,,,,Milw M12 BLK - Heated Hoodie Kit M,,,,,,,,,,,,,,,,,,,,,,,,,,,,,,,,,,,,,,,,,,,,,,,,,,,,,,,,,,,,,,,,,,,,,,,,,,,,,,,,,,,,,,,,,,,,,,,,,,,,,,,,,,,,,,,,,,,,,,,,,,,,,,,,,,,,,,,,,,,,,,,,,,,,,,,,,,,,,,,,,,,,,,,,,,,,,,,,,,,,,,,,,,,,,,,,,,,,,
,,,,,,,,,,,M200B-21XL,M200B-21XL Milw M12 BLK - Heated Hoodie Kit XL,-- Unbranded --,-- No Unilog Brand --,-- No DIB Brand --,Milwaukee Accessory (4031),Milwaukee Accessory,Milwaukee,,M200B-21XL,,Industrial Supplies>General,M200B-21XL Milw M12 BLK - Heated Hoodie Kit XL,,M200B-21XL Milw M12 BLK - Heated Hoodie Kit XL,,M200B-21XL Milw M12 BLK - Heated Hoodie Kit XL,,,,,,,,,,,,,,,,,,,,,,,,,,,Milw M12 BLK - Heated Hoodie Kit XL,,,,,,,,,,,,,,,,,,,,,,,,,,,,,,,,,,,,,,,,,,,,,,,,,,,,,,,,,,,,,,,,,,,,,,,,,,,,,,,,,,,,,,,,,,,,,,,,,,,,,,,,,,,,,,,,,,,,,,,,,,,,,,,,,,,,,,,,,,,,,,,,,,,,,,,,,,,,,,,,,,,,,,,,,,,,,,,,,,,,,,,,,,,,,,,,,,,,,
,,,,,,,,,,,M200G-21L,M200G-21L Milw M12 Gray - Heated Hoodie Kit L,-- Unbranded --,-- No Unilog Brand --,-- No DIB Brand --,Milwaukee Accessory (4031),Milwaukee Accessory,Milwaukee,,M200G-21L,,Industrial Supplies>General,M200G-21L Milw M12 Gray - Heated Hoodie Kit L,,M200G-21L Milw M12 Gray - Heated Hoodie Kit L,,M200G-21L Milw M12 Gray - Heated Hoodie Kit L,,,,,,,,,,,,,,,,,,,,,,,,,,,Milw M12 Gray - Heated Hoodie Kit L,,,,,,,,,,,,,,,,,,,,,,,,,,,,,,,,,,,,,,,,,,,,,,,,,,,,,,,,,,,,,,,,,,,,,,,,,,,,,,,,,,,,,,,,,,,,,,,,,,,,,,,,,,,,,,,,,,,,,,,,,,,,,,,,,,,,,,,,,,,,,,,,,,,,,,,,,,,,,,,,,,,,,,,,,,,,,,,,,,,,,,,,,,,,,,,,,,,,,
,,,,,,,,,,,M200G-21M,M200G-21M Milw M12 Gray - Heated Hoodie Kit M,-- Unbranded --,-- No Unilog Brand --,-- No DIB Brand --,Milwaukee Accessory (4031),Milwaukee Accessory,Milwaukee,,M200G-21M,,Industrial Supplies>General,M200G-21M Milw M12 Gray - Heated Hoodie Kit M,,M200G-21M Milw M12 Gray - Heated Hoodie Kit M,,M200G-21M Milw M12 Gray - Heated Hoodie Kit M,,,,,,,,,,,,,,,,,,,,,,,,,,,Milw M12 Gray - Heated Hoodie Kit M,,,,,,,,,,,,,,,,,,,,,,,,,,,,,,,,,,,,,,,,,,,,,,,,,,,,,,,,,,,,,,,,,,,,,,,,,,,,,,,,,,,,,,,,,,,,,,,,,,,,,,,,,,,,,,,,,,,,,,,,,,,,,,,,,,,,,,,,,,,,,,,,,,,,,,,,,,,,,,,,,,,,,,,,,,,,,,,,,,,,,,,,,,,,,,,,,,,,,
,,,,,,,,,,,M200G-21XL,M200G-21XL Milw M12 Gray - Heated Hoodie Kit XL,-- Unbranded --,-- No Unilog Brand --,-- No DIB Brand --,Milwaukee Accessory (4031),Milwaukee Accessory,Milwaukee,,M200G-21XL,,Industrial Supplies>General,M200G-21XL Milw M12 Gray - Heated Hoodie Kit XL,,M200G-21XL Milw M12 Gray - Heated Hoodie Kit XL,,M200G-21XL Milw M12 Gray - Heated Hoodie Kit XL,,,,,,,,,,,,,,,,,,,,,,,,,,,Milw M12 Gray - Heated Hoodie Kit XL,,,,,,,,,,,,,,,,,,,,,,,,,,,,,,,,,,,,,,,,,,,,,,,,,,,,,,,,,,,,,,,,,,,,,,,,,,,,,,,,,,,,,,,,,,,,,,,,,,,,,,,,,,,,,,,,,,,,,,,,,,,,,,,,,,,,,,,,,,,,,,,,,,,,,,,,,,,,,,,,,,,,,,,,,,,,,,,,,,,,,,,,,,,,,,,,,,,,,
,,,,,,,,,,,48-11-2330,48-11-2330 Milw Heated Gear Power Source,-- Unbranded --,-- No Unilog Brand --,-- No DIB Brand --,Milwaukee Accessory (4031),Milwaukee Accessory,Milwaukee,,48-11-2330,,Industrial Supplies>General,48-11-2330 Milw Heated Gear Power Source,,48-11-2330 Milw Heated Gear Power Source,,48-11-2330 Milw Heated Gear Power Source,,,,,,,,,,,,,,,,,,,,,,,,,,,Milw Heated Gear Power Source,Thread Size,48-11,,,,,,,,,,,,,,,,,,,,,,,,,,,,,,,,,,,,,,,,,,,,,,,,,,,,,,,,,,,,,,,,,,,,,,,,,,,,,,,,,,,,,,,,,,,,,,,,,,,,,,,,,,,,,,,,,,,,,,,,,,,,,,,,,,,,,,,,,,,,,,,,,,,,,,,,,,,,,,,,,,,,,,,,,,,,,,,,,,,,,,,,,,,,,,,,,,,
,,,,,,,,,,,DCBP250C,DCBP520C Dewalt Starter Kit,-- Unbranded --,-- No Unilog Brand --,DEWALT,Black & Decker/dewlt (2585),Black & Decker/dewlt,DEWALT,,DCBP250C,,Industrial Supplies>General,DCBP520C Dewalt Starter Kit,,DCBP520C Dewalt Starter Kit,,DCBP520C Dewalt Starter Kit,,,,,,,,,,,,,,,,,,,,,,,,,,,Dewalt Starter Kit,,,,,,,,,,,,,,,,,,,,,,,,,,,,,,,,,,,,,,,,,,,,,,,,,,,,,,,,,,,,,,,,,,,,,,,,,,,,,,,,,,,,,,,,,,,,,,,,,,,,,,,,,,,,,,,,,,,,,,,,,,,,,,,,,,,,,,,,,,,,,,,,,,,,,,,,,,,,,,,,,,,,,,,,,,,,,,,,,,,,,,,,,,,,,,,,,,,,,
,,,,,,,,,,,5328,5328 Lg. Leather Phone Holster - Clip-on,-- Unbranded --,-- No Unilog Brand --,-- No DIB Brand --,-,,,,5328,,Industrial Supplies>General,5328 Lg. Leather Phone Holster - Clip-on,,5328 Lg. Leather Phone Holster - Clip-on,,5328 Lg. Leather Phone Holster - Clip-on,,,,,,,,,,,,,,,,,,,,,,,,,,,Lg. Leather Phone Holster - Clip-on,,,,,,,,,,,,,,,,,,,,,,,,,,,,,,,,,,,,,,,,,,,,,,,,,,,,,,,,,,,,,,,,,,,,,,,,,,,,,,,,,,,,,,,,,,,,,,,,,,,,,,,,,,,,,,,,,,,,,,,,,,,,,,,,,,,,,,,,,,,,,,,,,,,,,,,,,,,,,,,,,,,,,,,,,,,,,,,,,,,,,,,,,,,,,,,,,,,,,
,,,,,,,,,,,3200-20,3200-20 Milw Voltage Detector,-- Unbranded --,-- No Unilog Brand --,-- No DIB Brand --,Milwaukee Accessory (4031),Milwaukee Accessory,Milwaukee,,3200-20,,Industrial Supplies>General,3200-20 Milw Voltage Detector,,3200-20 Milw Voltage Detector,,3200-20 Milw Voltage Detector,,,,,,,,,,,,,,,,,,,,,,,,,,,Milw Voltage Detector,Thread Size,3200-20,,,,,,,,,,,,,,,,,,,,,,,,,,,,,,,,,,,,,,,,,,,,,,,,,,,,,,,,,,,,,,,,,,,,,,,,,,,,,,,,,,,,,,,,,,,,,,,,,,,,,,,,,,,,,,,,,,,,,,,,,,,,,,,,,,,,,,,,,,,,,,,,,,,,,,,,,,,,,,,,,,,,,,,,,,,,,,,,,,,,,,,,,,,,,,,,,,,
,,,,,,,,,,,3202-20,3202-20 Milw Voltage Detector w/ LED,-- Unbranded --,-- No Unilog Brand --,-- No DIB Brand --,Milwaukee Accessory (4031),Milwaukee Accessory,Milwaukee,,3202-20,,Industrial Supplies>General,3202-20 Milw Voltage Detector w/ LED,,3202-20 Milw Voltage Detector w/ LED,,3202-20 Milw Voltage Detector w/ LED,,,,,,,,,,,,,,,,,,,,,,,,,,,Milw Voltage Detector w/ LED,Thread Size,3202-20,,,,,,,,,,,,,,,,,,,,,,,,,,,,,,,,,,,,,,,,,,,,,,,,,,,,,,,,,,,,,,,,,,,,,,,,,,,,,,,,,,,,,,,,,,,,,,,,,,,,,,,,,,,,,,,,,,,,,,,,,,,,,,,,,,,,,,,,,,,,,,,,,,,,,,,,,,,,,,,,,,,,,,,,,,,,,,,,,,,,,,,,,,,,,,,,,,,
,,,,,,,,,,,3203-20,3203-20 Milw Dual Range Voltage Detector w/ LED,-- Unbranded --,-- No Unilog Brand --,-- No DIB Brand --,Milwaukee Accessory (4031),Milwaukee Accessory,Milwaukee,,3203-20,,Appliances & Consumer Electronics>Kitchen Appliances,3203-20 Milw Dual Range Voltage Detector w/ LED,,3203-20 Milw Dual Range Voltage Detector w/ LED,,3203-20 Milw Dual Range Voltage Detector w/ LED,,,,,,,,,,,,,,,,,,,,,,,,,,,Milw Dual Range Voltage Detector w/ LED,Thread Size,3203-20,,,,,,,,,,,,,,,,,,,,,,,,,,,,,,,,,,,,,,,,,,,,,,,,,,,,,,,,,,,,,,,,,,,,,,,,,,,,,,,,,,,,,,,,,,,,,,,,,,,,,,,,,,,,,,,,,,,,,,,,,,,,,,,,,,,,,,,,,,,,,,,,,,,,,,,,,,,,,,,,,,,,,,,,,,,,,,,,,,,,,,,,,,,,,,,,,,,
,,,,,,,,,,,BC-12300,"BC-12300 BigCal 12""/300mm",-- Unbranded --,-- No Unilog Brand --,-- No DIB Brand --,Woodpeckers Inc (WOODP),Woodpeckers Inc,,,BC-12300,,Industrial Supplies>General,"BC-12300 BigCal 12""/300mm",,"BC-12300 BigCal 12""/300mm",,"BC-12300 BigCal 12""/300mm",,300mm,,,,,,,,,,,,,,,,,,,,,,,,,"BigCal 12""/300mm",Size,300,mm,,,,,,,,,,,,,,,,,,,,,,,,,,,,,,,,,,,,,,,,,,,,,,,,,,,,,,,,,,,,,,,,,,,,,,,,,,,,,,,,,,,,,,,,,,,,,,,,,,,,,,,,,,,,,,,,,,,,,,,,,,,,,,,,,,,,,,,,,,,,,,,,,,,,,,,,,,,,,,,,,,,,,,,,,,,,,,,,,,,,,,,,,,,,,,,,,,
,,,,,,,,,,,BC-24600,"BC-24600 BigCal 24""/600mm",-- Unbranded --,-- No Unilog Brand --,-- No DIB Brand --,Woodpeckers Inc (WOODP),Woodpeckers Inc,,,BC-24600,,Industrial Supplies>General,"BC-24600 BigCal 24""/600mm",,"BC-24600 BigCal 24""/600mm",,"BC-24600 BigCal 24""/600mm",,600mm,,,,,,,,,,,,,,,,,,,,,,,,,"BigCal 24""/600mm",Size,600,mm,,,,,,,,,,,,,,,,,,,,,,,,,,,,,,,,,,,,,,,,,,,,,,,,,,,,,,,,,,,,,,,,,,,,,,,,,,,,,,,,,,,,,,,,,,,,,,,,,,,,,,,,,,,,,,,,,,,,,,,,,,,,,,,,,,,,,,,,,,,,,,,,,,,,,,,,,,,,,,,,,,,,,,,,,,,,,,,,,,,,,,,,,,,,,,,,,,
,,,,,,,,,,,DW08302CG,DW08302CG Dewalt Laser - Green 3 Spot,-- Unbranded --,-- No Unilog Brand --,DEWALT,Black & Decker/dewlt (2585),Black & Decker/dewlt,DEWALT,,DW08302CG,,Industrial Supplies>General,DW08302CG Dewalt Laser - Green 3 Spot,,DW08302CG Dewalt Laser - Green 3 Spot,,DW08302CG Dewalt Laser - Green 3 Spot,,,,,,,,,,,,,,,,,,,,,,,,,,,Dewalt Laser - Green 3 Spot,,,,,,,,,,,,,,,,,,,,,,,,,,,,,,,,,,,,,,,,,,,,,,,,,,,,,,,,,,,,,,,,,,,,,,,,,,,,,,,,,,,,,,,,,,,,,,,,,,,,,,,,,,,,,,,,,,,,,,,,,,,,,,,,,,,,,,,,,,,,,,,,,,,,,,,,,,,,,,,,,,,,,,,,,,,,,,,,,,,,,,,,,,,,,,,,,,,,,
,,,,,,,,,,,GCL165-42GL,GCL165--42GL Cross Line Laser,-- Unbranded --,-- No Unilog Brand --,-- No DIB Brand --,Robt Bosch Tool Corp (6564),Robt Bosch Tool Corp,,,GCL165-42GL,,Industrial Supplies>General,GCL165--42GL Cross Line Laser,,GCL165--42GL Cross Line Laser,,GCL165--42GL Cross Line Laser,,,,,,,,,,,,,,,,,,,,,,,,,,,Cross Line Laser,,,,,,,,,,,,,,,,,,,,,,,,,,,,,,,,,,,,,,,,,,,,,,,,,,,,,,,,,,,,,,,,,,,,,,,,,,,,,,,,,,,,,,,,,,,,,,,,,,,,,,,,,,,,,,,,,,,,,,,,,,,,,,,,,,,,,,,,,,,,,,,,,,,,,,,,,,,,,,,,,,,,,,,,,,,,,,,,,,,,,,,,,,,,,,,,,,,,,
,,,,,,,,,,,DW08802CG,DW08802CG Dewalt Laser Green - Self-Level Cross Line,-- Unbranded --,-- No Unilog Brand --,DEWALT,Black & Decker/dewlt (2585),Black & Decker/dewlt,DEWALT,,DW08802CG,,Industrial Supplies>General,DW08802CG Dewalt Laser Green - Self-Level Cross Line,,DW08802CG Dewalt Laser Green - Self-Level Cross Line,,DW08802CG Dewalt Laser Green - Self-Level Cross Line,,,,,,,,,,,,,,,,,,,,,,,,,,,Dewalt Laser Green - Self-Level Cross Line,,,,,,,,,,,,,,,,,,,,,,,,,,,,,,,,,,,,,,,,,,,,,,,,,,,,,,,,,,,,,,,,,,,,,,,,,,,,,,,,,,,,,,,,,,,,,,,,,,,,,,,,,,,,,,,,,,,,,,,,,,,,,,,,,,,,,,,,,,,,,,,,,,,,,,,,,,,,,,,,,,,,,,,,,,,,,,,,,,,,,,,,,,,,,,,,,,,,,
,,,,,,,,,,,DW088CG,DW088CG Dewalt Laser - Green Cross Line,-- Unbranded --,-- No Unilog Brand --,DEWALT,Black & Decker/dewlt (2585),Black & Decker/dewlt,DEWALT,,DW088CG,,Industrial Supplies>General,DW088CG Dewalt Laser - Green Cross Line,,DW088CG Dewalt Laser - Green Cross Line,,DW088CG Dewalt Laser - Green Cross Line,,,,,,,,,,,,,,,,,,,,,,,,,,,Dewalt Laser - Green Cross Line,,,,,,,,,,,,,,,,,,,,,,,,,,,,,,,,,,,,,,,,,,,,,,,,,,,,,,,,,,,,,,,,,,,,,,,,,,,,,,,,,,,,,,,,,,,,,,,,,,,,,,,,,,,,,,,,,,,,,,,,,,,,,,,,,,,,,,,,,,,,,,,,,,,,,,,,,,,,,,,,,,,,,,,,,,,,,,,,,,,,,,,,,,,,,,,,,,,,,
,,,,,,,,,,,DW089CG,DW089CG Dewalt Laser Level - 3 Line 30ft Range,-- Unbranded --,-- No Unilog Brand --,DEWALT,Black & Decker/dewlt (2585),Black & Decker/dewlt,DEWALT,,DW089CG,,Appliances & Consumer Electronics>Kitchen Appliances,DW089CG Dewalt Laser Level - 3 Line 30ft Range,,DW089CG Dewalt Laser Level - 3 Line 30ft Range,,DW089CG Dewalt Laser Level - 3 Line 30ft Range,,,,,,,,,,,,,,,,,,,,,,,,,,,Dewalt Laser Level - 3 Line 30ft Range,,,,,,,,,,,,,,,,,,,,,,,,,,,,,,,,,,,,,,,,,,,,,,,,,,,,,,,,,,,,,,,,,,,,,,,,,,,,,,,,,,,,,,,,,,,,,,,,,,,,,,,,,,,,,,,,,,,,,,,,,,,,,,,,,,,,,,,,,,,,,,,,,,,,,,,,,,,,,,,,,,,,,,,,,,,,,,,,,,,,,,,,,,,,,,,,,,,,,
,,,,,,,,,,,DCLE34520GB,DCLE34520GB Dewalt Laser 20V - Cross Line 5 Spot (Bare),-- Unbranded --,-- No Unilog Brand --,DEWALT,Black & Decker/dewlt (2585),Black & Decker/dewlt,DEWALT,,DCLE34520GB,,Industrial Supplies>General,DCLE34520GB Dewalt Laser 20V - Cross Line 5 Spot (Bare),,DCLE34520GB Dewalt Laser 20V - Cross Line 5 Spot (Bare),,DCLE34520GB Dewalt Laser 20V - Cross Line 5 Spot (Bare),,,,,,,,,,,,,,,,,,,,,,,,,,,Dewalt Laser 20V - Cross Line 5 Spot (Bare),,,,,,,,,,,,,,,,,,,,,,,,,,,,,,,,,,,,,,,,,,,,,,,,,,,,,,,,,,,,,,,,,,,,,,,,,,,,,,,,,,,,,,,,,,,,,,,,,,,,,,,,,,,,,,,,,,,,,,,,,,,,,,,,,,,,,,,,,,,,,,,,,,,,,,,,,,,,,,,,,,,,,,,,,,,,,,,,,,,,,,,,,,,,,,,,,,,,,
,,,,,,,,,,,DCLE34031B,DCLE34031B Dewalt Line Laser - 20V Self-Leveling (Bare),-- Unbranded --,-- No Unilog Brand --,DEWALT,Black & Decker/dewlt (2585),Black & Decker/dewlt,DEWALT,,DCLE34031B,,Industrial Supplies>General,DCLE34031B Dewalt Line Laser - 20V Self-Leveling (Bare),,DCLE34031B Dewalt Line Laser - 20V Self-Leveling (Bare),,DCLE34031B Dewalt Line Laser - 20V Self-Leveling (Bare),,,,,,,,,,,,,,,,,,,,,,,,,,,Dewalt Line Laser - 20V Self-Leveling (Bare),,,,,,,,,,,,,,,,,,,,,,,,,,,,,,,,,,,,,,,,,,,,,,,,,,,,,,,,,,,,,,,,,,,,,,,,,,,,,,,,,,,,,,,,,,,,,,,,,,,,,,,,,,,,,,,,,,,,,,,,,,,,,,,,,,,,,,,,,,,,,,,,,,,,,,,,,,,,,,,,,,,,,,,,,,,,,,,,,,,,,,,,,,,,,,,,,,,,,
,,,,,,,,,,,DW0822CG,DW0822CG Dewalt Cross Line - Plumb Spots Laser-Green,-- Unbranded --,-- No Unilog Brand --,DEWALT,Black & Decker/dewlt (2585),Black & Decker/dewlt,DEWALT,,DW0822CG,,Industrial Supplies>General,DW0822CG Dewalt Cross Line - Plumb Spots Laser-Green,,DW0822CG Dewalt Cross Line - Plumb Spots Laser-Green,,DW0822CG Dewalt Cross Line - Plumb Spots Laser-Green,,,,,,,,,,,,,,,,,,,,,,,,,,,Dewalt Cross Line - Plumb Spots Laser-Green,,,,,,,,,,,,,,,,,,,,,,,,,,,,,,,,,,,,,,,,,,,,,,,,,,,,,,,,,,,,,,,,,,,,,,,,,,,,,,,,,,,,,,,,,,,,,,,,,,,,,,,,,,,,,,,,,,,,,,,,,,,,,,,,,,,,,,,,,,,,,,,,,,,,,,,,,,,,,,,,,,,,,,,,,,,,,,,,,,,,,,,,,,,,,,,,,,,,,
,,,,,,,,,,,25459,25459 Mason Line Brd Orange - 500',-- Unbranded --,-- No Unilog Brand --,-- No DIB Brand --,U S Tape Company (6694),U S Tape Company,,,25459,,Appliances & Consumer Electronics>Kitchen Appliances,25459 Mason Line Brd Orange - 500',,25459 Mason Line Brd Orange - 500',,25459 Mason Line Brd Orange - 500',,,,,,,,,,,,,,,,,,,,,,,,,,,Mason Line Brd Orange - 500',,,,,,,,,,,,,,,,,,,,,,,,,,,,,,,,,,,,,,,,,,,,,,,,,,,,,,,,,,,,,,,,,,,,,,,,,,,,,,,,,,,,,,,,,,,,,,,,,,,,,,,,,,,,,,,,,,,,,,,,,,,,,,,,,,,,,,,,,,,,,,,,,,,,,,,,,,,,,,,,,,,,,,,,,,,,,,,,,,,,,,,,,,,,,,,,,,,,,
,,,,,,,,,,,35459,35459 Mason Line Brd Orange - 500' Replacement,-- Unbranded --,-- No Unilog Brand --,-- No DIB Brand --,U S Tape Company (6694),U S Tape Company,,,35459,,Appliances & Consumer Electronics>Kitchen Appliances,35459 Mason Line Brd Orange - 500' Replacement,,35459 Mason Line Brd Orange - 500' Replacement,,35459 Mason Line Brd Orange - 500' Replacement,,,,,,,,,,,,,,,,,,,,,,,,,,,Mason Line Brd Orange - 500' Replacement,,,,,,,,,,,,,,,,,,,,,,,,,,,,,,,,,,,,,,,,,,,,,,,,,,,,,,,,,,,,,,,,,,,,,,,,,,,,,,,,,,,,,,,,,,,,,,,,,,,,,,,,,,,,,,,,,,,,,,,,,,,,,,,,,,,,,,,,,,,,,,,,,,,,,,,,,,,,,,,,,,,,,,,,,,,,,,,,,,,,,,,,,,,,,,,,,,,,,
,,,,,,,,,,,25759,25759 Mason Line Brd Orange - 1000',-- Unbranded --,-- No Unilog Brand --,-- No DIB Brand --,U S Tape Company (6694),U S Tape Company,,,25759,,Appliances & Consumer Electronics>Kitchen Appliances,25759 Mason Line Brd Orange - 1000',,25759 Mason Line Brd Orange - 1000',,25759 Mason Line Brd Orange - 1000',,,,,,,,,,,,,,,,,,,,,,,,,,,Mason Line Brd Orange - 1000',,,,,,,,,,,,,,,,,,,,,,,,,,,,,,,,,,,,,,,,,,,,,,,,,,,,,,,,,,,,,,,,,,,,,,,,,,,,,,,,,,,,,,,,,,,,,,,,,,,,,,,,,,,,,,,,,,,,,,,,,,,,,,,,,,,,,,,,,,,,,,,,,,,,,,,,,,,,,,,,,,,,,,,,,,,,,,,,,,,,,,,,,,,,,,,,,,,,,
,,,,,,,,,,,35112,35112 Mason Line Twist Yellow - 270',-- Unbranded --,-- No Unilog Brand --,-- No DIB Brand --,U S Tape Company (6694),U S Tape Company,,,35112,,Industrial Supplies>General,35112 Mason Line Twist Yellow - 270',,35112 Mason Line Twist Yellow - 270',,35112 Mason Line Twist Yellow - 270',,,,,,,,,,,,,,,,,,,,,,,,,,,Mason Line Twist Yellow - 270',,,,,,,,,,,,,,,,,,,,,,,,,,,,,,,,,,,,,,,,,,,,,,,,,,,,,,,,,,,,,,,,,,,,,,,,,,,,,,,,,,,,,,,,,,,,,,,,,,,,,,,,,,,,,,,,,,,,,,,,,,,,,,,,,,,,,,,,,,,,,,,,,,,,,,,,,,,,,,,,,,,,,,,,,,,,,,,,,,,,,,,,,,,,,,,,,,,,,
,,,,,,,,,,,35115,35115 Mason Line Twist Green - 270',-- Unbranded --,-- No Unilog Brand --,-- No DIB Brand --,U S Tape Company (6694),U S Tape Company,,,35115,,Industrial Supplies>General,35115 Mason Line Twist Green - 270',,35115 Mason Line Twist Green - 270',,35115 Mason Line Twist Green - 270',,,,,,,,,,,,,,,,,,,,,,,,,,,Mason Line Twist Green - 270',,,,,,,,,,,,,,,,,,,,,,,,,,,,,,,,,,,,,,,,,,,,,,,,,,,,,,,,,,,,,,,,,,,,,,,,,,,,,,,,,,,,,,,,,,,,,,,,,,,,,,,,,,,,,,,,,,,,,,,,,,,,,,,,,,,,,,,,,,,,,,,,,,,,,,,,,,,,,,,,,,,,,,,,,,,,,,,,,,,,,,,,,,,,,,,,,,,,,
,,,,,,,,,,,25168,25168 Mason Line Brd Green - 250',CENTURY COMPONENTS,-- No Unilog Brand --,-- No DIB Brand --,U S Tape Company (6694),U S Tape Company,CENTURY COMPONENTS,,25168,,Industrial Supplies>General,25168 Mason Line Brd Green - 250',,25168 Mason Line Brd Green - 250',,25168 Mason Line Brd Green - 250',,,,,,,,,,,,,,,,,,,,,,,,,,,Mason Line Brd Green - 250',,,,,,,,,,,,,,,,,,,,,,,,,,,,,,,,,,,,,,,,,,,,,,,,,,,,,,,,,,,,,,,,,,,,,,,,,,,,,,,,,,,,,,,,,,,,,,,,,,,,,,,,,,,,,,,,,,,,,,,,,,,,,,,,,,,,,,,,,,,,,,,,,,,,,,,,,,,,,,,,,,,,,,,,,,,,,,,,,,,,,,,,,,,,,,,,,,,,,
,,,,,,,,,,,35468,35468 Mason Line Brd Green - 500' Replacement,-- Unbranded --,-- No Unilog Brand --,-- No DIB Brand --,U S Tape Company (6694),U S Tape Company,,,35468,,Industrial Supplies>General,35468 Mason Line Brd Green - 500' Replacement,,35468 Mason Line Brd Green - 500' Replacement,,35468 Mason Line Brd Green - 500' Replacement,,,,,,,,,,,,,,,,,,,,,,,,,,,Mason Line Brd Green - 500' Replacement,,,,,,,,,,,,,,,,,,,,,,,,,,,,,,,,,,,,,,,,,,,,,,,,,,,,,,,,,,,,,,,,,,,,,,,,,,,,,,,,,,,,,,,,,,,,,,,,,,,,,,,,,,,,,,,,,,,,,,,,,,,,,,,,,,,,,,,,,,,,,,,,,,,,,,,,,,,,,,,,,,,,,,,,,,,,,,,,,,,,,,,,,,,,,,,,,,,,,
,,,,,,,,,,,35494,35494 Mason Line Brd Blk/Yellw - 500' Replacement,-- Unbranded --,-- No Unilog Brand --,-- No DIB Brand --,U S Tape Company (6694),U S Tape Company,,,35494,,Industrial Supplies>General,35494 Mason Line Brd Blk/Yellw - 500' Replacement,,35494 Mason Line Brd Blk/Yellw - 500' Replacement,,35494 Mason Line Brd Blk/Yellw - 500' Replacement,,,,,,,,,,,,,,,,,,,,,,,,,,,Mason Line Brd Blk/Yellw - 500' Replacement,,,,,,,,,,,,,,,,,,,,,,,,,,,,,,,,,,,,,,,,,,,,,,,,,,,,,,,,,,,,,,,,,,,,,,,,,,,,,,,,,,,,,,,,,,,,,,,,,,,,,,,,,,,,,,,,,,,,,,,,,,,,,,,,,,,,,,,,,,,,,,,,,,,,,,,,,,,,,,,,,,,,,,,,,,,,,,,,,,,,,,,,,,,,,,,,,,,,,
,,,,,,,,,,,MLSQ0120,"MLSQ0120 Milw 12"" RafterSquare",-- Unbranded --,-- No Unilog Brand --,-- No DIB Brand --,Milwaukee Accessory (4031),Milwaukee Accessory,Milwaukee,,MLSQ0120,,Industrial Supplies>General,"MLSQ0120 Milw 12"" RafterSquare",,"MLSQ0120 Milw 12"" RafterSquare",,"MLSQ0120 Milw 12"" RafterSquare",,,,,,,,,,,,,,,,,,,,,,,,,,,"Milw 12"" RafterSquare",,,,,,,,,,,,,,,,,,,,,,,,,,,,,,,,,,,,,,,,,,,,,,,,,,,,,,,,,,,,,,,,,,,,,,,,,,,,,,,,,,,,,,,,,,,,,,,,,,,,,,,,,,,,,,,,,,,,,,,,,,,,,,,,,,,,,,,,,,,,,,,,,,,,,,,,,,,,,,,,,,,,,,,,,,,,,,,,,,,,,,,,,,,,,,,,,,,,,
,,,,,,,,,,,MLSQ1120,MLSQ1120 Milw 300mm Rafter - Square (Metric),-- Unbranded --,-- No Unilog Brand --,-- No DIB Brand --,Milwaukee Accessory (4031),Milwaukee Accessory,Milwaukee,,MLSQ1120,,Industrial Supplies>General,MLSQ1120 Milw 300mm Rafter - Square (Metric),,MLSQ1120 Milw 300mm Rafter - Square (Metric),,MLSQ1120 Milw 300mm Rafter - Square (Metric),,300mm,,,,,,,,,,,,,,,,,,,,,,,,,Milw 300mm Rafter - Square (Metric),Size,300,mm,,,,,,,,,,,,,,,,,,,,,,,,,,,,,,,,,,,,,,,,,,,,,,,,,,,,,,,,,,,,,,,,,,,,,,,,,,,,,,,,,,,,,,,,,,,,,,,,,,,,,,,,,,,,,,,,,,,,,,,,,,,,,,,,,,,,,,,,,,,,,,,,,,,,,,,,,,,,,,,,,,,,,,,,,,,,,,,,,,,,,,,,,,,,,,,,,,
,,,,,,,,,,,55227,"55227 Amana Countersink/Stop 1/8"" Drill TB",-- Unbranded --,-- No Unilog Brand --,-- No DIB Brand --,Amana Tool Corp (AMATO),Amana Tool Corp,,,55227,,Industrial Supplies>General,"55227 Amana Countersink/Stop 1/8"" Drill TB",,"55227 Amana Countersink/Stop 1/8"" Drill TB",,"55227 Amana Countersink/Stop 1/8"" Drill TB",,,,,,,,,,,,,,,,,,,,,,,,,,,"Amana Countersink/Stop 1/8"" Drill TB",,,,,,,,,,,,,,,,,,,,,,,,,,,,,,,,,,,,,,,,,,,,,,,,,,,,,,,,,,,,,,,,,,,,,,,,,,,,,,,,,,,,,,,,,,,,,,,,,,,,,,,,,,,,,,,,,,,,,,,,,,,,,,,,,,,,,,,,,,,,,,,,,,,,,,,,,,,,,,,,,,,,,,,,,,,,,,,,,,,,,,,,,,,,,,,,,,,,,
,,,,,,,,,,,37300952,"095842 Fisch Plug Cutter 3/8""",-- Unbranded --,-- No Unilog Brand --,-- No DIB Brand --,-,,,,37300952,,Industrial Supplies>General,"095842 Fisch Plug Cutter 3/8""",,"095842 Fisch Plug Cutter 3/8""",,"095842 Fisch Plug Cutter 3/8""",,,,,,,,,,,,,,,,,,,,,,,,,,,"Fisch Plug Cutter 3/8""",,,,,,,,,,,,,,,,,,,,,,,,,,,,,,,,,,,,,,,,,,,,,,,,,,,,,,,,,,,,,,,,,,,,,,,,,,,,,,,,,,,,,,,,,,,,,,,,,,,,,,,,,,,,,,,,,,,,,,,,,,,,,,,,,,,,,,,,,,,,,,,,,,,,,,,,,,,,,,,,,,,,,,,,,,,,,,,,,,,,,,,,,,,,,,,,,,,,,
,,,,,,,,,,,6008,6008 Whiteside Router Bit,-- Unbranded --,-- No Unilog Brand --,-- No DIB Brand --,Whiteside Machine & Repair Co (WHIMA),Whiteside Machine & Repair Co,,,6008,,Industrial Supplies>General,6008 Whiteside Router Bit,,6008 Whiteside Router Bit,,6008 Whiteside Router Bit,,,,,,,,,,,,,,,,,,,,,,,,,,,Whiteside Router Bit,,,,,,,,,,,,,,,,,,,,,,,,,,,,,,,,,,,,,,,,,,,,,,,,,,,,,,,,,,,,,,,,,,,,,,,,,,,,,,,,,,,,,,,,,,,,,,,,,,,,,,,,,,,,,,,,,,,,,,,,,,,,,,,,,,,,,,,,,,,,,,,,,,,,,,,,,,,,,,,,,,,,,,,,,,,,,,,,,,,,,,,,,,,,,,,,,,,,,
,,,,,,,,,,,6009,6009 Whiteside Router Bit,-- Unbranded --,-- No Unilog Brand --,-- No DIB Brand --,Whiteside Machine & Repair Co (WHIMA),Whiteside Machine & Repair Co,,,6009,,Industrial Supplies>General,6009 Whiteside Router Bit,,6009 Whiteside Router Bit,,6009 Whiteside Router Bit,,,,,,,,,,,,,,,,,,,,,,,,,,,Whiteside Router Bit,,,,,,,,,,,,,,,,,,,,,,,,,,,,,,,,,,,,,,,,,,,,,,,,,,,,,,,,,,,,,,,,,,,,,,,,,,,,,,,,,,,,,,,,,,,,,,,,,,,,,,,,,,,,,,,,,,,,,,,,,,,,,,,,,,,,,,,,,,,,,,,,,,,,,,,,,,,,,,,,,,,,,,,,,,,,,,,,,,,,,,,,,,,,,,,,,,,,,
,,,,,,,,,,,3000A,3000A Whiteside Router Bit,-- Unbranded --,-- No Unilog Brand --,-- No DIB Brand --,Whiteside Machine & Repair Co (WHIMA),Whiteside Machine & Repair Co,,,3000A,,Industrial Supplies>General,3000A Whiteside Router Bit,,3000A Whiteside Router Bit,,3000A Whiteside Router Bit,,,,,,,,,,,,,,,,,,,,,,,,,,,Whiteside Router Bit,,,,,,,,,,,,,,,,,,,,,,,,,,,,,,,,,,,,,,,,,,,,,,,,,,,,,,,,,,,,,,,,,,,,,,,,,,,,,,,,,,,,,,,,,,,,,,,,,,,,,,,,,,,,,,,,,,,,,,,,,,,,,,,,,,,,,,,,,,,,,,,,,,,,,,,,,,,,,,,,,,,,,,,,,,,,,,,,,,,,,,,,,,,,,,,,,,,,,
,,,,,,,,,,,MID6630201US,MID6630201US Deos663XCV Sander,-- Unbranded --,-- No Unilog Brand --,-- No DIB Brand --,Mirka Abrasives Inc (MIRUS),Mirka Abrasives Inc,Mirka,,MID6630201US,,Industrial Supplies>General,MID6630201US Deos663XCV Sander,,MID6630201US Deos663XCV Sander,,MID6630201US Deos663XCV Sander,,,,,,,,,,,,,,,,,,,,,,,,,,,Deos663XCV Sander,,,,,,,,,,,,,,,,,,,,,,,,,,,,,,,,,,,,,,,,,,,,,,,,,,,,,,,,,,,,,,,,,,,,,,,,,,,,,,,,,,,,,,,,,,,,,,,,,,,,,,,,,,,,,,,,,,,,,,,,,,,,,,,,,,,,,,,,,,,,,,,,,,,,,,,,,,,,,,,,,,,,,,,,,,,,,,,,,,,,,,,,,,,,,,,,,,,,,
,,,,,,,,,,,DCF6202,DCF6202 Dewalt Collated Attach,-- Unbranded --,-- No Unilog Brand --,DEWALT,Black & Decker/dewlt (2585),Black & Decker/dewlt,DEWALT,,DCF6202,,Industrial Supplies>General,DCF6202 Dewalt Collated Attach,,DCF6202 Dewalt Collated Attach,,DCF6202 Dewalt Collated Attach,,,,,,,,,,,,,,,,,,,,,,,,,,,Dewalt Collated Attach,,,,,,,,,,,,,,,,,,,,,,,,,,,,,,,,,,,,,,,,,,,,,,,,,,,,,,,,,,,,,,,,,,,,,,,,,,,,,,,,,,,,,,,,,,,,,,,,,,,,,,,,,,,,,,,,,,,,,,,,,,,,,,,,,,,,,,,,,,,,,,,,,,,,,,,,,,,,,,,,,,,,,,,,,,,,,,,,,,,,,,,,,,,,,,,,,,,,,
,,,,,,,,,,,25468,25468 Mason Line Brd Green - 500',-- Unbranded --,-- No Unilog Brand --,-- No DIB Brand --,U S Tape Company (6694),U S Tape Company,,,25468,,Industrial Supplies>General,25468 Mason Line Brd Green - 500',,25468 Mason Line Brd Green - 500',,25468 Mason Line Brd Green - 500',,,,,,,,,,,,,,,,,,,,,,,,,,,Mason Line Brd Green - 500',,,,,,,,,,,,,,,,,,,,,,,,,,,,,,,,,,,,,,,,,,,,,,,,,,,,,,,,,,,,,,,,,,,,,,,,,,,,,,,,,,,,,,,,,,,,,,,,,,,,,,,,,,,,,,,,,,,,,,,,,,,,,,,,,,,,,,,,,,,,,,,,,,,,,,,,,,,,,,,,,,,,,,,,,,,,,,,,,,,,,,,,,,,,,,,,,,,,,
,,,,,,,,,,,25762,25762 Mason Line Brd Pink - 1000',-- Unbranded --,-- No Unilog Brand --,-- No DIB Brand --,U S Tape Company (6694),U S Tape Company,,,25762,,Industrial Supplies>General,25762 Mason Line Brd Pink - 1000',,25762 Mason Line Brd Pink - 1000',,25762 Mason Line Brd Pink - 1000',,,,,,,,,,,,,,,,,,,,,,,,,,,Mason Line Brd Pink - 1000',,,,,,,,,,,,,,,,,,,,,,,,,,,,,,,,,,,,,,,,,,,,,,,,,,,,,,,,,,,,,,,,,,,,,,,,,,,,,,,,,,,,,,,,,,,,,,,,,,,,,,,,,,,,,,,,,,,,,,,,,,,,,,,,,,,,,,,,,,,,,,,,,,,,,,,,,,,,,,,,,,,,,,,,,,,,,,,,,,,,,,,,,,,,,,,,,,,,,
,,,,,,,,,,,21839NN,"21839NN File Bstd Mill 10""",-- Unbranded --,-- No Unilog Brand --,Nicholson,-,,Nicholson,,21839NN,,Industrial Supplies>General,"21839NN File Bstd Mill 10""",,"21839NN File Bstd Mill 10""",,"21839NN File Bstd Mill 10""",,,,,,,,,,,,,,,,,,,,,,,,,,,"File Bstd Mill 10""",,,,,,,,,,,,,,,,,,,,,,,,,,,,,,,,,,,,,,,,,,,,,,,,,,,,,,,,,,,,,,,,,,,,,,,,,,,,,,,,,,,,,,,,,,,,,,,,,,,,,,,,,,,,,,,,,,,,,,,,,,,,,,,,,,,,,,,,,,,,,,,,,,,,,,,,,,,,,,,,,,,,,,,,,,,,,,,,,,,,,,,,,,,,,,,,,,,,,
,,,,,,,,,,,VN56920,"VN56920 10 1/2"" Saw Blade",-- Unbranded --,-- No Unilog Brand --,-- No DIB Brand --,Marshalltown Trowel (5155),Marshalltown Trowel,,,VN56920,,Industrial Supplies>General,"VN56920 10 1/2"" Saw Blade",,"VN56920 10 1/2"" Saw Blade",,"VN56920 10 1/2"" Saw Blade",,,,,,,,,,,,,,,,,,,,,,,,,,,"10 1/2"" Saw Blade",,,,,,,,,,,,,,,,,,,,,,,,,,,,,,,,,,,,,,,,,,,,,,,,,,,,,,,,,,,,,,,,,,,,,,,,,,,,,,,,,,,,,,,,,,,,,,,,,,,,,,,,,,,,,,,,,,,,,,,,,,,,,,,,,,,,,,,,,,,,,,,,,,,,,,,,,,,,,,,,,,,,,,,,,,,,,,,,,,,,,,,,,,,,,,,,,,,,,
,,,,,,,,,,,133164,133164 950/9 Hex Plus Spks - Multicolor,-- Unbranded --,-- No Unilog Brand --,-- No DIB Brand --,Wera Tools NA Inc (WERTO),Wera Tools NA Inc,,,133164,,Industrial Supplies>General,133164 950/9 Hex Plus Spks - Multicolor,,133164 950/9 Hex Plus Spks - Multicolor,,133164 950/9 Hex Plus Spks - Multicolor,,,,,,,,,,,,,,,,,,,,,,,,,,,950/9 Hex Plus Spks - Multicolor,,,,,,,,,,,,,,,,,,,,,,,,,,,,,,,,,,,,,,,,,,,,,,,,,,,,,,,,,,,,,,,,,,,,,,,,,,,,,,,,,,,,,,,,,,,,,,,,,,,,,,,,,,,,,,,,,,,,,,,,,,,,,,,,,,,,,,,,,,,,,,,,,,,,,,,,,,,,,,,,,,,,,,,,,,,,,,,,,,,,,,,,,,,,,,,,,,,,,
,,,,,,,,,,,DWHT10993,DWHT10993 Folding Knife,-- Unbranded --,-- No Unilog Brand --,DEWALT,Black & Decker/dewlt (2585),Black & Decker/dewlt,DEWALT,,DWHT10993,,Industrial Supplies>General,DWHT10993 Folding Knife,,DWHT10993 Folding Knife,,DWHT10993 Folding Knife,,,,,,,,,,,,,,,,,,,,,,,,,,,Folding Knife,,,,,,,,,,,,,,,,,,,,,,,,,,,,,,,,,,,,,,,,,,,,,,,,,,,,,,,,,,,,,,,,,,,,,,,,,,,,,,,,,,,,,,,,,,,,,,,,,,,,,,,,,,,,,,,,,,,,,,,,,,,,,,,,,,,,,,,,,,,,,,,,,,,,,,,,,,,,,,,,,,,,,,,,,,,,,,,,,,,,,,,,,,,,,,,,,,,,,
,,,,,,,,,,,DWHT10994,DWHT10994 Folding Knife,-- Unbranded --,-- No Unilog Brand --,DEWALT,Black & Decker/dewlt (2585),Black & Decker/dewlt,DEWALT,,DWHT10994,,Industrial Supplies>General,DWHT10994 Folding Knife,,DWHT10994 Folding Knife,,DWHT10994 Folding Knife,,,,,,,,,,,,,,,,,,,,,,,,,,,Folding Knife,,,,,,,,,,,,,,,,,,,,,,,,,,,,,,,,,,,,,,,,,,,,,,,,,,,,,,,,,,,,,,,,,,,,,,,,,,,,,,,,,,,,,,,,,,,,,,,,,,,,,,,,,,,,,,,,,,,,,,,,,,,,,,,,,,,,,,,,,,,,,,,,,,,,,,,,,,,,,,,,,,,,,,,,,,,,,,,,,,,,,,,,,,,,,,,,,,,,,
,,,,,,,,,,,QB22RU,QB22RU Vessel Carrying Bit Holder (Red),-- Unbranded --,-- No Unilog Brand --,-- No DIB Brand --,Vessel Tools USA Inc (VESTO),Vessel Tools USA Inc,,,QB22RU,,Industrial Supplies>General,QB22RU Vessel Carrying Bit Holder (Red),,QB22RU Vessel Carrying Bit Holder (Red),,QB22RU Vessel Carrying Bit Holder (Red),,,,,,,,,,,,,,,,,,,,,,,,,,,Vessel Carrying Bit Holder (Red),,,,,,,,,,,,,,,,,,,,,,,,,,,,,,,,,,,,,,,,,,,,,,,,,,,,,,,,,,,,,,,,,,,,,,,,,,,,,,,,,,,,,,,,,,,,,,,,,,,,,,,,,,,,,,,,,,,,,,,,,,,,,,,,,,,,,,,,,,,,,,,,,,,,,,,,,,,,,,,,,,,,,,,,,,,,,,,,,,,,,,,,,,,,,,,,,,,,,
,,,,,,,,,,,QB22KU,QB22KU Vessel Carrying Bit Holder (Black),-- Unbranded --,-- No Unilog Brand --,-- No DIB Brand --,Vessel Tools USA Inc (VESTO),Vessel Tools USA Inc,BLACK+DECKER,,QB22KU,,Industrial Supplies>General,QB22KU Vessel Carrying Bit Holder (Black),,QB22KU Vessel Carrying Bit Holder (Black),,QB22KU Vessel Carrying Bit Holder (Black),,,,,,,,,,,,,,,,,,,,,,,,,,,Vessel Carrying Bit Holder (Black),,,,,,,,,,,,,,,,,,,,,,,,,,,,,,,,,,,,,,,,,,,,,,,,,,,,,,,,,,,,,,,,,,,,,,,,,,,,,,,,,,,,,,,,,,,,,,,,,,,,,,,,,,,,,,,,,,,,,,,,,,,,,,,,,,,,,,,,,,,,,,,,,,,,,,,,,,,,,,,,,,,,,,,,,,,,,,,,,,,,,,,,,,,,,,,,,,,,,
,,,,,,,,,,,AVM6EV,AVM6 EV Mini Snip Red,-- Unbranded --,-- No Unilog Brand --,-- No DIB Brand --,Malco Prod (2370),Malco Prod,,,AVM6EV,,Industrial Supplies>General,AVM6 EV Mini Snip Red,,AVM6 EV Mini Snip Red,,AVM6 EV Mini Snip Red,,,,,,,,,,,,,,,,,,,,,,,,,,,EV Mini Snip Red,,,,,,,,,,,,,,,,,,,,,,,,,,,,,,,,,,,,,,,,,,,,,,,,,,,,,,,,,,,,,,,,,,,,,,,,,,,,,,,,,,,,,,,,,,,,,,,,,,,,,,,,,,,,,,,,,,,,,,,,,,,,,,,,,,,,,,,,,,,,,,,,,,,,,,,,,,,,,,,,,,,,,,,,,,,,,,,,,,,,,,,,,,,,,,,,,,,,,
,,,,,,,,,,,AVM6EV,AVM7 EV Mini Snip Green,-- Unbranded --,-- No Unilog Brand --,-- No DIB Brand --,Malco Prod (2370),Malco Prod,,,AVM6EV,,Industrial Supplies>General,AVM7 EV Mini Snip Green,,AVM7 EV Mini Snip Green,,AVM7 EV Mini Snip Green,,,,,,,,,,,,,,,,,,,,,,,,,,,EV Mini Snip Green,,,,,,,,,,,,,,,,,,,,,,,,,,,,,,,,,,,,,,,,,,,,,,,,,,,,,,,,,,,,,,,,,,,,,,,,,,,,,,,,,,,,,,,,,,,,,,,,,,,,,,,,,,,,,,,,,,,,,,,,,,,,,,,,,,,,,,,,,,,,,,,,,,,,,,,,,,,,,,,,,,,,,,,,,,,,,,,,,,,,,,,,,,,,,,,,,,,,,
,,,,,,,,,,,DSA0250B,"DSA0250B 1/4"" Square x1/4"" Hex - Socket Adapter",-- Unbranded --,-- No Unilog Brand --,Diablo,Freud Inc (2435),Freud Inc,Diablo,,DSA0250B,,Industrial Supplies>General,"DSA0250B 1/4"" Square x1/4"" Hex - Socket Adapter",,"DSA0250B 1/4"" Square x1/4"" Hex - Socket Adapter",,"DSA0250B 1/4"" Square x1/4"" Hex - Socket Adapter",,,,,,,,,,,,,,,,,,,,,,,,,,,"1/4"" Square x1/4"" Hex - Socket Adapter",,,,,,,,,,,,,,,,,,,,,,,,,,,,,,,,,,,,,,,,,,,,,,,,,,,,,,,,,,,,,,,,,,,,,,,,,,,,,,,,,,,,,,,,,,,,,,,,,,,,,,,,,,,,,,,,,,,,,,,,,,,,,,,,,,,,,,,,,,,,,,,,,,,,,,,,,,,,,,,,,,,,,,,,,,,,,,,,,,,,,,,,,,,,,,,,,,,,,
,,,,,,,,,,,DSA0375B,"DSA0375B 3/8"" Square x1/4"" Hex - Socket Adapter",-- Unbranded --,-- No Unilog Brand --,Diablo,Freud Inc (2435),Freud Inc,Diablo,,DSA0375B,,Industrial Supplies>General,"DSA0375B 3/8"" Square x1/4"" Hex - Socket Adapter",,"DSA0375B 3/8"" Square x1/4"" Hex - Socket Adapter",,"DSA0375B 3/8"" Square x1/4"" Hex - Socket Adapter",,,,,,,,,,,,,,,,,,,,,,,,,,,"3/8"" Square x1/4"" Hex - Socket Adapter",,,,,,,,,,,,,,,,,,,,,,,,,,,,,,,,,,,,,,,,,,,,,,,,,,,,,,,,,,,,,,,,,,,,,,,,,,,,,,,,,,,,,,,,,,,,,,,,,,,,,,,,,,,,,,,,,,,,,,,,,,,,,,,,,,,,,,,,,,,,,,,,,,,,,,,,,,,,,,,,,,,,,,,,,,,,,,,,,,,,,,,,,,,,,,,,,,,,,
,,,,,,,,,,,DSA0500B,"DSA0500B 1/2"" Square x1/4"" Hex - Socket Adapter",-- Unbranded --,-- No Unilog Brand --,Diablo,Freud Inc (2435),Freud Inc,Diablo,,DSA0500B,,Industrial Supplies>General,"DSA0500B 1/2"" Square x1/4"" Hex - Socket Adapter",,"DSA0500B 1/2"" Square x1/4"" Hex - Socket Adapter",,"DSA0500B 1/2"" Square x1/4"" Hex - Socket Adapter",,,,,,,,,,,,,,,,,,,,,,,,,,,"1/2"" Square x1/4"" Hex - Socket Adapter",,,,,,,,,,,,,,,,,,,,,,,,,,,,,,,,,,,,,,,,,,,,,,,,,,,,,,,,,,,,,,,,,,,,,,,,,,,,,,,,,,,,,,,,,,,,,,,,,,,,,,,,,,,,,,,,,,,,,,,,,,,,,,,,,,,,,,,,,,,,,,,,,,,,,,,,,,,,,,,,,,,,,,,,,,,,,,,,,,,,,,,,,,,,,,,,,,,,,
,,,,,,,,,,,42-04-9107,"42-04-9107 Milw 3/8"" Drive Universal Joint",-- Unbranded --,-- No Unilog Brand --,-- No DIB Brand --,Milwaukee Accessory (4031),Milwaukee Accessory,Milwaukee,,42-04-9107,,Industrial Supplies>General,"42-04-9107 Milw 3/8"" Drive Universal Joint",,"42-04-9107 Milw 3/8"" Drive Universal Joint",,"42-04-9107 Milw 3/8"" Drive Universal Joint",,,,,,,,,,,,,,,,,,,,,,,,,,,"Milw 3/8"" Drive Universal Joint",Thread Size,42-04,,,,,,,,,,,,,,,,,,,,,,,,,,,,,,,,,,,,,,,,,,,,,,,,,,,,,,,,,,,,,,,,,,,,,,,,,,,,,,,,,,,,,,,,,,,,,,,,,,,,,,,,,,,,,,,,,,,,,,,,,,,,,,,,,,,,,,,,,,,,,,,,,,,,,,,,,,,,,,,,,,,,,,,,,,,,,,,,,,,,,,,,,,,,,,,,,,,
,,,,,,,,,,,48-22-9491,48-22-9491 Milw 242pc Ratchet & Socket Set 4-Drawer Tool Box,-- Unbranded --,-- No Unilog Brand --,-- No DIB Brand --,Milwaukee Accessory (4031),Milwaukee Accessory,Milwaukee,,48-22-9491,,Industrial Supplies>General,48-22-9491 Milw 242pc Ratchet & Socket Set 4-Drawer Tool Box,,48-22-9491 Milw 242pc Ratchet & Socket Set 4-Drawer Tool Box,,48-22-9491 Milw 242pc Ratchet & Socket Set 4-Drawer Tool Box,,242pc,,,,,,,,,,,,,,,,,,,,,,,,,Milw 242pc Ratchet & Socket Set 4-Drawer Tool Box,Pieces per Package,242,EA,Thread Size,48-22,,,,,,,,,,,,,,,,,,,,,,,,,,,,,,,,,,,,,,,,,,,,,,,,,,,,,,,,,,,,,,,,,,,,,,,,,,,,,,,,,,,,,,,,,,,,,,,,,,,,,,,,,,,,,,,,,,,,,,,,,,,,,,,,,,,,,,,,,,,,,,,,,,,,,,,,,,,,,,,,,,,,,,,,,,,,,,,,,,,,,,,,,,,,,,,,
,,,,,,,,,,,DWMT45422,"DWMT45422 Dewalt 1/4"" Drive - 50pc Mechanics Set",-- Unbranded --,-- No Unilog Brand --,-- No DIB Brand --,Black & Decker/dewlt (2585),Black & Decker/dewlt,DEWALT,,DWMT45422,,Industrial Supplies>General,"DWMT45422 Dewalt 1/4"" Drive - 50pc Mechanics Set",,"DWMT45422 Dewalt 1/4"" Drive - 50pc Mechanics Set",,"DWMT45422 Dewalt 1/4"" Drive - 50pc Mechanics Set",,50pc,,,,,,,,,,,,,,,,,,,,,,,,,"Dewalt 1/4"" Drive - 50pc Mechanics Set",Pieces per Package,50,EA,,,,,,,,,,,,,,,,,,,,,,,,,,,,,,,,,,,,,,,,,,,,,,,,,,,,,,,,,,,,,,,,,,,,,,,,,,,,,,,,,,,,,,,,,,,,,,,,,,,,,,,,,,,,,,,,,,,,,,,,,,,,,,,,,,,,,,,,,,,,,,,,,,,,,,,,,,,,,,,,,,,,,,,,,,,,,,,,,,,,,,,,,,,,,,,,,,
,,,,,,,,,,,DWMT45424,"DWMT45424 Dewalt 3/8"" Drive - 84pc Mechanics Set",-- Unbranded --,-- No Unilog Brand --,-- No DIB Brand --,Black & Decker/dewlt (2585),Black & Decker/dewlt,DEWALT,,DWMT45424,,Industrial Supplies>General,"DWMT45424 Dewalt 3/8"" Drive - 84pc Mechanics Set",,"DWMT45424 Dewalt 3/8"" Drive - 84pc Mechanics Set",,"DWMT45424 Dewalt 3/8"" Drive - 84pc Mechanics Set",,84pc,,,,,,,,,,,,,,,,,,,,,,,,,"Dewalt 3/8"" Drive - 84pc Mechanics Set",Pieces per Package,84,EA,,,,,,,,,,,,,,,,,,,,,,,,,,,,,,,,,,,,,,,,,,,,,,,,,,,,,,,,,,,,,,,,,,,,,,,,,,,,,,,,,,,,,,,,,,,,,,,,,,,,,,,,,,,,,,,,,,,,,,,,,,,,,,,,,,,,,,,,,,,,,,,,,,,,,,,,,,,,,,,,,,,,,,,,,,,,,,,,,,,,,,,,,,,,,,,,,,
,,,,,,,,,,,48-22-9483,48-22-9483 Milw Packout 15pc - Metric Wrench Set,-- Unbranded --,-- No Unilog Brand --,-- No DIB Brand --,Milwaukee Accessory (4031),Milwaukee Accessory,Milwaukee,,48-22-9483,,Industrial Supplies>General,48-22-9483 Milw Packout 15pc - Metric Wrench Set,,48-22-9483 Milw Packout 15pc - Metric Wrench Set,,48-22-9483 Milw Packout 15pc - Metric Wrench Set,,15pc,,,,,,,,,,,,,,,,,,,,,,,,,Milw Packout 15pc - Metric Wrench Set,Pieces per Package,15,EA,Thread Size,48-22,,,,,,,,,,,,,,,,,,,,,,,,,,,,,,,,,,,,,,,,,,,,,,,,,,,,,,,,,,,,,,,,,,,,,,,,,,,,,,,,,,,,,,,,,,,,,,,,,,,,,,,,,,,,,,,,,,,,,,,,,,,,,,,,,,,,,,,,,,,,,,,,,,,,,,,,,,,,,,,,,,,,,,,,,,,,,,,,,,,,,,,,,,,,,,,,
,,,,,,,,,,,48-22-9484,48-22-9484 Milw Packout 15pc - SAE Wrench Set,-- Unbranded --,-- No Unilog Brand --,-- No DIB Brand --,Milwaukee Accessory (4031),Milwaukee Accessory,Milwaukee,,48-22-9484,,Industrial Supplies>General,48-22-9484 Milw Packout 15pc - SAE Wrench Set,,48-22-9484 Milw Packout 15pc - SAE Wrench Set,,48-22-9484 Milw Packout 15pc - SAE Wrench Set,,15pc,,,,,,,,,,,,,,,,,,,,,,,,,Milw Packout 15pc - SAE Wrench Set,Pieces per Package,15,EA,Thread Size,48-22,,,,,,,,,,,,,,,,,,,,,,,,,,,,,,,,,,,,,,,,,,,,,,,,,,,,,,,,,,,,,,,,,,,,,,,,,,,,,,,,,,,,,,,,,,,,,,,,,,,,,,,,,,,,,,,,,,,,,,,,,,,,,,,,,,,,,,,,,,,,,,,,,,,,,,,,,,,,,,,,,,,,,,,,,,,,,,,,,,,,,,,,,,,,,,,,
,,,,,,,,,,,48-22-9485,48-22-9485 Milw Packout 30pc - Metric & SAE Wrench Set,-- Unbranded --,-- No Unilog Brand --,-- No DIB Brand --,Milwaukee Accessory (4031),Milwaukee Accessory,Milwaukee,,48-22-9485,,Industrial Supplies>General,48-22-9485 Milw Packout 30pc - Metric & SAE Wrench Set,,48-22-9485 Milw Packout 30pc - Metric & SAE Wrench Set,,48-22-9485 Milw Packout 30pc - Metric & SAE Wrench Set,,30pc,,,,,,,,,,,,,,,,,,,,,,,,,Milw Packout 30pc - Metric & SAE Wrench Set,Pieces per Package,30,EA,Thread Size,48-22,,,,,,,,,,,,,,,,,,,,,,,,,,,,,,,,,,,,,,,,,,,,,,,,,,,,,,,,,,,,,,,,,,,,,,,,,,,,,,,,,,,,,,,,,,,,,,,,,,,,,,,,,,,,,,,,,,,,,,,,,,,,,,,,,,,,,,,,,,,,,,,,,,,,,,,,,,,,,,,,,,,,,,,,,,,,,,,,,,,,,,,,,,,,,,,,
,,,,,,,,,,,48-44-2770,48-44-2770 Milw Pole Pruning - Shears Replacement Blade,-- Unbranded --,-- No Unilog Brand --,-- No DIB Brand --,Milwaukee Accessory (4031),Milwaukee Accessory,Milwaukee,,48-44-2770,,Industrial Supplies>General,48-44-2770 Milw Pole Pruning - Shears Replacement Blade,,48-44-2770 Milw Pole Pruning - Shears Replacement Blade,,48-44-2770 Milw Pole Pruning - Shears Replacement Blade,,,,,,,,,,,,,,,,,,,,,,,,,,,Milw Pole Pruning - Shears Replacement Blade,Thread Size,48-44,,,,,,,,,,,,,,,,,,,,,,,,,,,,,,,,,,,,,,,,,,,,,,,,,,,,,,,,,,,,,,,,,,,,,,,,,,,,,,,,,,,,,,,,,,,,,,,,,,,,,,,,,,,,,,,,,,,,,,,,,,,,,,,,,,,,,,,,,,,,,,,,,,,,,,,,,,,,,,,,,,,,,,,,,,,,,,,,,,,,,,,,,,,,,,,,,,,
,,,,,,,,,,,IWHT48441RC,IWHT48441RC Irwin 100ft - Red Chalk & Reel Set,-- Unbranded --,-- No Unilog Brand --,Irwin,Irwin Industrial Tools (5863),Irwin Industrial Tools,Irwin,,IWHT48441RC,,Industrial Supplies>General,IWHT48441RC Irwin 100ft - Red Chalk & Reel Set,,IWHT48441RC Irwin 100ft - Red Chalk & Reel Set,,IWHT48441RC Irwin 100ft - Red Chalk & Reel Set,,,,,,,,,,,,,,,,,,,,,,,,,,,Irwin 100ft - Red Chalk & Reel Set,,,,,,,,,,,,,,,,,,,,,,,,,,,,,,,,,,,,,,,,,,,,,,,,,,,,,,,,,,,,,,,,,,,,,,,,,,,,,,,,,,,,,,,,,,,,,,,,,,,,,,,,,,,,,,,,,,,,,,,,,,,,,,,,,,,,,,,,,,,,,,,,,,,,,,,,,,,,,,,,,,,,,,,,,,,,,,,,,,,,,,,,,,,,,,,,,,,,,
,,,,,,,,,,,XRU23SM1,"XRU23SM1 Makita 18V 13"" - String Trimmer Kit",-- Unbranded --,-- No Unilog Brand --,-- No DIB Brand --,Makita Usa Inc (5142),Makita Usa Inc,Makita,,XRU23SM1,,Industrial Supplies>General,"XRU23SM1 Makita 18V 13"" - String Trimmer Kit",,"XRU23SM1 Makita 18V 13"" - String Trimmer Kit",,"XRU23SM1 Makita 18V 13"" - String Trimmer Kit",,,,,,,,,,,,,,,,,,,,,,,,,,,"Makita 18V 13"" - String Trimmer Kit",,,,,,,,,,,,,,,,,,,,,,,,,,,,,,,,,,,,,,,,,,,,,,,,,,,,,,,,,,,,,,,,,,,,,,,,,,,,,,,,,,,,,,,,,,,,,,,,,,,,,,,,,,,,,,,,,,,,,,,,,,,,,,,,,,,,,,,,,,,,,,,,,,,,,,,,,,,,,,,,,,,,,,,,,,,,,,,,,,,,,,,,,,,,,,,,,,,,,
,,,,,,,,,,,XRU15PT1,XRU15PT1 Makita String Trimmer,-- Unbranded --,-- No Unilog Brand --,-- No DIB Brand --,Makita Usa Inc (5142),Makita Usa Inc,Makita,,XRU15PT1,,Industrial Supplies>General,XRU15PT1 Makita String Trimmer,,XRU15PT1 Makita String Trimmer,,XRU15PT1 Makita String Trimmer,,,,,,,,,,,,,,,,,,,,,,,,,,,Makita String Trimmer,,,,,,,,,,,,,,,,,,,,,,,,,,,,,,,,,,,,,,,,,,,,,,,,,,,,,,,,,,,,,,,,,,,,,,,,,,,,,,,,,,,,,,,,,,,,,,,,,,,,,,,,,,,,,,,,,,,,,,,,,,,,,,,,,,,,,,,,,,,,,,,,,,,,,,,,,,,,,,,,,,,,,,,,,,,,,,,,,,,,,,,,,,,,,,,,,,,,,
,,,,,,,,,,,XRU23Z,XRU23Z Makita 18V Trimmer Tool - Only,-- Unbranded --,-- No Unilog Brand --,-- No DIB Brand --,Makita Usa Inc (5142),Makita Usa Inc,Makita,,XRU23Z,,Industrial Supplies>General,XRU23Z Makita 18V Trimmer Tool - Only,,XRU23Z Makita 18V Trimmer Tool - Only,,XRU23Z Makita 18V Trimmer Tool - Only,,,,,,,,,,,,,,,,,,,,,,,,,,,Makita 18V Trimmer Tool - Only,,,,,,,,,,,,,,,,,,,,,,,,,,,,,,,,,,,,,,,,,,,,,,,,,,,,,,,,,,,,,,,,,,,,,,,,,,,,,,,,,,,,,,,,,,,,,,,,,,,,,,,,,,,,,,,,,,,,,,,,,,,,,,,,,,,,,,,,,,,,,,,,,,,,,,,,,,,,,,,,,,,,,,,,,,,,,,,,,,,,,,,,,,,,,,,,,,,,,
,,,,,,,,,,,0887-20,0887-20 Milw M18 Brushless Precision Blower,-- Unbranded --,-- No Unilog Brand --,-- No DIB Brand --,Milwaukee Accessory (4031),Milwaukee Accessory,Milwaukee,,0887-20,,Industrial Supplies>General,0887-20 Milw M18 Brushless Precision Blower,,0887-20 Milw M18 Brushless Precision Blower,,0887-20 Milw M18 Brushless Precision Blower,,,,,,,,,,,,,,,,,,,,,,,,,,,Milw M18 Brushless Precision Blower,Thread Size,0887-20,,,,,,,,,,,,,,,,,,,,,,,,,,,,,,,,,,,,,,,,,,,,,,,,,,,,,,,,,,,,,,,,,,,,,,,,,,,,,,,,,,,,,,,,,,,,,,,,,,,,,,,,,,,,,,,,,,,,,,,,,,,,,,,,,,,,,,,,,,,,,,,,,,,,,,,,,,,,,,,,,,,,,,,,,,,,,,,,,,,,,,,,,,,,,,,,,,,
,,,,,,,,,,,DCBL724B,DCBL724B Dewalt 20V Max XR Blower (Bare),-- Unbranded --,-- No Unilog Brand --,-- No DIB Brand --,Black & Decker/dewlt (2585),Black & Decker/dewlt,DEWALT,,DCBL724B,,Industrial Supplies>General,DCBL724B Dewalt 20V Max XR Blower (Bare),,DCBL724B Dewalt 20V Max XR Blower (Bare),,DCBL724B Dewalt 20V Max XR Blower (Bare),,,,,,,,,,,,,,,,,,,,,,,,,,,Dewalt 20V Max XR Blower (Bare),,,,,,,,,,,,,,,,,,,,,,,,,,,,,,,,,,,,,,,,,,,,,,,,,,,,,,,,,,,,,,,,,,,,,,,,,,,,,,,,,,,,,,,,,,,,,,,,,,,,,,,,,,,,,,,,,,,,,,,,,,,,,,,,,,,,,,,,,,,,,,,,,,,,,,,,,,,,,,,,,,,,,,,,,,,,,,,,,,,,,,,,,,,,,,,,,,,,,
,,,,,,,,,,,2954-20,2954-20 Milw M18 Bluetooth Jobsite Speaker,-- Unbranded --,-- No Unilog Brand --,-- No DIB Brand --,Milwaukee Accessory (4031),Milwaukee Accessory,Milwaukee,,2954-20,,Industrial Supplies>General,2954-20 Milw M18 Bluetooth Jobsite Speaker,,2954-20 Milw M18 Bluetooth Jobsite Speaker,,2954-20 Milw M18 Bluetooth Jobsite Speaker,,,,,,,,,,,,,,,,,,,,,,,,,,,Milw M18 Bluetooth Jobsite Speaker,Thread Size,2954-20,,,,,,,,,,,,,,,,,,,,,,,,,,,,,,,,,,,,,,,,,,,,,,,,,,,,,,,,,,,,,,,,,,,,,,,,,,,,,,,,,,,,,,,,,,,,,,,,,,,,,,,,,,,,,,,,,,,,,,,,,,,,,,,,,,,,,,,,,,,,,,,,,,,,,,,,,,,,,,,,,,,,,,,,,,,,,,,,,,,,,,,,,,,,,,,,,,,
,,,,,,,,,,,2955-20,2955-20 Milw M12 Bluetooth - Jobsite Speaker w/Packout,-- Unbranded --,-- No Unilog Brand --,-- No DIB Brand --,Milwaukee Accessory (4031),Milwaukee Accessory,Milwaukee,,2955-20,,Industrial Supplies>General,2955-20 Milw M12 Bluetooth - Jobsite Speaker w/Packout,,2955-20 Milw M12 Bluetooth - Jobsite Speaker w/Packout,,2955-20 Milw M12 Bluetooth - Jobsite Speaker w/Packout,,,,,,,,,,,,,,,,,,,,,,,,,,,Milw M12 Bluetooth - Jobsite Speaker w/Packout,Thread Size,2955-20,,,,,,,,,,,,,,,,,,,,,,,,,,,,,,,,,,,,,,,,,,,,,,,,,,,,,,,,,,,,,,,,,,,,,,,,,,,,,,,,,,,,,,,,,,,,,,,,,,,,,,,,,,,,,,,,,,,,,,,,,,,,,,,,,,,,,,,,,,,,,,,,,,,,,,,,,,,,,,,,,,,,,,,,,,,,,,,,,,,,,,,,,,,,,,,,,,,
,,,,,,,,,,,9A-219-180,9A-219-180 Abranet 4x6x6,-- Unbranded --,-- No Unilog Brand --,-- No DIB Brand --,Mirka Abrasives Inc (MIRUS),Mirka Abrasives Inc,Mirka,,9A-219-180,,Industrial Supplies>General,9A-219-180 Abranet 4x6x6,,9A-219-180 Abranet 4x6x6,,9A-219-180 Abranet 4x6x6,,,,,,,,,,,,,,,,,,,,,,,,,,,Abranet 4x6x6,Thread Size,219-180,,,,,,,,,,,,,,,,,,,,,,,,,,,,,,,,,,,,,,,,,,,,,,,,,,,,,,,,,,,,,,,,,,,,,,,,,,,,,,,,,,,,,,,,,,,,,,,,,,,,,,,,,,,,,,,,,,,,,,,,,,,,,,,,,,,,,,,,,,,,,,,,,,,,,,,,,,,,,,,,,,,,,,,,,,,,,,,,,,,,,,,,,,,,,,,,,,,
,,,,,,,,,,,9A-219-120RP,9A-219-120RP Abranet 4x6x6,-- Unbranded --,-- No Unilog Brand --,-- No DIB Brand --,Mirka Abrasives Inc (MIRUS),Mirka Abrasives Inc,Mirka,,9A-219-120RP,,Industrial Supplies>General,9A-219-120RP Abranet 4x6x6,,9A-219-120RP Abranet 4x6x6,,9A-219-120RP Abranet 4x6x6,,,,,,,,,,,,,,,,,,,,,,,,,,,Abranet 4x6x6,,,,,,,,,,,,,,,,,,,,,,,,,,,,,,,,,,,,,,,,,,,,,,,,,,,,,,,,,,,,,,,,,,,,,,,,,,,,,,,,,,,,,,,,,,,,,,,,,,,,,,,,,,,,,,,,,,,,,,,,,,,,,,,,,,,,,,,,,,,,,,,,,,,,,,,,,,,,,,,,,,,,,,,,,,,,,,,,,,,,,,,,,,,,,,,,,,,,,
,,,,,,,,,,,3033-20,"3033-20 Milw M18 24"" - Hedge Trimmer",-- Unbranded --,-- No Unilog Brand --,Milwaukee,Milwaukee Accessory (4031),Milwaukee Accessory,Milwaukee,,3033-20,,Industrial Supplies>General,"3033-20 Milw M18 24"" - Hedge Trimmer",,"3033-20 Milw M18 24"" - Hedge Trimmer",,"3033-20 Milw M18 24"" - Hedge Trimmer",,,,,,,,,,,,,,,,,,,,,,,,,,,"Milw M18 24"" - Hedge Trimmer",Thread Size,3033-20,,,,,,,,,,,,,,,,,,,,,,,,,,,,,,,,,,,,,,,,,,,,,,,,,,,,,,,,,,,,,,,,,,,,,,,,,,,,,,,,,,,,,,,,,,,,,,,,,,,,,,,,,,,,,,,,,,,,,,,,,,,,,,,,,,,,,,,,,,,,,,,,,,,,,,,,,,,,,,,,,,,,,,,,,,,,,,,,,,,,,,,,,,,,,,,,,,,
,,,,,,,,,,,3033-21,"3033-21 Milw M18 24"" - Hedge Trimmer Kit",-- Unbranded --,-- No Unilog Brand --,-- No DIB Brand --,Milwaukee Accessory (4031),Milwaukee Accessory,Milwaukee,,3033-21,,Industrial Supplies>General,"3033-21 Milw M18 24"" - Hedge Trimmer Kit",,"3033-21 Milw M18 24"" - Hedge Trimmer Kit",,"3033-21 Milw M18 24"" - Hedge Trimmer Kit",,,,,,,,,,,,,,,,,,,,,,,,,,,"Milw M18 24"" - Hedge Trimmer Kit",Thread Size,3033-21,,,,,,,,,,,,,,,,,,,,,,,,,,,,,,,,,,,,,,,,,,,,,,,,,,,,,,,,,,,,,,,,,,,,,,,,,,,,,,,,,,,,,,,,,,,,,,,,,,,,,,,,,,,,,,,,,,,,,,,,,,,,,,,,,,,,,,,,,,,,,,,,,,,,,,,,,,,,,,,,,,,,,,,,,,,,,,,,,,,,,,,,,,,,,,,,,,,
,,,,,,,,,,,3034-20,"3034-20 Milw M18 30"" - Hedge Trimmer",-- Unbranded --,-- No Unilog Brand --,Milwaukee,Milwaukee Accessory (4031),Milwaukee Accessory,Milwaukee,,3034-20,,Industrial Supplies>General,"3034-20 Milw M18 30"" - Hedge Trimmer",,"3034-20 Milw M18 30"" - Hedge Trimmer",,"3034-20 Milw M18 30"" - Hedge Trimmer",,,,,,,,,,,,,,,,,,,,,,,,,,,"Milw M18 30"" - Hedge Trimmer",Thread Size,3034-20,,,,,,,,,,,,,,,,,,,,,,,,,,,,,,,,,,,,,,,,,,,,,,,,,,,,,,,,,,,,,,,,,,,,,,,,,,,,,,,,,,,,,,,,,,,,,,,,,,,,,,,,,,,,,,,,,,,,,,,,,,,,,,,,,,,,,,,,,,,,,,,,,,,,,,,,,,,,,,,,,,,,,,,,,,,,,,,,,,,,,,,,,,,,,,,,,,,
,,,,,,,,,,,D25333K,D25333K Dewalt Hammer Drill,-- Unbranded --,-- No Unilog Brand --,-- No DIB Brand --,Black & Decker/dewlt (2585),Black & Decker/dewlt,DEWALT,,D25333K,,Industrial Supplies>General,D25333K Dewalt Hammer Drill,,D25333K Dewalt Hammer Drill,,D25333K Dewalt Hammer Drill,,,,,,,,,,,,,,,,,,,,,,,,,,,Dewalt Hammer Drill,,,,,,,,,,,,,,,,,,,,,,,,,,,,,,,,,,,,,,,,,,,,,,,,,,,,,,,,,,,,,,,,,,,,,,,,,,,,,,,,,,,,,,,,,,,,,,,,,,,,,,,,,,,,,,,,,,,,,,,,,,,,,,,,,,,,,,,,,,,,,,,,,,,,,,,,,,,,,,,,,,,,,,,,,,,,,,,,,,,,,,,,,,,,,,,,,,,,,
,,,,,,,,,,,DCD803B,DCD803B Dewalt Multi-Head Drill Driver,-- Unbranded --,-- No Unilog Brand --,-- No DIB Brand --,Black & Decker/dewlt (2585),Black & Decker/dewlt,DEWALT,,DCD803B,,Industrial Supplies>General,DCD803B Dewalt Multi-Head Drill Driver,,DCD803B Dewalt Multi-Head Drill Driver,,DCD803B Dewalt Multi-Head Drill Driver,,,,,,,,,,,,,,,,,,,,,,,,,,,Dewalt Multi-Head Drill Driver,,,,,,,,,,,,,,,,,,,,,,,,,,,,,,,,,,,,,,,,,,,,,,,,,,,,,,,,,,,,,,,,,,,,,,,,,,,,,,,,,,,,,,,,,,,,,,,,,,,,,,,,,,,,,,,,,,,,,,,,,,,,,,,,,,,,,,,,,,,,,,,,,,,,,,,,,,,,,,,,,,,,,,,,,,,,,,,,,,,,,,,,,,,,,,,,,,,,,
,,,,,,,,,,,DCF860B,DCF860B Dewalt 20V Impact - Driver Drill,-- Unbranded --,-- No Unilog Brand --,-- No DIB Brand --,Black & Decker/dewlt (2585),Black & Decker/dewlt,DEWALT,,DCF860B,,Industrial Supplies>General,DCF860B Dewalt 20V Impact - Driver Drill,,DCF860B Dewalt 20V Impact - Driver Drill,,DCF860B Dewalt 20V Impact - Driver Drill,,,,,,,,,,,,,,,,,,,,,,,,,,,Dewalt 20V Impact - Driver Drill,,,,,,,,,,,,,,,,,,,,,,,,,,,,,,,,,,,,,,,,,,,,,,,,,,,,,,,,,,,,,,,,,,,,,,,,,,,,,,,,,,,,,,,,,,,,,,,,,,,,,,,,,,,,,,,,,,,,,,,,,,,,,,,,,,,,,,,,,,,,,,,,,,,,,,,,,,,,,,,,,,,,,,,,,,,,,,,,,,,,,,,,,,,,,,,,,,,,,
,,,,,,,,,,,3401-20,3401-20 Milw M12 Drill Driver - Brushless Compact (Bare),-- Unbranded --,-- No Unilog Brand --,-- No DIB Brand --,Milwaukee Accessory (4031),Milwaukee Accessory,Milwaukee,,3401-20,,Industrial Supplies>General,3401-20 Milw M12 Drill Driver - Brushless Compact (Bare),,3401-20 Milw M12 Drill Driver - Brushless Compact (Bare),,3401-20 Milw M12 Drill Driver - Brushless Compact (Bare),,,,,,,,,,,,,,,,,,,,,,,,,,,Milw M12 Drill Driver - Brushless Compact (Bare),Thread Size,3401-20,,,,,,,,,,,,,,,,,,,,,,,,,,,,,,,,,,,,,,,,,,,,,,,,,,,,,,,,,,,,,,,,,,,,,,,,,,,,,,,,,,,,,,,,,,,,,,,,,,,,,,,,,,,,,,,,,,,,,,,,,,,,,,,,,,,,,,,,,,,,,,,,,,,,,,,,,,,,,,,,,,,,,,,,,,,,,,,,,,,,,,,,,,,,,,,,,,,
,,,,,,,,,,,KPTDR050A,KPTDR050A Kreg 20V Ionic Compact Drill,-- Unbranded --,-- No Unilog Brand --,-- No DIB Brand --,Kreg Tool Company (KRETO),Kreg Tool Company,Kreg,,KPTDR050A,,Industrial Supplies>General,KPTDR050A Kreg 20V Ionic Compact Drill,,KPTDR050A Kreg 20V Ionic Compact Drill,,KPTDR050A Kreg 20V Ionic Compact Drill,,,,,,,,,,,,,,,,,,,,,,,,,,,Kreg 20V Ionic Compact Drill,,,,,,,,,,,,,,,,,,,,,,,,,,,,,,,,,,,,,,,,,,,,,,,,,,,,,,,,,,,,,,,,,,,,,,,,,,,,,,,,,,,,,,,,,,,,,,,,,,,,,,,,,,,,,,,,,,,,,,,,,,,,,,,,,,,,,,,,,,,,,,,,,,,,,,,,,,,,,,,,,,,,,,,,,,,,,,,,,,,,,,,,,,,,,,,,,,,,,
,,,,,,,,,,,DCD1007B,"DCD1007B Dewalt 20V Cordless - 1/2"" Hammer Drill (Bare)",-- Unbranded --,-- No Unilog Brand --,DEWALT,Black & Decker/dewlt (2585),Black & Decker/dewlt,DEWALT,,DCD1007B,,Industrial Supplies>General,"DCD1007B Dewalt 20V Cordless - 1/2"" Hammer Drill (Bare)",,"DCD1007B Dewalt 20V Cordless - 1/2"" Hammer Drill (Bare)",,"DCD1007B Dewalt 20V Cordless - 1/2"" Hammer Drill (Bare)",,,,,,,,,,,,,,,,,,,,,,,,,,,"Dewalt 20V Cordless - 1/2"" Hammer Drill (Bare)",,,,,,,,,,,,,,,,,,,,,,,,,,,,,,,,,,,,,,,,,,,,,,,,,,,,,,,,,,,,,,,,,,,,,,,,,,,,,,,,,,,,,,,,,,,,,,,,,,,,,,,,,,,,,,,,,,,,,,,,,,,,,,,,,,,,,,,,,,,,,,,,,,,,,,,,,,,,,,,,,,,,,,,,,,,,,,,,,,,,,,,,,,,,,,,,,,,,,
,,,,,,,,,,,DCD799B,DCD799B Dewalt Drill,-- Unbranded --,-- No Unilog Brand --,-- No DIB Brand --,Black & Decker/dewlt (2585),Black & Decker/dewlt,DEWALT,,DCD799B,,Industrial Supplies>General,DCD799B Dewalt Drill,,DCD799B Dewalt Drill,,DCD799B Dewalt Drill,,,,,,,,,,,,,,,,,,,,,,,,,,,Dewalt Drill,,,,,,,,,,,,,,,,,,,,,,,,,,,,,,,,,,,,,,,,,,,,,,,,,,,,,,,,,,,,,,,,,,,,,,,,,,,,,,,,,,,,,,,,,,,,,,,,,,,,,,,,,,,,,,,,,,,,,,,,,,,,,,,,,,,,,,,,,,,,,,,,,,,,,,,,,,,,,,,,,,,,,,,,,,,,,,,,,,,,,,,,,,,,,,,,,,,,,
,,,,,,,,,,,58006,58006 Voyager Drill Press,-- Unbranded --,-- No Unilog Brand --,-- No DIB Brand --,King Canada Inc (KINCA),King Canada Inc,,,58006,,Industrial Supplies>General,58006 Voyager Drill Press,,58006 Voyager Drill Press,,58006 Voyager Drill Press,,,,,,,,,,,,,,,,,,,,,,,,,,,Voyager Drill Press,,,,,,,,,,,,,,,,,,,,,,,,,,,,,,,,,,,,,,,,,,,,,,,,,,,,,,,,,,,,,,,,,,,,,,,,,,,,,,,,,,,,,,,,,,,,,,,,,,,,,,,,,,,,,,,,,,,,,,,,,,,,,,,,,,,,,,,,,,,,,,,,,,,,,,,,,,,,,,,,,,,,,,,,,,,,,,,,,,,,,,,,,,,,,,,,,,,,,
,,,,,,,,,,,2909-20,2909-20 Milw Roofing Nailer - M18,-- Unbranded --,-- No Unilog Brand --,Milwaukee,Milwaukee Accessory (4031),Milwaukee Accessory,Milwaukee,,2909-20,,Industrial Supplies>General,2909-20 Milw Roofing Nailer - M18,,2909-20 Milw Roofing Nailer - M18,,2909-20 Milw Roofing Nailer - M18,,,,,,,,,,,,,,,,,,,,,,,,,,,Milw Roofing Nailer - M18,Thread Size,2909-20,,,,,,,,,,,,,,,,,,,,,,,,,,,,,,,,,,,,,,,,,,,,,,,,,,,,,,,,,,,,,,,,,,,,,,,,,,,,,,,,,,,,,,,,,,,,,,,,,,,,,,,,,,,,,,,,,,,,,,,,,,,,,,,,,,,,,,,,,,,,,,,,,,,,,,,,,,,,,,,,,,,,,,,,,,,,,,,,,,,,,,,,,,,,,,,,,,,
,,,,,,,,,,,2909-21,2909-21 Milw M18 Coil Roofing - Nailer Kit,-- Unbranded --,-- No Unilog Brand --,Milwaukee,Milwaukee Accessory (4031),Milwaukee Accessory,Milwaukee,,2909-21,,Industrial Supplies>General,2909-21 Milw M18 Coil Roofing - Nailer Kit,,2909-21 Milw M18 Coil Roofing - Nailer Kit,,2909-21 Milw M18 Coil Roofing - Nailer Kit,,,,,,,,,,,,,,,,,,,,,,,,,,,Milw M18 Coil Roofing - Nailer Kit,Thread Size,2909-21,,,,,,,,,,,,,,,,,,,,,,,,,,,,,,,,,,,,,,,,,,,,,,,,,,,,,,,,,,,,,,,,,,,,,,,,,,,,,,,,,,,,,,,,,,,,,,,,,,,,,,,,,,,,,,,,,,,,,,,,,,,,,,,,,,,,,,,,,,,,,,,,,,,,,,,,,,,,,,,,,,,,,,,,,,,,,,,,,,,,,,,,,,,,,,,,,,,
,,,,,,,,,,,918200,918200 Paslode CT200S24 18Ga ST Brad Nailer,-- Unbranded --,-- No Unilog Brand --,-- No DIB Brand --,National Nail Corp (7439),National Nail Corp,,,918200,,Industrial Supplies>General,918200 Paslode CT200S24 18Ga ST Brad Nailer,,918200 Paslode CT200S24 18Ga ST Brad Nailer,,918200 Paslode CT200S24 18Ga ST Brad Nailer,,,,,,,,,,,,,,,,,,,,,,,,,,,Paslode CT200S24 18Ga ST Brad Nailer,,,,,,,,,,,,,,,,,,,,,,,,,,,,,,,,,,,,,,,,,,,,,,,,,,,,,,,,,,,,,,,,,,,,,,,,,,,,,,,,,,,,,,,,,,,,,,,,,,,,,,,,,,,,,,,,,,,,,,,,,,,,,,,,,,,,,,,,,,,,,,,,,,,,,,,,,,,,,,,,,,,,,,,,,,,,,,,,,,,,,,,,,,,,,,,,,,,,,
,,,,,,,,,,,2541-20,2541-20 Milw M12 - Compact Brad Nailer (Bare),-- Unbranded --,-- No Unilog Brand --,-- No DIB Brand --,Milwaukee Accessory (4031),Milwaukee Accessory,Milwaukee,,2541-20,,Industrial Supplies>General,2541-20 Milw M12 - Compact Brad Nailer (Bare),,2541-20 Milw M12 - Compact Brad Nailer (Bare),,2541-20 Milw M12 - Compact Brad Nailer (Bare),,,,,,,,,,,,,,,,,,,,,,,,,,,Milw M12 - Compact Brad Nailer (Bare),Thread Size,2541-20,,,,,,,,,,,,,,,,,,,,,,,,,,,,,,,,,,,,,,,,,,,,,,,,,,,,,,,,,,,,,,,,,,,,,,,,,,,,,,,,,,,,,,,,,,,,,,,,,,,,,,,,,,,,,,,,,,,,,,,,,,,,,,,,,,,,,,,,,,,,,,,,,,,,,,,,,,,,,,,,,,,,,,,,,,,,,,,,,,,,,,,,,,,,,,,,,,,
,,,,,,,,,,,DCN930B,DCN930B Dewalt 20V 30 Degree - Framing Nailer,-- Unbranded --,-- No Unilog Brand --,DEWALT,Black & Decker/dewlt (2585),Black & Decker/dewlt,DEWALT,,DCN930B,,Industrial Supplies>General,DCN930B Dewalt 20V 30 Degree - Framing Nailer,,DCN930B Dewalt 20V 30 Degree - Framing Nailer,,DCN930B Dewalt 20V 30 Degree - Framing Nailer,,,,,,,,,,,,,,,,,,,,,,,,,,,Dewalt 20V 30 Degree - Framing Nailer,,,,,,,,,,,,,,,,,,,,,,,,,,,,,,,,,,,,,,,,,,,,,,,,,,,,,,,,,,,,,,,,,,,,,,,,,,,,,,,,,,,,,,,,,,,,,,,,,,,,,,,,,,,,,,,,,,,,,,,,,,,,,,,,,,,,,,,,,,,,,,,,,,,,,,,,,,,,,,,,,,,,,,,,,,,,,,,,,,,,,,,,,,,,,,,,,,,,,
,,,,,,,,,,,DCN930P1,DCN930P1 Dewalt 20V 30 Degree - Framing Nailer Kit,-- Unbranded --,-- No Unilog Brand --,DEWALT,Black & Decker/dewlt (2585),Black & Decker/dewlt,DEWALT,,DCN930P1,,Industrial Supplies>General,DCN930P1 Dewalt 20V 30 Degree - Framing Nailer Kit,,DCN930P1 Dewalt 20V 30 Degree - Framing Nailer Kit,,DCN930P1 Dewalt 20V 30 Degree - Framing Nailer Kit,,,,,,,,,,,,,,,,,,,,,,,,,,,Dewalt 20V 30 Degree - Framing Nailer Kit,,,,,,,,,,,,,,,,,,,,,,,,,,,,,,,,,,,,,,,,,,,,,,,,,,,,,,,,,,,,,,,,,,,,,,,,,,,,,,,,,,,,,,,,,,,,,,,,,,,,,,,,,,,,,,,,,,,,,,,,,,,,,,,,,,,,,,,,,,,,,,,,,,,,,,,,,,,,,,,,,,,,,,,,,,,,,,,,,,,,,,,,,,,,,,,,,,,,,
,,,,,,,,,,,XNB04Z,"XNB04Z Makita 18V 2"" Brad Nailer 18GA (Bare)",-- Unbranded --,-- No Unilog Brand --,-- No DIB Brand --,Makita Usa Inc (5142),Makita Usa Inc,Makita,,XNB04Z,,Industrial Supplies>General,"XNB04Z Makita 18V 2"" Brad Nailer 18GA (Bare)",,"XNB04Z Makita 18V 2"" Brad Nailer 18GA (Bare)",,"XNB04Z Makita 18V 2"" Brad Nailer 18GA (Bare)",,,,,,,,,,,,,,,,,,,,,,,,,,,"Makita 18V 2"" Brad Nailer 18GA (Bare)",,,,,,,,,,,,,,,,,,,,,,,,,,,,,,,,,,,,,,,,,,,,,,,,,,,,,,,,,,,,,,,,,,,,,,,,,,,,,,,,,,,,,,,,,,,,,,,,,,,,,,,,,,,,,,,,,,,,,,,,,,,,,,,,,,,,,,,,,,,,,,,,,,,,,,,,,,,,,,,,,,,,,,,,,,,,,,,,,,,,,,,,,,,,,,,,,,,,,
,,,,,,,,,,,XNB05Z,"XNB05Z Makita 18V 2-1/2"" Straight Finish Nailer 16GA",-- Unbranded --,-- No Unilog Brand --,-- No DIB Brand --,Makita Usa Inc (5142),Makita Usa Inc,Makita,,XNB05Z,,Industrial Supplies>General,"XNB05Z Makita 18V 2-1/2"" Straight Finish Nailer 16GA",,"XNB05Z Makita 18V 2-1/2"" Straight Finish Nailer 16GA",,"XNB05Z Makita 18V 2-1/2"" Straight Finish Nailer 16GA",,,,,,,,,,,,,,,,,,,,,,,,,,,"Makita 18V 2-1/2"" Straight Finish Nailer 16GA",Thread Size,2-1,,,,,,,,,,,,,,,,,,,,,,,,,,,,,,,,,,,,,,,,,,,,,,,,,,,,,,,,,,,,,,,,,,,,,,,,,,,,,,,,,,,,,,,,,,,,,,,,,,,,,,,,,,,,,,,,,,,,,,,,,,,,,,,,,,,,,,,,,,,,,,,,,,,,,,,,,,,,,,,,,,,,,,,,,,,,,,,,,,,,,,,,,,,,,,,,,,,
,,,,,,,,,,,XNB06Z,"XNB06Z Makita 18V 2-1/2"" Angled Finish Nailer 16GA",-- Unbranded --,-- No Unilog Brand --,-- No DIB Brand --,Makita Usa Inc (5142),Makita Usa Inc,Makita,,XNB06Z,,Industrial Supplies>General,"XNB06Z Makita 18V 2-1/2"" Angled Finish Nailer 16GA",,"XNB06Z Makita 18V 2-1/2"" Angled Finish Nailer 16GA",,"XNB06Z Makita 18V 2-1/2"" Angled Finish Nailer 16GA",,,,,,,,,,,,,,,,,,,,,,,,,,,"Makita 18V 2-1/2"" Angled Finish Nailer 16GA",Thread Size,2-1,,,,,,,,,,,,,,,,,,,,,,,,,,,,,,,,,,,,,,,,,,,,,,,,,,,,,,,,,,,,,,,,,,,,,,,,,,,,,,,,,,,,,,,,,,,,,,,,,,,,,,,,,,,,,,,,,,,,,,,,,,,,,,,,,,,,,,,,,,,,,,,,,,,,,,,,,,,,,,,,,,,,,,,,,,,,,,,,,,,,,,,,,,,,,,,,,,,
,,,,,,,,,,,XNB07Z,XNB07Z Makita 18V LXT BL 30 Nailer (Bare),-- Unbranded --,-- No Unilog Brand --,-- No DIB Brand --,Makita Usa Inc (5142),Makita Usa Inc,Makita,,XNB07Z,,Industrial Supplies>General,XNB07Z Makita 18V LXT BL 30 Nailer (Bare),,XNB07Z Makita 18V LXT BL 30 Nailer (Bare),,XNB07Z Makita 18V LXT BL 30 Nailer (Bare),,,,,,,,,,,,,,,,,,,,,,,,,,,Makita 18V LXT BL 30 Nailer (Bare),,,,,,,,,,,,,,,,,,,,,,,,,,,,,,,,,,,,,,,,,,,,,,,,,,,,,,,,,,,,,,,,,,,,,,,,,,,,,,,,,,,,,,,,,,,,,,,,,,,,,,,,,,,,,,,,,,,,,,,,,,,,,,,,,,,,,,,,,,,,,,,,,,,,,,,,,,,,,,,,,,,,,,,,,,,,,,,,,,,,,,,,,,,,,,,,,,,,,
,,,,,,,,,,,DZN930,DZN930 Dewalt 30 Degree - Framing Magazine,-- Unbranded --,-- No Unilog Brand --,-- No DIB Brand --,Black & Decker/dewlt (2585),Black & Decker/dewlt,DEWALT,,DZN930,,Industrial Supplies>General,DZN930 Dewalt 30 Degree - Framing Magazine,,DZN930 Dewalt 30 Degree - Framing Magazine,,DZN930 Dewalt 30 Degree - Framing Magazine,,,,,,,,,,,,,,,,,,,,,,,,,,,Dewalt 30 Degree - Framing Magazine,,,,,,,,,,,,,,,,,,,,,,,,,,,,,,,,,,,,,,,,,,,,,,,,,,,,,,,,,,,,,,,,,,,,,,,,,,,,,,,,,,,,,,,,,,,,,,,,,,,,,,,,,,,,,,,,,,,,,,,,,,,,,,,,,,,,,,,,,,,,,,,,,,,,,,,,,,,,,,,,,,,,,,,,,,,,,,,,,,,,,,,,,,,,,,,,,,,,,
,,,,,,,,,,,220USB25U,220USB25U Vessel Screwdriver w/25pc Bit Set,-- Unbranded --,-- No Unilog Brand --,-- No DIB Brand --,Vessel Tools USA Inc (VESTO),Vessel Tools USA Inc,,,220USB25U,,Industrial Supplies>General,220USB25U Vessel Screwdriver w/25pc Bit Set,,220USB25U Vessel Screwdriver w/25pc Bit Set,,220USB25U Vessel Screwdriver w/25pc Bit Set,,25pc,,,,,,,,,,,,,,,,,,,,,,,,,Vessel Screwdriver w/25pc Bit Set,Pieces per Package,25,EA,,,,,,,,,,,,,,,,,,,,,,,,,,,,,,,,,,,,,,,,,,,,,,,,,,,,,,,,,,,,,,,,,,,,,,,,,,,,,,,,,,,,,,,,,,,,,,,,,,,,,,,,,,,,,,,,,,,,,,,,,,,,,,,,,,,,,,,,,,,,,,,,,,,,,,,,,,,,,,,,,,,,,,,,,,,,,,,,,,,,,,,,,,,,,,,,,,
,,,,,,,,,,,XRF03Z,XRF03Z Makita 18V Screwdriver - Autofeed,-- Unbranded --,-- No Unilog Brand --,-- No DIB Brand --,Makita Usa Inc (5142),Makita Usa Inc,Makita,,XRF03Z,,Industrial Supplies>General,XRF03Z Makita 18V Screwdriver - Autofeed,,XRF03Z Makita 18V Screwdriver - Autofeed,,XRF03Z Makita 18V Screwdriver - Autofeed,,,,,,,,,,,,,,,,,,,,,,,,,,,Makita 18V Screwdriver - Autofeed,,,,,,,,,,,,,,,,,,,,,,,,,,,,,,,,,,,,,,,,,,,,,,,,,,,,,,,,,,,,,,,,,,,,,,,,,,,,,,,,,,,,,,,,,,,,,,,,,,,,,,,,,,,,,,,,,,,,,,,,,,,,,,,,,,,,,,,,,,,,,,,,,,,,,,,,,,,,,,,,,,,,,,,,,,,,,,,,,,,,,,,,,,,,,,,,,,,,,
,,,,,,,,,,,220USBP5U,220USBP5U Vessel Screwdriver Plus w/5pc Bit Set,-- Unbranded --,-- No Unilog Brand --,-- No DIB Brand --,Vessel Tools USA Inc (VESTO),Vessel Tools USA Inc,,,220USBP5U,,Industrial Supplies>General,220USBP5U Vessel Screwdriver Plus w/5pc Bit Set,,220USBP5U Vessel Screwdriver Plus w/5pc Bit Set,,220USBP5U Vessel Screwdriver Plus w/5pc Bit Set,,5pc,,,,,,,,,,,,,,,,,,,,,,,,,Vessel Screwdriver Plus w/5pc Bit Set,Pieces per Package,5,EA,,,,,,,,,,,,,,,,,,,,,,,,,,,,,,,,,,,,,,,,,,,,,,,,,,,,,,,,,,,,,,,,,,,,,,,,,,,,,,,,,,,,,,,,,,,,,,,,,,,,,,,,,,,,,,,,,,,,,,,,,,,,,,,,,,,,,,,,,,,,,,,,,,,,,,,,,,,,,,,,,,,,,,,,,,,,,,,,,,,,,,,,,,,,,,,,,,
,,,,,,,,,,,49-66-4567,"49-66-4567 Milw 6"" Magnetic - Impact Driver Set 6pc",-- Unbranded --,-- No Unilog Brand --,-- No DIB Brand --,Milwaukee Accessory (4031),Milwaukee Accessory,Milwaukee,,49-66-4567,,Industrial Supplies>General,"49-66-4567 Milw 6"" Magnetic - Impact Driver Set 6pc",,"49-66-4567 Milw 6"" Magnetic - Impact Driver Set 6pc",,"49-66-4567 Milw 6"" Magnetic - Impact Driver Set 6pc",,6pc,,,,,,,,,,,,,,,,,,,,,,,,,"Milw 6"" Magnetic - Impact Driver Set 6pc",Pieces per Package,6,EA,Thread Size,49-66,,,,,,,,,,,,,,,,,,,,,,,,,,,,,,,,,,,,,,,,,,,,,,,,,,,,,,,,,,,,,,,,,,,,,,,,,,,,,,,,,,,,,,,,,,,,,,,,,,,,,,,,,,,,,,,,,,,,,,,,,,,,,,,,,,,,,,,,,,,,,,,,,,,,,,,,,,,,,,,,,,,,,,,,,,,,,,,,,,,,,,,,,,,,,,,,
,,,,,,,,,,,IBMG90K003,"IBMG90K003 Vessel Impact Ball Torsion Bit Assort 5pc 3.5""",-- Unbranded --,-- No Unilog Brand --,-- No DIB Brand --,Vessel Tools USA Inc (VESTO),Vessel Tools USA Inc,,,IBMG90K003,,Industrial Supplies>General,"IBMG90K003 Vessel Impact Ball Torsion Bit Assort 5pc 3.5""",,"IBMG90K003 Vessel Impact Ball Torsion Bit Assort 5pc 3.5""",,"IBMG90K003 Vessel Impact Ball Torsion Bit Assort 5pc 3.5""",,5pc,,,,,,,,,,,,,,,,,,,,,,,,,"Vessel Impact Ball Torsion Bit Assort 5pc 3.5""",Pieces per Package,5,EA,,,,,,,,,,,,,,,,,,,,,,,,,,,,,,,,,,,,,,,,,,,,,,,,,,,,,,,,,,,,,,,,,,,,,,,,,,,,,,,,,,,,,,,,,,,,,,,,,,,,,,,,,,,,,,,,,,,,,,,,,,,,,,,,,,,,,,,,,,,,,,,,,,,,,,,,,,,,,,,,,,,,,,,,,,,,,,,,,,,,,,,,,,,,,,,,,,
,,,,,,,,,,,IBPH250P15T,"IBPH250P15T Vessel Torsion Bit 2"" 15pc",-- Unbranded --,-- No Unilog Brand --,-- No DIB Brand --,Vessel Tools USA Inc (VESTO),Vessel Tools USA Inc,,,IBPH250P15T,,Industrial Supplies>General,"IBPH250P15T Vessel Torsion Bit 2"" 15pc",,"IBPH250P15T Vessel Torsion Bit 2"" 15pc",,"IBPH250P15T Vessel Torsion Bit 2"" 15pc",,15pc,,,,,,,,,,,,,,,,,,,,,,,,,"Vessel Torsion Bit 2"" 15pc",Pieces per Package,15,EA,,,,,,,,,,,,,,,,,,,,,,,,,,,,,,,,,,,,,,,,,,,,,,,,,,,,,,,,,,,,,,,,,,,,,,,,,,,,,,,,,,,,,,,,,,,,,,,,,,,,,,,,,,,,,,,,,,,,,,,,,,,,,,,,,,,,,,,,,,,,,,,,,,,,,,,,,,,,,,,,,,,,,,,,,,,,,,,,,,,,,,,,,,,,,,,,,,
,,,,,,,,,,,DPH12B,"DPH12B 2"" #1 Phillips Drive - Bit",-- Unbranded --,-- No Unilog Brand --,Diablo,Freud Inc (2435),Freud Inc,Diablo,,DPH12B,,Industrial Supplies>General,"DPH12B 2"" #1 Phillips Drive - Bit",,"DPH12B 2"" #1 Phillips Drive - Bit",,"DPH12B 2"" #1 Phillips Drive - Bit",,,,,,,,,,,,,,,,,,,,,,,,,,,"2"" #1 Phillips Drive - Bit",,,,,,,,,,,,,,,,,,,,,,,,,,,,,,,,,,,,,,,,,,,,,,,,,,,,,,,,,,,,,,,,,,,,,,,,,,,,,,,,,,,,,,,,,,,,,,,,,,,,,,,,,,,,,,,,,,,,,,,,,,,,,,,,,,,,,,,,,,,,,,,,,,,,,,,,,,,,,,,,,,,,,,,,,,,,,,,,,,,,,,,,,,,,,,,,,,,,,
,,,,,,,,,,,DPH135B,"DPH135B 3-1/2"" #1 Phillips - Drive Bit",-- Unbranded --,-- No Unilog Brand --,Diablo,Freud Inc (2435),Freud Inc,Diablo,,DPH135B,,Industrial Supplies>General,"DPH135B 3-1/2"" #1 Phillips - Drive Bit",,"DPH135B 3-1/2"" #1 Phillips - Drive Bit",,"DPH135B 3-1/2"" #1 Phillips - Drive Bit",,,,,,,,,,,,,,,,,,,,,,,,,,,"3-1/2"" #1 Phillips - Drive Bit",Thread Size,3-1,,,,,,,,,,,,,,,,,,,,,,,,,,,,,,,,,,,,,,,,,,,,,,,,,,,,,,,,,,,,,,,,,,,,,,,,,,,,,,,,,,,,,,,,,,,,,,,,,,,,,,,,,,,,,,,,,,,,,,,,,,,,,,,,,,,,,,,,,,,,,,,,,,,,,,,,,,,,,,,,,,,,,,,,,,,,,,,,,,,,,,,,,,,,,,,,,,,
,,,,,,,,,,,DPH21B,"DPH21B 1"" #2 Phillips Drive - Bit",-- Unbranded --,-- No Unilog Brand --,Diablo,Freud Inc (2435),Freud Inc,Diablo,,DPH21B,,Industrial Supplies>General,"DPH21B 1"" #2 Phillips Drive - Bit",,"DPH21B 1"" #2 Phillips Drive - Bit",,"DPH21B 1"" #2 Phillips Drive - Bit",,,,,,,,,,,,,,,,,,,,,,,,,,,"1"" #2 Phillips Drive - Bit",,,,,,,,,,,,,,,,,,,,,,,,,,,,,,,,,,,,,,,,,,,,,,,,,,,,,,,,,,,,,,,,,,,,,,,,,,,,,,,,,,,,,,,,,,,,,,,,,,,,,,,,,,,,,,,,,,,,,,,,,,,,,,,,,,,,,,,,,,,,,,,,,,,,,,,,,,,,,,,,,,,,,,,,,,,,,,,,,,,,,,,,,,,,,,,,,,,,,
,,,,,,,,,,,DPH22B,"DPH22B 2"" #2 Phillips Drive - Bit",-- Unbranded --,-- No Unilog Brand --,Diablo,Freud Inc (2435),Freud Inc,Diablo,,DPH22B,,Industrial Supplies>General,"DPH22B 2"" #2 Phillips Drive - Bit",,"DPH22B 2"" #2 Phillips Drive - Bit",,"DPH22B 2"" #2 Phillips Drive - Bit",,,,,,,,,,,,,,,,,,,,,,,,,,,"2"" #2 Phillips Drive - Bit",,,,,,,,,,,,,,,,,,,,,,,,,,,,,,,,,,,,,,,,,,,,,,,,,,,,,,,,,,,,,,,,,,,,,,,,,,,,,,,,,,,,,,,,,,,,,,,,,,,,,,,,,,,,,,,,,,,,,,,,,,,,,,,,,,,,,,,,,,,,,,,,,,,,,,,,,,,,,,,,,,,,,,,,,,,,,,,,,,,,,,,,,,,,,,,,,,,,,
,,,,,,,,,,,DPH235B,"DPH235B 3-1/2"" #2 Phillips - Drive Bit",-- Unbranded --,-- No Unilog Brand --,Diablo,Freud Inc (2435),Freud Inc,Diablo,,DPH235B,,Industrial Supplies>General,"DPH235B 3-1/2"" #2 Phillips - Drive Bit",,"DPH235B 3-1/2"" #2 Phillips - Drive Bit",,"DPH235B 3-1/2"" #2 Phillips - Drive Bit",,,,,,,,,,,,,,,,,,,,,,,,,,,"3-1/2"" #2 Phillips - Drive Bit",Thread Size,3-1,,,,,,,,,,,,,,,,,,,,,,,,,,,,,,,,,,,,,,,,,,,,,,,,,,,,,,,,,,,,,,,,,,,,,,,,,,,,,,,,,,,,,,,,,,,,,,,,,,,,,,,,,,,,,,,,,,,,,,,,,,,,,,,,,,,,,,,,,,,,,,,,,,,,,,,,,,,,,,,,,,,,,,,,,,,,,,,,,,,,,,,,,,,,,,,,,,,
,,,,,,,,,,,DPH26B,"DPH26B 6"" #2 Phillips Drive - Bit",-- Unbranded --,-- No Unilog Brand --,Diablo,Freud Inc (2435),Freud Inc,Diablo,,DPH26B,,Industrial Supplies>General,"DPH26B 6"" #2 Phillips Drive - Bit",,"DPH26B 6"" #2 Phillips Drive - Bit",,"DPH26B 6"" #2 Phillips Drive - Bit",,,,,,,,,,,,,,,,,,,,,,,,,,,"6"" #2 Phillips Drive - Bit",,,,,,,,,,,,,,,,,,,,,,,,,,,,,,,,,,,,,,,,,,,,,,,,,,,,,,,,,,,,,,,,,,,,,,,,,,,,,,,,,,,,,,,,,,,,,,,,,,,,,,,,,,,,,,,,,,,,,,,,,,,,,,,,,,,,,,,,,,,,,,,,,,,,,,,,,,,,,,,,,,,,,,,,,,,,,,,,,,,,,,,,,,,,,,,,,,,,,
,,,,,,,,,,,DPH2R1B,"DPH2R1B 1"" #2 Phillips Drywall - Screws Drive Bit",-- Unbranded --,-- No Unilog Brand --,Diablo,Freud Inc (2435),Freud Inc,Diablo,,DPH2R1B,,Industrial Supplies>General,"DPH2R1B 1"" #2 Phillips Drywall - Screws Drive Bit",,"DPH2R1B 1"" #2 Phillips Drywall - Screws Drive Bit",,"DPH2R1B 1"" #2 Phillips Drywall - Screws Drive Bit",,,,,,,,,,,,,,,,,,,,,,,,,,,"1"" #2 Phillips Drywall - Screws Drive Bit",,,,,,,,,,,,,,,,,,,,,,,,,,,,,,,,,,,,,,,,,,,,,,,,,,,,,,,,,,,,,,,,,,,,,,,,,,,,,,,,,,,,,,,,,,,,,,,,,,,,,,,,,,,,,,,,,,,,,,,,,,,,,,,,,,,,,,,,,,,,,,,,,,,,,,,,,,,,,,,,,,,,,,,,,,,,,,,,,,,,,,,,,,,,,,,,,,,,,
,,,,,,,,,,,DPH31B,"DPH31B 1"" #3 Phillips Drive - Bit",-- Unbranded --,-- No Unilog Brand --,Diablo,Freud Inc (2435),Freud Inc,Diablo,,DPH31B,,Industrial Supplies>General,"DPH31B 1"" #3 Phillips Drive - Bit",,"DPH31B 1"" #3 Phillips Drive - Bit",,"DPH31B 1"" #3 Phillips Drive - Bit",,,,,,,,,,,,,,,,,,,,,,,,,,,"1"" #3 Phillips Drive - Bit",,,,,,,,,,,,,,,,,,,,,,,,,,,,,,,,,,,,,,,,,,,,,,,,,,,,,,,,,,,,,,,,,,,,,,,,,,,,,,,,,,,,,,,,,,,,,,,,,,,,,,,,,,,,,,,,,,,,,,,,,,,,,,,,,,,,,,,,,,,,,,,,,,,,,,,,,,,,,,,,,,,,,,,,,,,,,,,,,,,,,,,,,,,,,,,,,,,,,
,,,,,,,,,,,DPH32B,"DPH32B 2"" #3 Phillips Drive - Bit",-- Unbranded --,-- No Unilog Brand --,Diablo,Freud Inc (2435),Freud Inc,Diablo,,DPH32B,,Industrial Supplies>General,"DPH32B 2"" #3 Phillips Drive - Bit",,"DPH32B 2"" #3 Phillips Drive - Bit",,"DPH32B 2"" #3 Phillips Drive - Bit",,,,,,,,,,,,,,,,,,,,,,,,,,,"2"" #3 Phillips Drive - Bit",,,,,,,,,,,,,,,,,,,,,,,,,,,,,,,,,,,,,,,,,,,,,,,,,,,,,,,,,,,,,,,,,,,,,,,,,,,,,,,,,,,,,,,,,,,,,,,,,,,,,,,,,,,,,,,,,,,,,,,,,,,,,,,,,,,,,,,,,,,,,,,,,,,,,,,,,,,,,,,,,,,,,,,,,,,,,,,,,,,,,,,,,,,,,,,,,,,,,
,,,,,,,,,,,DPH335B,"DPH335B 3-1/2"" #3 Phillips - Drive Bit",-- Unbranded --,-- No Unilog Brand --,Diablo,Freud Inc (2435),Freud Inc,Diablo,,DPH335B,,Industrial Supplies>General,"DPH335B 3-1/2"" #3 Phillips - Drive Bit",,"DPH335B 3-1/2"" #3 Phillips - Drive Bit",,"DPH335B 3-1/2"" #3 Phillips - Drive Bit",,,,,,,,,,,,,,,,,,,,,,,,,,,"3-1/2"" #3 Phillips - Drive Bit",Thread Size,3-1,,,,,,,,,,,,,,,,,,,,,,,,,,,,,,,,,,,,,,,,,,,,,,,,,,,,,,,,,,,,,,,,,,,,,,,,,,,,,,,,,,,,,,,,,,,,,,,,,,,,,,,,,,,,,,,,,,,,,,,,,,,,,,,,,,,,,,,,,,,,,,,,,,,,,,,,,,,,,,,,,,,,,,,,,,,,,,,,,,,,,,,,,,,,,,,,,,,
,,,,,,,,,,,DSQ12B,"DSQ12B 2"" #1 Square Drive Bit",-- Unbranded --,-- No Unilog Brand --,Diablo,Freud Inc (2435),Freud Inc,Diablo,,DSQ12B,,Industrial Supplies>General,"DSQ12B 2"" #1 Square Drive Bit",,"DSQ12B 2"" #1 Square Drive Bit",,"DSQ12B 2"" #1 Square Drive Bit",,,,,,,,,,,,,,,,,,,,,,,,,,,"2"" #1 Square Drive Bit",,,,,,,,,,,,,,,,,,,,,,,,,,,,,,,,,,,,,,,,,,,,,,,,,,,,,,,,,,,,,,,,,,,,,,,,,,,,,,,,,,,,,,,,,,,,,,,,,,,,,,,,,,,,,,,,,,,,,,,,,,,,,,,,,,,,,,,,,,,,,,,,,,,,,,,,,,,,,,,,,,,,,,,,,,,,,,,,,,,,,,,,,,,,,,,,,,,,,
,,,,,,,,,,,DSQ22B,"DSQ22B 2"" #2 Square Drive Bit",-- Unbranded --,-- No Unilog Brand --,Diablo,Freud Inc (2435),Freud Inc,Diablo,,DSQ22B,,Industrial Supplies>General,"DSQ22B 2"" #2 Square Drive Bit",,"DSQ22B 2"" #2 Square Drive Bit",,"DSQ22B 2"" #2 Square Drive Bit",,,,,,,,,,,,,,,,,,,,,,,,,,,"2"" #2 Square Drive Bit",,,,,,,,,,,,,,,,,,,,,,,,,,,,,,,,,,,,,,,,,,,,,,,,,,,,,,,,,,,,,,,,,,,,,,,,,,,,,,,,,,,,,,,,,,,,,,,,,,,,,,,,,,,,,,,,,,,,,,,,,,,,,,,,,,,,,,,,,,,,,,,,,,,,,,,,,,,,,,,,,,,,,,,,,,,,,,,,,,,,,,,,,,,,,,,,,,,,,
,,,,,,,,,,,DSQ26B,"DSQ26B 6"" #2 Square Drive Bit",-- Unbranded --,-- No Unilog Brand --,Diablo,Freud Inc (2435),Freud Inc,Diablo,,DSQ26B,,Industrial Supplies>General,"DSQ26B 6"" #2 Square Drive Bit",,"DSQ26B 6"" #2 Square Drive Bit",,"DSQ26B 6"" #2 Square Drive Bit",,,,,,,,,,,,,,,,,,,,,,,,,,,"6"" #2 Square Drive Bit",,,,,,,,,,,,,,,,,,,,,,,,,,,,,,,,,,,,,,,,,,,,,,,,,,,,,,,,,,,,,,,,,,,,,,,,,,,,,,,,,,,,,,,,,,,,,,,,,,,,,,,,,,,,,,,,,,,,,,,,,,,,,,,,,,,,,,,,,,,,,,,,,,,,,,,,,,,,,,,,,,,,,,,,,,,,,,,,,,,,,,,,,,,,,,,,,,,,,
,,,,,,,,,,,DSQ32B,"DSQ32B 2"" #3 Square Drive Bit",-- Unbranded --,-- No Unilog Brand --,Diablo,Freud Inc (2435),Freud Inc,Diablo,,DSQ32B,,Industrial Supplies>General,"DSQ32B 2"" #3 Square Drive Bit",,"DSQ32B 2"" #3 Square Drive Bit",,"DSQ32B 2"" #3 Square Drive Bit",,,,,,,,,,,,,,,,,,,,,,,,,,,"2"" #3 Square Drive Bit",,,,,,,,,,,,,,,,,,,,,,,,,,,,,,,,,,,,,,,,,,,,,,,,,,,,,,,,,,,,,,,,,,,,,,,,,,,,,,,,,,,,,,,,,,,,,,,,,,,,,,,,,,,,,,,,,,,,,,,,,,,,,,,,,,,,,,,,,,,,,,,,,,,,,,,,,,,,,,,,,,,,,,,,,,,,,,,,,,,,,,,,,,,,,,,,,,,,,
,,,,,,,,,,,DT102B,"DT102B 2"" #10 Torx Drive Bit",-- Unbranded --,-- No Unilog Brand --,Diablo,Freud Inc (2435),Freud Inc,Diablo,,DT102B,,Industrial Supplies>General,"DT102B 2"" #10 Torx Drive Bit",,"DT102B 2"" #10 Torx Drive Bit",,"DT102B 2"" #10 Torx Drive Bit",,,,,,,,,,,,,,,,,,,,,,,,,,,"2"" #10 Torx Drive Bit",,,,,,,,,,,,,,,,,,,,,,,,,,,,,,,,,,,,,,,,,,,,,,,,,,,,,,,,,,,,,,,,,,,,,,,,,,,,,,,,,,,,,,,,,,,,,,,,,,,,,,,,,,,,,,,,,,,,,,,,,,,,,,,,,,,,,,,,,,,,,,,,,,,,,,,,,,,,,,,,,,,,,,,,,,,,,,,,,,,,,,,,,,,,,,,,,,,,,
,,,,,,,,,,,DT152B,"DT152B 2"" #15 Torx Drive Bit",-- Unbranded --,-- No Unilog Brand --,Diablo,Freud Inc (2435),Freud Inc,Diablo,,DT152B,,Industrial Supplies>General,"DT152B 2"" #15 Torx Drive Bit",,"DT152B 2"" #15 Torx Drive Bit",,"DT152B 2"" #15 Torx Drive Bit",,,,,,,,,,,,,,,,,,,,,,,,,,,"2"" #15 Torx Drive Bit",,,,,,,,,,,,,,,,,,,,,,,,,,,,,,,,,,,,,,,,,,,,,,,,,,,,,,,,,,,,,,,,,,,,,,,,,,,,,,,,,,,,,,,,,,,,,,,,,,,,,,,,,,,,,,,,,,,,,,,,,,,,,,,,,,,,,,,,,,,,,,,,,,,,,,,,,,,,,,,,,,,,,,,,,,,,,,,,,,,,,,,,,,,,,,,,,,,,,
,,,,,,,,,,,DT1535B,"DT1535B 3-1/2"" #15 Torx Drive - Bit",-- Unbranded --,-- No Unilog Brand --,Diablo,Freud Inc (2435),Freud Inc,Diablo,,DT1535B,,Industrial Supplies>General,"DT1535B 3-1/2"" #15 Torx Drive - Bit",,"DT1535B 3-1/2"" #15 Torx Drive - Bit",,"DT1535B 3-1/2"" #15 Torx Drive - Bit",,,,,,,,,,,,,,,,,,,,,,,,,,,"3-1/2"" #15 Torx Drive - Bit",Thread Size,3-1,,,,,,,,,,,,,,,,,,,,,,,,,,,,,,,,,,,,,,,,,,,,,,,,,,,,,,,,,,,,,,,,,,,,,,,,,,,,,,,,,,,,,,,,,,,,,,,,,,,,,,,,,,,,,,,,,,,,,,,,,,,,,,,,,,,,,,,,,,,,,,,,,,,,,,,,,,,,,,,,,,,,,,,,,,,,,,,,,,,,,,,,,,,,,,,,,,,
,,,,,,,,,,,DT202B,"DT202B 2"" #20 Torx Drive Bit",-- Unbranded --,-- No Unilog Brand --,Diablo,Freud Inc (2435),Freud Inc,Diablo,,DT202B,,Industrial Supplies>General,"DT202B 2"" #20 Torx Drive Bit",,"DT202B 2"" #20 Torx Drive Bit",,"DT202B 2"" #20 Torx Drive Bit",,,,,,,,,,,,,,,,,,,,,,,,,,,"2"" #20 Torx Drive Bit",,,,,,,,,,,,,,,,,,,,,,,,,,,,,,,,,,,,,,,,,,,,,,,,,,,,,,,,,,,,,,,,,,,,,,,,,,,,,,,,,,,,,,,,,,,,,,,,,,,,,,,,,,,,,,,,,,,,,,,,,,,,,,,,,,,,,,,,,,,,,,,,,,,,,,,,,,,,,,,,,,,,,,,,,,,,,,,,,,,,,,,,,,,,,,,,,,,,,
,,,,,,,,,,,DT2035B,"DT2035B 3-1/2"" #20 Torx Drive - Bit",-- Unbranded --,-- No Unilog Brand --,Diablo,Freud Inc (2435),Freud Inc,Diablo,,DT2035B,,Industrial Supplies>General,"DT2035B 3-1/2"" #20 Torx Drive - Bit",,"DT2035B 3-1/2"" #20 Torx Drive - Bit",,"DT2035B 3-1/2"" #20 Torx Drive - Bit",,,,,,,,,,,,,,,,,,,,,,,,,,,"3-1/2"" #20 Torx Drive - Bit",Thread Size,3-1,,,,,,,,,,,,,,,,,,,,,,,,,,,,,,,,,,,,,,,,,,,,,,,,,,,,,,,,,,,,,,,,,,,,,,,,,,,,,,,,,,,,,,,,,,,,,,,,,,,,,,,,,,,,,,,,,,,,,,,,,,,,,,,,,,,,,,,,,,,,,,,,,,,,,,,,,,,,,,,,,,,,,,,,,,,,,,,,,,,,,,,,,,,,,,,,,,,
,,,,,,,,,,,DT206B,"DT206B 6"" #20 Torx Drive Bit",-- Unbranded --,-- No Unilog Brand --,Diablo,Freud Inc (2435),Freud Inc,Diablo,,DT206B,,Industrial Supplies>General,"DT206B 6"" #20 Torx Drive Bit",,"DT206B 6"" #20 Torx Drive Bit",,"DT206B 6"" #20 Torx Drive Bit",,,,,,,,,,,,,,,,,,,,,,,,,,,"6"" #20 Torx Drive Bit",,,,,,,,,,,,,,,,,,,,,,,,,,,,,,,,,,,,,,,,,,,,,,,,,,,,,,,,,,,,,,,,,,,,,,,,,,,,,,,,,,,,,,,,,,,,,,,,,,,,,,,,,,,,,,,,,,,,,,,,,,,,,,,,,,,,,,,,,,,,,,,,,,,,,,,,,,,,,,,,,,,,,,,,,,,,,,,,,,,,,,,,,,,,,,,,,,,,,
,,,,,,,,,,,DT252B,"DT252B 2"" #25 Trox Drive Bit",-- Unbranded --,-- No Unilog Brand --,Diablo,Freud Inc (2435),Freud Inc,Diablo,,DT252B,,Industrial Supplies>General,"DT252B 2"" #25 Trox Drive Bit",,"DT252B 2"" #25 Trox Drive Bit",,"DT252B 2"" #25 Trox Drive Bit",,,,,,,,,,,,,,,,,,,,,,,,,,,"2"" #25 Trox Drive Bit",,,,,,,,,,,,,,,,,,,,,,,,,,,,,,,,,,,,,,,,,,,,,,,,,,,,,,,,,,,,,,,,,,,,,,,,,,,,,,,,,,,,,,,,,,,,,,,,,,,,,,,,,,,,,,,,,,,,,,,,,,,,,,,,,,,,,,,,,,,,,,,,,,,,,,,,,,,,,,,,,,,,,,,,,,,,,,,,,,,,,,,,,,,,,,,,,,,,,
,,,,,,,,,,,DT2535B,"DT2535B 3-1/4"" #25 Torx Drive - Bit",-- Unbranded --,-- No Unilog Brand --,Diablo,Freud Inc (2435),Freud Inc,Diablo,,DT2535B,,Industrial Supplies>General,"DT2535B 3-1/4"" #25 Torx Drive - Bit",,"DT2535B 3-1/4"" #25 Torx Drive - Bit",,"DT2535B 3-1/4"" #25 Torx Drive - Bit",,,,,,,,,,,,,,,,,,,,,,,,,,,"3-1/4"" #25 Torx Drive - Bit",Thread Size,3-1,,,,,,,,,,,,,,,,,,,,,,,,,,,,,,,,,,,,,,,,,,,,,,,,,,,,,,,,,,,,,,,,,,,,,,,,,,,,,,,,,,,,,,,,,,,,,,,,,,,,,,,,,,,,,,,,,,,,,,,,,,,,,,,,,,,,,,,,,,,,,,,,,,,,,,,,,,,,,,,,,,,,,,,,,,,,,,,,,,,,,,,,,,,,,,,,,,,
,,,,,,,,,,,DT256B,"DT256B 6"" #25 Torx Drive Bit",-- Unbranded --,-- No Unilog Brand --,Diablo,Freud Inc (2435),Freud Inc,Diablo,,DT256B,,Industrial Supplies>General,"DT256B 6"" #25 Torx Drive Bit",,"DT256B 6"" #25 Torx Drive Bit",,"DT256B 6"" #25 Torx Drive Bit",,,,,,,,,,,,,,,,,,,,,,,,,,,"6"" #25 Torx Drive Bit",,,,,,,,,,,,,,,,,,,,,,,,,,,,,,,,,,,,,,,,,,,,,,,,,,,,,,,,,,,,,,,,,,,,,,,,,,,,,,,,,,,,,,,,,,,,,,,,,,,,,,,,,,,,,,,,,,,,,,,,,,,,,,,,,,,,,,,,,,,,,,,,,,,,,,,,,,,,,,,,,,,,,,,,,,,,,,,,,,,,,,,,,,,,,,,,,,,,,
,,,,,,,,,,,DT302B,"DT302B 2"" #30 Torx Drive Bit",-- Unbranded --,-- No Unilog Brand --,Diablo,Freud Inc (2435),Freud Inc,Diablo,,DT302B,,Industrial Supplies>General,"DT302B 2"" #30 Torx Drive Bit",,"DT302B 2"" #30 Torx Drive Bit",,"DT302B 2"" #30 Torx Drive Bit",,,,,,,,,,,,,,,,,,,,,,,,,,,"2"" #30 Torx Drive Bit",,,,,,,,,,,,,,,,,,,,,,,,,,,,,,,,,,,,,,,,,,,,,,,,,,,,,,,,,,,,,,,,,,,,,,,,,,,,,,,,,,,,,,,,,,,,,,,,,,,,,,,,,,,,,,,,,,,,,,,,,,,,,,,,,,,,,,,,,,,,,,,,,,,,,,,,,,,,,,,,,,,,,,,,,,,,,,,,,,,,,,,,,,,,,,,,,,,,,
,,,,,,,,,,,DT402B,"DT402B 2"" #40 Torx Drive Bit",-- Unbranded --,-- No Unilog Brand --,Diablo,Freud Inc (2435),Freud Inc,Diablo,,DT402B,,Industrial Supplies>General,"DT402B 2"" #40 Torx Drive Bit",,"DT402B 2"" #40 Torx Drive Bit",,"DT402B 2"" #40 Torx Drive Bit",,,,,,,,,,,,,,,,,,,,,,,,,,,"2"" #40 Torx Drive Bit",,,,,,,,,,,,,,,,,,,,,,,,,,,,,,,,,,,,,,,,,,,,,,,,,,,,,,,,,,,,,,,,,,,,,,,,,,,,,,,,,,,,,,,,,,,,,,,,,,,,,,,,,,,,,,,,,,,,,,,,,,,,,,,,,,,,,,,,,,,,,,,,,,,,,,,,,,,,,,,,,,,,,,,,,,,,,,,,,,,,,,,,,,,,,,,,,,,,,
,,,,,,,,,,,DDWSSB,DDWSSB #2 Drywall Screw Setter,-- Unbranded --,-- No Unilog Brand --,Diablo,Freud Inc (2435),Freud Inc,Diablo,,DDWSSB,,Industrial Supplies>General,DDWSSB #2 Drywall Screw Setter,,DDWSSB #2 Drywall Screw Setter,,DDWSSB #2 Drywall Screw Setter,,,,,,,,,,,,,,,,,,,,,,,,,,,#2 Drywall Screw Setter,,,,,,,,,,,,,,,,,,,,,,,,,,,,,,,,,,,,,,,,,,,,,,,,,,,,,,,,,,,,,,,,,,,,,,,,,,,,,,,,,,,,,,,,,,,,,,,,,,,,,,,,,,,,,,,,,,,,,,,,,,,,,,,,,,,,,,,,,,,,,,,,,,,,,,,,,,,,,,,,,,,,,,,,,,,,,,,,,,,,,,,,,,,,,,,,,,,,,
,,,,,,,,,,,191V02-0,191V02-0 Makita #2 Phillips Bit 5pk,-- Unbranded --,-- No Unilog Brand --,-- No DIB Brand --,Makita Usa Inc (5142),Makita Usa Inc,Makita,,191V02-0,,Industrial Supplies>General,191V02-0 Makita #2 Phillips Bit 5pk,,191V02-0 Makita #2 Phillips Bit 5pk,,191V02-0 Makita #2 Phillips Bit 5pk,,,,,,,,,,,,,,,,,,,,,,,,,,,Makita #2 Phillips Bit 5pk,,,,,,,,,,,,,,,,,,,,,,,,,,,,,,,,,,,,,,,,,,,,,,,,,,,,,,,,,,,,,,,,,,,,,,,,,,,,,,,,,,,,,,,,,,,,,,,,,,,,,,,,,,,,,,,,,,,,,,,,,,,,,,,,,,,,,,,,,,,,,,,,,,,,,,,,,,,,,,,,,,,,,,,,,,,,,,,,,,,,,,,,,,,,,,,,,,,,,
,,,,,,,,,,,XTS02Z,"XTS02Z Makita 18V 1/4"" Narrow Crown Stapler 18GA",-- Unbranded --,-- No Unilog Brand --,-- No DIB Brand --,Makita Usa Inc (5142),Makita Usa Inc,Makita,,XTS02Z,,Industrial Supplies>General,"XTS02Z Makita 18V 1/4"" Narrow Crown Stapler 18GA",,"XTS02Z Makita 18V 1/4"" Narrow Crown Stapler 18GA",,"XTS02Z Makita 18V 1/4"" Narrow Crown Stapler 18GA",,,,,,,,,,,,,,,,,,,,,,,,,,,"Makita 18V 1/4"" Narrow Crown Stapler 18GA",,,,,,,,,,,,,,,,,,,,,,,,,,,,,,,,,,,,,,,,,,,,,,,,,,,,,,,,,,,,,,,,,,,,,,,,,,,,,,,,,,,,,,,,,,,,,,,,,,,,,,,,,,,,,,,,,,,,,,,,,,,,,,,,,,,,,,,,,,,,,,,,,,,,,,,,,,,,,,,,,,,,,,,,,,,,,,,,,,,,,,,,,,,,,,,,,,,,,
,,,,,,,,,,,DCF809D1,"DCF809D1 Dewalt Atomic 20V 1/4"" Impact Driver Kit",-- Unbranded --,-- No Unilog Brand --,DEWALT,Black & Decker/dewlt (2585),Black & Decker/dewlt,DEWALT,,DCF809D1,,Industrial Supplies>General,"DCF809D1 Dewalt Atomic 20V 1/4"" Impact Driver Kit",,"DCF809D1 Dewalt Atomic 20V 1/4"" Impact Driver Kit",,"DCF809D1 Dewalt Atomic 20V 1/4"" Impact Driver Kit",,,,,,,,,,,,,,,,,,,,,,,,,,,"Dewalt Atomic 20V 1/4"" Impact Driver Kit",,,,,,,,,,,,,,,,,,,,,,,,,,,,,,,,,,,,,,,,,,,,,,,,,,,,,,,,,,,,,,,,,,,,,,,,,,,,,,,,,,,,,,,,,,,,,,,,,,,,,,,,,,,,,,,,,,,,,,,,,,,,,,,,,,,,,,,,,,,,,,,,,,,,,,,,,,,,,,,,,,,,,,,,,,,,,,,,,,,,,,,,,,,,,,,,,,,,,
,,,,,,,,,,,2761-20,"2761-20 Milw M18 1/4"" Hex Hydraulic Driver",-- Unbranded --,-- No Unilog Brand --,-- No DIB Brand --,Milwaukee Accessory (4031),Milwaukee Accessory,Milwaukee,,2761-20,,Industrial Supplies>General,"2761-20 Milw M18 1/4"" Hex Hydraulic Driver",,"2761-20 Milw M18 1/4"" Hex Hydraulic Driver",,"2761-20 Milw M18 1/4"" Hex Hydraulic Driver",,,,,,,,,,,,,,,,,,,,,,,,,,,"Milw M18 1/4"" Hex Hydraulic Driver",Thread Size,2761-20,,,,,,,,,,,,,,,,,,,,,,,,,,,,,,,,,,,,,,,,,,,,,,,,,,,,,,,,,,,,,,,,,,,,,,,,,,,,,,,,,,,,,,,,,,,,,,,,,,,,,,,,,,,,,,,,,,,,,,,,,,,,,,,,,,,,,,,,,,,,,,,,,,,,,,,,,,,,,,,,,,,,,,,,,,,,,,,,,,,,,,,,,,,,,,,,,,,
,,,,,,,,,,,2761-22,2761-22 Milw M18 Surge Kit,-- Unbranded --,-- No Unilog Brand --,-- No DIB Brand --,Milwaukee Accessory (4031),Milwaukee Accessory,Milwaukee,,2761-22,,Industrial Supplies>General,2761-22 Milw M18 Surge Kit,,2761-22 Milw M18 Surge Kit,,2761-22 Milw M18 Surge Kit,,,,,,,,,,,,,,,,,,,,,,,,,,,Milw M18 Surge Kit,Thread Size,2761-22,,,,,,,,,,,,,,,,,,,,,,,,,,,,,,,,,,,,,,,,,,,,,,,,,,,,,,,,,,,,,,,,,,,,,,,,,,,,,,,,,,,,,,,,,,,,,,,,,,,,,,,,,,,,,,,,,,,,,,,,,,,,,,,,,,,,,,,,,,,,,,,,,,,,,,,,,,,,,,,,,,,,,,,,,,,,,,,,,,,,,,,,,,,,,,,,,,,
,,,,,,,,,,,3450-20,3450-20 Milw M12 Impact Driver - Brushless Compact (Bare),-- Unbranded --,-- No Unilog Brand --,-- No DIB Brand --,Milwaukee Accessory (4031),Milwaukee Accessory,Milwaukee,,3450-20,,Industrial Supplies>General,3450-20 Milw M12 Impact Driver - Brushless Compact (Bare),,3450-20 Milw M12 Impact Driver - Brushless Compact (Bare),,3450-20 Milw M12 Impact Driver - Brushless Compact (Bare),,,,,,,,,,,,,,,,,,,,,,,,,,,Milw M12 Impact Driver - Brushless Compact (Bare),Thread Size,3450-20,,,,,,,,,,,,,,,,,,,,,,,,,,,,,,,,,,,,,,,,,,,,,,,,,,,,,,,,,,,,,,,,,,,,,,,,,,,,,,,,,,,,,,,,,,,,,,,,,,,,,,,,,,,,,,,,,,,,,,,,,,,,,,,,,,,,,,,,,,,,,,,,,,,,,,,,,,,,,,,,,,,,,,,,,,,,,,,,,,,,,,,,,,,,,,,,,,,
,,,,,,,,,,,KPTDV025A,KPTDV025A Kreg 20V Ionic Compact Impact Driver,-- Unbranded --,-- No Unilog Brand --,-- No DIB Brand --,Kreg Tool Company (KRETO),Kreg Tool Company,Kreg,,KPTDV025A,,Industrial Supplies>General,KPTDV025A Kreg 20V Ionic Compact Impact Driver,,KPTDV025A Kreg 20V Ionic Compact Impact Driver,,KPTDV025A Kreg 20V Ionic Compact Impact Driver,,,,,,,,,,,,,,,,,,,,,,,,,,,Kreg 20V Ionic Compact Impact Driver,,,,,,,,,,,,,,,,,,,,,,,,,,,,,,,,,,,,,,,,,,,,,,,,,,,,,,,,,,,,,,,,,,,,,,,,,,,,,,,,,,,,,,,,,,,,,,,,,,,,,,,,,,,,,,,,,,,,,,,,,,,,,,,,,,,,,,,,,,,,,,,,,,,,,,,,,,,,,,,,,,,,,,,,,,,,,,,,,,,,,,,,,,,,,,,,,,,,,
,,,,,,,,,,,3048-20,"3048-20 Milw M12 1/4"" Impact Wrench w/Friction Ring",-- Unbranded --,-- No Unilog Brand --,-- No DIB Brand --,Milwaukee Accessory (4031),Milwaukee Accessory,Milwaukee,,3048-20,,Industrial Supplies>General,"3048-20 Milw M12 1/4"" Impact Wrench w/Friction Ring",,"3048-20 Milw M12 1/4"" Impact Wrench w/Friction Ring",,"3048-20 Milw M12 1/4"" Impact Wrench w/Friction Ring",,,,,,,,,,,,,,,,,,,,,,,,,,,"Milw M12 1/4"" Impact Wrench w/Friction Ring",Thread Size,3048-20,,,,,,,,,,,,,,,,,,,,,,,,,,,,,,,,,,,,,,,,,,,,,,,,,,,,,,,,,,,,,,,,,,,,,,,,,,,,,,,,,,,,,,,,,,,,,,,,,,,,,,,,,,,,,,,,,,,,,,,,,,,,,,,,,,,,,,,,,,,,,,,,,,,,,,,,,,,,,,,,,,,,,,,,,,,,,,,,,,,,,,,,,,,,,,,,,,,
,,,,,,,,,,,3049-20,"3049-20 Milw M12 3/8"" Impact Wrench w/Friction Ring",-- Unbranded --,-- No Unilog Brand --,-- No DIB Brand --,Milwaukee Accessory (4031),Milwaukee Accessory,Milwaukee,,3049-20,,Industrial Supplies>General,"3049-20 Milw M12 3/8"" Impact Wrench w/Friction Ring",,"3049-20 Milw M12 3/8"" Impact Wrench w/Friction Ring",,"3049-20 Milw M12 3/8"" Impact Wrench w/Friction Ring",,,,,,,,,,,,,,,,,,,,,,,,,,,"Milw M12 3/8"" Impact Wrench w/Friction Ring",Thread Size,3049-20,,,,,,,,,,,,,,,,,,,,,,,,,,,,,,,,,,,,,,,,,,,,,,,,,,,,,,,,,,,,,,,,,,,,,,,,,,,,,,,,,,,,,,,,,,,,,,,,,,,,,,,,,,,,,,,,,,,,,,,,,,,,,,,,,,,,,,,,,,,,,,,,,,,,,,,,,,,,,,,,,,,,,,,,,,,,,,,,,,,,,,,,,,,,,,,,,,,
,,,,,,,,,,,2563-20,"2563-20 Milw M12 Stubby 1/2"" Impact Wrench",-- Unbranded --,-- No Unilog Brand --,-- No DIB Brand --,Milwaukee Accessory (4031),Milwaukee Accessory,Milwaukee,,2563-20,,Industrial Supplies>General,"2563-20 Milw M12 Stubby 1/2"" Impact Wrench",,"2563-20 Milw M12 Stubby 1/2"" Impact Wrench",,"2563-20 Milw M12 Stubby 1/2"" Impact Wrench",,,,,,,,,,,,,,,,,,,,,,,,,,,"Milw M12 Stubby 1/2"" Impact Wrench",Thread Size,2563-20,,,,,,,,,,,,,,,,,,,,,,,,,,,,,,,,,,,,,,,,,,,,,,,,,,,,,,,,,,,,,,,,,,,,,,,,,,,,,,,,,,,,,,,,,,,,,,,,,,,,,,,,,,,,,,,,,,,,,,,,,,,,,,,,,,,,,,,,,,,,,,,,,,,,,,,,,,,,,,,,,,,,,,,,,,,,,,,,,,,,,,,,,,,,,,,,,,,
,,,,,,,,,,,DCF961B,"Dewalt DCF961B 20V 1/2"" Impact - Bare Tool",-- Unbranded --,-- No Unilog Brand --,DEWALT,Black & Decker/dewlt (2585),Black & Decker/dewlt,DEWALT,,DCF961B,,Industrial Supplies>General,"Dewalt DCF961B 20V 1/2"" Impact - Bare Tool",,"Dewalt DCF961B 20V 1/2"" Impact - Bare Tool",,"Dewalt DCF961B 20V 1/2"" Impact - Bare Tool",,,,,,,,,,,,,,,,,,,,,,,,,,,"DCF961B 20V 1/2"" Impact - Bare Tool",,,,,,,,,,,,,,,,,,,,,,,,,,,,,,,,,,,,,,,,,,,,,,,,,,,,,,,,,,,,,,,,,,,,,,,,,,,,,,,,,,,,,,,,,,,,,,,,,,,,,,,,,,,,,,,,,,,,,,,,,,,,,,,,,,,,,,,,,,,,,,,,,,,,,,,,,,,,,,,,,,,,,,,,,,,,,,,,,,,,,,,,,,,,,,,,,,,,,
,,,,,,,,,,,DCF964B,"DCF964B Dewalt 20V 3/4"" Impact - Wrench (Bare)",-- Unbranded --,-- No Unilog Brand --,DEWALT,Black & Decker/dewlt (2585),Black & Decker/dewlt,DEWALT,,DCF964B,,Industrial Supplies>General,"DCF964B Dewalt 20V 3/4"" Impact - Wrench (Bare)",,"DCF964B Dewalt 20V 3/4"" Impact - Wrench (Bare)",,"DCF964B Dewalt 20V 3/4"" Impact - Wrench (Bare)",,,,,,,,,,,,,,,,,,,,,,,,,,,"Dewalt 20V 3/4"" Impact - Wrench (Bare)",,,,,,,,,,,,,,,,,,,,,,,,,,,,,,,,,,,,,,,,,,,,,,,,,,,,,,,,,,,,,,,,,,,,,,,,,,,,,,,,,,,,,,,,,,,,,,,,,,,,,,,,,,,,,,,,,,,,,,,,,,,,,,,,,,,,,,,,,,,,,,,,,,,,,,,,,,,,,,,,,,,,,,,,,,,,,,,,,,,,,,,,,,,,,,,,,,,,,
,,,,,,,,,,,2563P-20,"2563P-20 Milw M12 1/2"" Stubby - Impact Wrench w/Pin Detent",-- Unbranded --,-- No Unilog Brand --,-- No DIB Brand --,Milwaukee Accessory (4031),Milwaukee Accessory,Milwaukee,,2563P-20,,Industrial Supplies>General,"2563P-20 Milw M12 1/2"" Stubby - Impact Wrench w/Pin Detent",,"2563P-20 Milw M12 1/2"" Stubby - Impact Wrench w/Pin Detent",,"2563P-20 Milw M12 1/2"" Stubby - Impact Wrench w/Pin Detent",,,,,,,,,,,,,,,,,,,,,,,,,,,"Milw M12 1/2"" Stubby - Impact Wrench w/Pin Detent",,,,,,,,,,,,,,,,,,,,,,,,,,,,,,,,,,,,,,,,,,,,,,,,,,,,,,,,,,,,,,,,,,,,,,,,,,,,,,,,,,,,,,,,,,,,,,,,,,,,,,,,,,,,,,,,,,,,,,,,,,,,,,,,,,,,,,,,,,,,,,,,,,,,,,,,,,,,,,,,,,,,,,,,,,,,,,,,,,,,,,,,,,,,,,,,,,,,,
,,,,,,,,,,,DCF921P2,DCF921P2 Dewalt 20V 1/2 Impact,-- Unbranded --,-- No Unilog Brand --,-- No DIB Brand --,Black & Decker/dewlt (2585),Black & Decker/dewlt,DEWALT,,DCF921P2,,Industrial Supplies>General,DCF921P2 Dewalt 20V 1/2 Impact,,DCF921P2 Dewalt 20V 1/2 Impact,,DCF921P2 Dewalt 20V 1/2 Impact,,,,,,,,,,,,,,,,,,,,,,,,,,,Dewalt 20V 1/2 Impact,,,,,,,,,,,,,,,,,,,,,,,,,,,,,,,,,,,,,,,,,,,,,,,,,,,,,,,,,,,,,,,,,,,,,,,,,,,,,,,,,,,,,,,,,,,,,,,,,,,,,,,,,,,,,,,,,,,,,,,,,,,,,,,,,,,,,,,,,,,,,,,,,,,,,,,,,,,,,,,,,,,,,,,,,,,,,,,,,,,,,,,,,,,,,,,,,,,,,
,,,,,,,,,,,XLT03Z,"XLT03Z Makita 3/8"" 18V Angle Impact",-- Unbranded --,-- No Unilog Brand --,-- No DIB Brand --,Makita Usa Inc (5142),Makita Usa Inc,Makita,,XLT03Z,,Industrial Supplies>General,"XLT03Z Makita 3/8"" 18V Angle Impact",,"XLT03Z Makita 3/8"" 18V Angle Impact",,"XLT03Z Makita 3/8"" 18V Angle Impact",,,,,,,,,,,,,,,,,,,,,,,,,,,"Makita 3/8"" 18V Angle Impact",,,,,,,,,,,,,,,,,,,,,,,,,,,,,,,,,,,,,,,,,,,,,,,,,,,,,,,,,,,,,,,,,,,,,,,,,,,,,,,,,,,,,,,,,,,,,,,,,,,,,,,,,,,,,,,,,,,,,,,,,,,,,,,,,,,,,,,,,,,,,,,,,,,,,,,,,,,,,,,,,,,,,,,,,,,,,,,,,,,,,,,,,,,,,,,,,,,,,
,,,,,,,,,,,XLT04Z,"XLT04Z Makita 1/4"" 18V Angle Impact",-- Unbranded --,-- No Unilog Brand --,-- No DIB Brand --,Makita Usa Inc (5142),Makita Usa Inc,Makita,,XLT04Z,,Industrial Supplies>General,"XLT04Z Makita 1/4"" 18V Angle Impact",,"XLT04Z Makita 1/4"" 18V Angle Impact",,"XLT04Z Makita 1/4"" 18V Angle Impact",,,,,,,,,,,,,,,,,,,,,,,,,,,"Makita 1/4"" 18V Angle Impact",,,,,,,,,,,,,,,,,,,,,,,,,,,,,,,,,,,,,,,,,,,,,,,,,,,,,,,,,,,,,,,,,,,,,,,,,,,,,,,,,,,,,,,,,,,,,,,,,,,,,,,,,,,,,,,,,,,,,,,,,,,,,,,,,,,,,,,,,,,,,,,,,,,,,,,,,,,,,,,,,,,,,,,,,,,,,,,,,,,,,,,,,,,,,,,,,,,,,
,,,,,,,,,,,XLT05Z,"XLT05Z Makita 1/2"" 18V Angle Impact",-- Unbranded --,-- No Unilog Brand --,-- No DIB Brand --,Makita Usa Inc (5142),Makita Usa Inc,Makita,,XLT05Z,,Industrial Supplies>General,"XLT05Z Makita 1/2"" 18V Angle Impact",,"XLT05Z Makita 1/2"" 18V Angle Impact",,"XLT05Z Makita 1/2"" 18V Angle Impact",,,,,,,,,,,,,,,,,,,,,,,,,,,"Makita 1/2"" 18V Angle Impact",,,,,,,,,,,,,,,,,,,,,,,,,,,,,,,,,,,,,,,,,,,,,,,,,,,,,,,,,,,,,,,,,,,,,,,,,,,,,,,,,,,,,,,,,,,,,,,,,,,,,,,,,,,,,,,,,,,,,,,,,,,,,,,,,,,,,,,,,,,,,,,,,,,,,,,,,,,,,,,,,,,,,,,,,,,,,,,,,,,,,,,,,,,,,,,,,,,,,
,,,,,,,,,,,DCF510B,Dewalt DCF510B 20V Rachet - Interchangeable Anvil,-- Unbranded --,-- No Unilog Brand --,DEWALT,Black & Decker/dewlt (2585),Black & Decker/dewlt,DEWALT,,DCF510B,,Industrial Supplies>General,Dewalt DCF510B 20V Rachet - Interchangeable Anvil,,Dewalt DCF510B 20V Rachet - Interchangeable Anvil,,Dewalt DCF510B 20V Rachet - Interchangeable Anvil,,,,,,,,,,,,,,,,,,,,,,,,,,,DCF510B 20V Rachet - Interchangeable Anvil,,,,,,,,,,,,,,,,,,,,,,,,,,,,,,,,,,,,,,,,,,,,,,,,,,,,,,,,,,,,,,,,,,,,,,,,,,,,,,,,,,,,,,,,,,,,,,,,,,,,,,,,,,,,,,,,,,,,,,,,,,,,,,,,,,,,,,,,,,,,,,,,,,,,,,,,,,,,,,,,,,,,,,,,,,,,,,,,,,,,,,,,,,,,,,,,,,,,,
,,,,,,,,,,,3052-20,"3052-20 Milw M12 Fuel 1/4"" Rachet",-- Unbranded --,-- No Unilog Brand --,-- No DIB Brand --,Milwaukee Accessory (4031),Milwaukee Accessory,Milwaukee,,3052-20,,Industrial Supplies>General,"3052-20 Milw M12 Fuel 1/4"" Rachet",,"3052-20 Milw M12 Fuel 1/4"" Rachet",,"3052-20 Milw M12 Fuel 1/4"" Rachet",,,,,,,,,,,,,,,,,,,,,,,,,,,"Milw M12 Fuel 1/4"" Rachet",Thread Size,3052-20,,,,,,,,,,,,,,,,,,,,,,,,,,,,,,,,,,,,,,,,,,,,,,,,,,,,,,,,,,,,,,,,,,,,,,,,,,,,,,,,,,,,,,,,,,,,,,,,,,,,,,,,,,,,,,,,,,,,,,,,,,,,,,,,,,,,,,,,,,,,,,,,,,,,,,,,,,,,,,,,,,,,,,,,,,,,,,,,,,,,,,,,,,,,,,,,,,,
,,,,,,,,,,,3054-20,"3054-20 Milw M12 1/2"" Ratchet (Bare)",-- Unbranded --,-- No Unilog Brand --,-- No DIB Brand --,Milwaukee Accessory (4031),Milwaukee Accessory,Milwaukee,,3054-20,,Industrial Supplies>General,"3054-20 Milw M12 1/2"" Ratchet (Bare)",,"3054-20 Milw M12 1/2"" Ratchet (Bare)",,"3054-20 Milw M12 1/2"" Ratchet (Bare)",,,,,,,,,,,,,,,,,,,,,,,,,,,"Milw M12 1/2"" Ratchet (Bare)",Thread Size,3054-20,,,,,,,,,,,,,,,,,,,,,,,,,,,,,,,,,,,,,,,,,,,,,,,,,,,,,,,,,,,,,,,,,,,,,,,,,,,,,,,,,,,,,,,,,,,,,,,,,,,,,,,,,,,,,,,,,,,,,,,,,,,,,,,,,,,,,,,,,,,,,,,,,,,,,,,,,,,,,,,,,,,,,,,,,,,,,,,,,,,,,,,,,,,,,,,,,,,
,,,,,,,,,,,DCF513EB,"DCF513EB Dewalt 3/8"" Open Head Rachet",-- Unbranded --,-- No Unilog Brand --,-- No DIB Brand --,Black & Decker/dewlt (2585),Black & Decker/dewlt,DEWALT,,DCF513EB,,Industrial Supplies>General,"DCF513EB Dewalt 3/8"" Open Head Rachet",,"DCF513EB Dewalt 3/8"" Open Head Rachet",,"DCF513EB Dewalt 3/8"" Open Head Rachet",,,,,,,,,,,,,,,,,,,,,,,,,,,"Dewalt 3/8"" Open Head Rachet",,,,,,,,,,,,,,,,,,,,,,,,,,,,,,,,,,,,,,,,,,,,,,,,,,,,,,,,,,,,,,,,,,,,,,,,,,,,,,,,,,,,,,,,,,,,,,,,,,,,,,,,,,,,,,,,,,,,,,,,,,,,,,,,,,,,,,,,,,,,,,,,,,,,,,,,,,,,,,,,,,,,,,,,,,,,,,,,,,,,,,,,,,,,,,,,,,,,,
,,,,,,,,,,,XVP01Z,"XVP01Z Makita 18V 3"" Polisher/ 2"" Sander",-- Unbranded --,-- No Unilog Brand --,-- No DIB Brand --,Makita Usa Inc (5142),Makita Usa Inc,Makita,,XVP01Z,,Industrial Supplies>General,"XVP01Z Makita 18V 3"" Polisher/ 2"" Sander",,"XVP01Z Makita 18V 3"" Polisher/ 2"" Sander",,"XVP01Z Makita 18V 3"" Polisher/ 2"" Sander",,,,,,,,,,,,,,,,,,,,,,,,,,,"Makita 18V 3"" Polisher/ 2"" Sander",,,,,,,,,,,,,,,,,,,,,,,,,,,,,,,,,,,,,,,,,,,,,,,,,,,,,,,,,,,,,,,,,,,,,,,,,,,,,,,,,,,,,,,,,,,,,,,,,,,,,,,,,,,,,,,,,,,,,,,,,,,,,,,,,,,,,,,,,,,,,,,,,,,,,,,,,,,,,,,,,,,,,,,,,,,,,,,,,,,,,,,,,,,,,,,,,,,,,
,,,,,,,,,,,DCM200B,DCM200B Dewalt 1/2in x 18in - Band File,-- Unbranded --,-- No Unilog Brand --,DEWALT,Black & Decker/dewlt (2585),Black & Decker/dewlt,DEWALT,,DCM200B,,Industrial Supplies>General,DCM200B Dewalt 1/2in x 18in - Band File,,DCM200B Dewalt 1/2in x 18in - Band File,,DCM200B Dewalt 1/2in x 18in - Band File,,2in x 18in - Band File,,,,,,,,,,,,,,,,,,,,,,,,,Dewalt 1/2in x 18in - Band File,Size,1/2,in,Size,18,in,,,,,,,,,,,,,,,,,,,,,,,,,,,,,,,,,,,,,,,,,,,,,,,,,,,,,,,,,,,,,,,,,,,,,,,,,,,,,,,,,,,,,,,,,,,,,,,,,,,,,,,,,,,,,,,,,,,,,,,,,,,,,,,,,,,,,,,,,,,,,,,,,,,,,,,,,,,,,,,,,,,,,,,,,,,,,,,,,,,,,,,,,,,,,,,
,,,,,,,,,,,DCG410B,"DCG410B Dewalt 20V 4-1/2""-5"" - Angle Grinder (Bare)",-- Unbranded --,-- No Unilog Brand --,DEWALT,Black & Decker/dewlt (2585),Black & Decker/dewlt,DEWALT,,DCG410B,,Industrial Supplies>General,"DCG410B Dewalt 20V 4-1/2""-5"" - Angle Grinder (Bare)",,"DCG410B Dewalt 20V 4-1/2""-5"" - Angle Grinder (Bare)",,"DCG410B Dewalt 20V 4-1/2""-5"" - Angle Grinder (Bare)",,,,,,,,,,,,,,,,,,,,,,,,,,,"Dewalt 20V 4-1/2""-5"" - Angle Grinder (Bare)",Thread Size,4-1,,,,,,,,,,,,,,,,,,,,,,,,,,,,,,,,,,,,,,,,,,,,,,,,,,,,,,,,,,,,,,,,,,,,,,,,,,,,,,,,,,,,,,,,,,,,,,,,,,,,,,,,,,,,,,,,,,,,,,,,,,,,,,,,,,,,,,,,,,,,,,,,,,,,,,,,,,,,,,,,,,,,,,,,,,,,,,,,,,,,,,,,,,,,,,,,,,,
,,,,,,,,,,,DCG460B,"DCG460B Dewalt 60V Grinder - 7-9""",-- Unbranded --,-- No Unilog Brand --,DEWALT,Black & Decker/dewlt (2585),Black & Decker/dewlt,DEWALT,,DCG460B,,Industrial Supplies>General,"DCG460B Dewalt 60V Grinder - 7-9""",,"DCG460B Dewalt 60V Grinder - 7-9""",,"DCG460B Dewalt 60V Grinder - 7-9""",,,,,,,,,,,,,,,,,,,,,,,,,,,"Dewalt 60V Grinder - 7-9""",Thread Size,7-9,,,,,,,,,,,,,,,,,,,,,,,,,,,,,,,,,,,,,,,,,,,,,,,,,,,,,,,,,,,,,,,,,,,,,,,,,,,,,,,,,,,,,,,,,,,,,,,,,,,,,,,,,,,,,,,,,,,,,,,,,,,,,,,,,,,,,,,,,,,,,,,,,,,,,,,,,,,,,,,,,,,,,,,,,,,,,,,,,,,,,,,,,,,,,,,,,,,
,,,,,,,,,,,DCG402B,"DCG402B Dewalt 20V 4.5"" Angle Grinder (Bare)",-- Unbranded --,-- No Unilog Brand --,-- No DIB Brand --,Black & Decker/dewlt (2585),Black & Decker/dewlt,DEWALT,,DCG402B,,Industrial Supplies>General,"DCG402B Dewalt 20V 4.5"" Angle Grinder (Bare)",,"DCG402B Dewalt 20V 4.5"" Angle Grinder (Bare)",,"DCG402B Dewalt 20V 4.5"" Angle Grinder (Bare)",,,,,,,,,,,,,,,,,,,,,,,,,,,"Dewalt 20V 4.5"" Angle Grinder (Bare)",,,,,,,,,,,,,,,,,,,,,,,,,,,,,,,,,,,,,,,,,,,,,,,,,,,,,,,,,,,,,,,,,,,,,,,,,,,,,,,,,,,,,,,,,,,,,,,,,,,,,,,,,,,,,,,,,,,,,,,,,,,,,,,,,,,,,,,,,,,,,,,,,,,,,,,,,,,,,,,,,,,,,,,,,,,,,,,,,,,,,,,,,,,,,,,,,,,,,
,,,,,,,,,,,3485-20,"3485-20 Milw M12 1/4"" Right Angle Die Grinder",-- Unbranded --,-- No Unilog Brand --,-- No DIB Brand --,Milwaukee Accessory (4031),Milwaukee Accessory,Milwaukee,,3485-20,,Industrial Supplies>General,"3485-20 Milw M12 1/4"" Right Angle Die Grinder",,"3485-20 Milw M12 1/4"" Right Angle Die Grinder",,"3485-20 Milw M12 1/4"" Right Angle Die Grinder",,,,,,,,,,,,,,,,,,,,,,,,,,,"Milw M12 1/4"" Right Angle Die Grinder",Thread Size,3485-20,,,,,,,,,,,,,,,,,,,,,,,,,,,,,,,,,,,,,,,,,,,,,,,,,,,,,,,,,,,,,,,,,,,,,,,,,,,,,,,,,,,,,,,,,,,,,,,,,,,,,,,,,,,,,,,,,,,,,,,,,,,,,,,,,,,,,,,,,,,,,,,,,,,,,,,,,,,,,,,,,,,,,,,,,,,,,,,,,,,,,,,,,,,,,,,,,,,
,,,,,,,,,,,DCG420B,DCG420B Dewalt 20V Die Grinder (Bare),-- Unbranded --,-- No Unilog Brand --,-- No DIB Brand --,Black & Decker/dewlt (2585),Black & Decker/dewlt,DEWALT,,DCG420B,,Industrial Supplies>General,DCG420B Dewalt 20V Die Grinder (Bare),,DCG420B Dewalt 20V Die Grinder (Bare),,DCG420B Dewalt 20V Die Grinder (Bare),,,,,,,,,,,,,,,,,,,,,,,,,,,Dewalt 20V Die Grinder (Bare),,,,,,,,,,,,,,,,,,,,,,,,,,,,,,,,,,,,,,,,,,,,,,,,,,,,,,,,,,,,,,,,,,,,,,,,,,,,,,,,,,,,,,,,,,,,,,,,,,,,,,,,,,,,,,,,,,,,,,,,,,,,,,,,,,,,,,,,,,,,,,,,,,,,,,,,,,,,,,,,,,,,,,,,,,,,,,,,,,,,,,,,,,,,,,,,,,,,,
,,,,,,,,,,,DCG422B,DCG422B Dewalt 20V Right Angle Die Grinder (Bare),-- Unbranded --,-- No Unilog Brand --,-- No DIB Brand --,Black & Decker/dewlt (2585),Black & Decker/dewlt,DEWALT,,DCG422B,,Industrial Supplies>General,DCG422B Dewalt 20V Right Angle Die Grinder (Bare),,DCG422B Dewalt 20V Right Angle Die Grinder (Bare),,DCG422B Dewalt 20V Right Angle Die Grinder (Bare),,,,,,,,,,,,,,,,,,,,,,,,,,,Dewalt 20V Right Angle Die Grinder (Bare),,,,,,,,,,,,,,,,,,,,,,,,,,,,,,,,,,,,,,,,,,,,,,,,,,,,,,,,,,,,,,,,,,,,,,,,,,,,,,,,,,,,,,,,,,,,,,,,,,,,,,,,,,,,,,,,,,,,,,,,,,,,,,,,,,,,,,,,,,,,,,,,,,,,,,,,,,,,,,,,,,,,,,,,,,,,,,,,,,,,,,,,,,,,,,,,,,,,,
,,,,,,,,,,,924422,924422 Mafell Carpentry - Planing Machine ZH 320 Ec 120V,-- Unbranded --,-- No Unilog Brand --,-- No DIB Brand --,-,,,,924422,,Industrial Supplies>General,924422 Mafell Carpentry - Planing Machine ZH 320 Ec 120V,,924422 Mafell Carpentry - Planing Machine ZH 320 Ec 120V,,924422 Mafell Carpentry - Planing Machine ZH 320 Ec 120V,,,,,,,,,,,,,,,,,,,,,,,,,,,Mafell Carpentry - Planing Machine ZH 320 Ec 120V,,,,,,,,,,,,,,,,,,,,,,,,,,,,,,,,,,,,,,,,,,,,,,,,,,,,,,,,,,,,,,,,,,,,,,,,,,,,,,,,,,,,,,,,,,,,,,,,,,,,,,,,,,,,,,,,,,,,,,,,,,,,,,,,,,,,,,,,,,,,,,,,,,,,,,,,,,,,,,,,,,,,,,,,,,,,,,,,,,,,,,,,,,,,,,,,,,,,,
,,,,,,,,,,,DCW620B,DCW620B Dewalt 20V Plunge - Router,-- Unbranded --,-- No Unilog Brand --,-- No DIB Brand --,Black & Decker/dewlt (2585),Black & Decker/dewlt,DEWALT,,DCW620B,,Industrial Supplies>General,DCW620B Dewalt 20V Plunge - Router,,DCW620B Dewalt 20V Plunge - Router,,DCW620B Dewalt 20V Plunge - Router,,,,,,,,,,,,,,,,,,,,,,,,,,,Dewalt 20V Plunge - Router,,,,,,,,,,,,,,,,,,,,,,,,,,,,,,,,,,,,,,,,,,,,,,,,,,,,,,,,,,,,,,,,,,,,,,,,,,,,,,,,,,,,,,,,,,,,,,,,,,,,,,,,,,,,,,,,,,,,,,,,,,,,,,,,,,,,,,,,,,,,,,,,,,,,,,,,,,,,,,,,,,,,,,,,,,,,,,,,,,,,,,,,,,,,,,,,,,,,,
,,,,,,,,,,,2535-20,"2535-20 Milw 3"" Orbit Sander - M12",-- Unbranded --,-- No Unilog Brand --,-- No DIB Brand --,Milwaukee Accessory (4031),Milwaukee Accessory,Milwaukee,,2535-20,,Industrial Supplies>General,"2535-20 Milw 3"" Orbit Sander - M12",,"2535-20 Milw 3"" Orbit Sander - M12",,"2535-20 Milw 3"" Orbit Sander - M12",,,,,,,,,,,,,,,,,,,,,,,,,,,"Milw 3"" Orbit Sander - M12",Thread Size,2535-20,,,,,,,,,,,,,,,,,,,,,,,,,,,,,,,,,,,,,,,,,,,,,,,,,,,,,,,,,,,,,,,,,,,,,,,,,,,,,,,,,,,,,,,,,,,,,,,,,,,,,,,,,,,,,,,,,,,,,,,,,,,,,,,,,,,,,,,,,,,,,,,,,,,,,,,,,,,,,,,,,,,,,,,,,,,,,,,,,,,,,,,,,,,,,,,,,,,
,,,,,,,,,,,2837-20,"2837-20 Milw M18 5"" Sander - Orbital (Bare)",-- Unbranded --,-- No Unilog Brand --,Milwaukee,Milwaukee Accessory (4031),Milwaukee Accessory,Milwaukee,,2837-20,,Industrial Supplies>General,"2837-20 Milw M18 5"" Sander - Orbital (Bare)",,"2837-20 Milw M18 5"" Sander - Orbital (Bare)",,"2837-20 Milw M18 5"" Sander - Orbital (Bare)",,,,,,,,,,,,,,,,,,,,,,,,,,,"Milw M18 5"" Sander - Orbital (Bare)",Thread Size,2837-20,,,,,,,,,,,,,,,,,,,,,,,,,,,,,,,,,,,,,,,,,,,,,,,,,,,,,,,,,,,,,,,,,,,,,,,,,,,,,,,,,,,,,,,,,,,,,,,,,,,,,,,,,,,,,,,,,,,,,,,,,,,,,,,,,,,,,,,,,,,,,,,,,,,,,,,,,,,,,,,,,,,,,,,,,,,,,,,,,,,,,,,,,,,,,,,,,,,
,,,,,,,,,,,577728,577728 Festool Cordless Sander - ETSC 2 150 I-Plus,-- Unbranded --,-- No Unilog Brand --,-- No DIB Brand --,Festool USA (FESTO),Festool USA,Festool,,577728,,Industrial Supplies>General,577728 Festool Cordless Sander - ETSC 2 150 I-Plus,,577728 Festool Cordless Sander - ETSC 2 150 I-Plus,,577728 Festool Cordless Sander - ETSC 2 150 I-Plus,,,,,,,,,,,,,,,,,,,,,,,,,,,Festool Cordless Sander - ETSC 2 150 I-Plus,,,,,,,,,,,,,,,,,,,,,,,,,,,,,,,,,,,,,,,,,,,,,,,,,,,,,,,,,,,,,,,,,,,,,,,,,,,,,,,,,,,,,,,,,,,,,,,,,,,,,,,,,,,,,,,,,,,,,,,,,,,,,,,,,,,,,,,,,,,,,,,,,,,,,,,,,,,,,,,,,,,,,,,,,,,,,,,,,,,,,,,,,,,,,,,,,,,,,
,,,,,,,,,,,577738,577738 Festool Cordless Sander - ETSC 2 125 I-Plus,-- Unbranded --,-- No Unilog Brand --,-- No DIB Brand --,Festool USA (FESTO),Festool USA,Festool,,577738,,Industrial Supplies>General,577738 Festool Cordless Sander - ETSC 2 125 I-Plus,,577738 Festool Cordless Sander - ETSC 2 125 I-Plus,,577738 Festool Cordless Sander - ETSC 2 125 I-Plus,,,,,,,,,,,,,,,,,,,,,,,,,,,Festool Cordless Sander - ETSC 2 125 I-Plus,,,,,,,,,,,,,,,,,,,,,,,,,,,,,,,,,,,,,,,,,,,,,,,,,,,,,,,,,,,,,,,,,,,,,,,,,,,,,,,,,,,,,,,,,,,,,,,,,,,,,,,,,,,,,,,,,,,,,,,,,,,,,,,,,,,,,,,,,,,,,,,,,,,,,,,,,,,,,,,,,,,,,,,,,,,,,,,,,,,,,,,,,,,,,,,,,,,,,
,,,,,,,,,,,KPTRS500A,"KPTRS500A Kreg 20V Ionic 5"" Random Orbit Sander",-- Unbranded --,-- No Unilog Brand --,-- No DIB Brand --,Kreg Tool Company (KRETO),Kreg Tool Company,Kreg,,KPTRS500A,,Industrial Supplies>General,"KPTRS500A Kreg 20V Ionic 5"" Random Orbit Sander",,"KPTRS500A Kreg 20V Ionic 5"" Random Orbit Sander",,"KPTRS500A Kreg 20V Ionic 5"" Random Orbit Sander",,,,,,,,,,,,,,,,,,,,,,,,,,,"Kreg 20V Ionic 5"" Random Orbit Sander",,,,,,,,,,,,,,,,,,,,,,,,,,,,,,,,,,,,,,,,,,,,,,,,,,,,,,,,,,,,,,,,,,,,,,,,,,,,,,,,,,,,,,,,,,,,,,,,,,,,,,,,,,,,,,,,,,,,,,,,,,,,,,,,,,,,,,,,,,,,,,,,,,,,,,,,,,,,,,,,,,,,,,,,,,,,,,,,,,,,,,,,,,,,,,,,,,,,,
,,,,,,,,,,,24-35M-320,"24-35M-320 Iridium Grip - 3.2"" x 5.2"" Grip",-- Unbranded --,-- No Unilog Brand --,-- No DIB Brand --,Mirka Abrasives Inc (MIRUS),Mirka Abrasives Inc,Mirka,,24-35M-320,,Industrial Supplies>General,"24-35M-320 Iridium Grip - 3.2"" x 5.2"" Grip",,"24-35M-320 Iridium Grip - 3.2"" x 5.2"" Grip",,"24-35M-320 Iridium Grip - 3.2"" x 5.2"" Grip",,,,,,,,,,,,,,,,,,,,,,,,,,,"Iridium Grip - 3.2"" x 5.2"" Grip",,,,,,,,,,,,,,,,,,,,,,,,,,,,,,,,,,,,,,,,,,,,,,,,,,,,,,,,,,,,,,,,,,,,,,,,,,,,,,,,,,,,,,,,,,,,,,,,,,,,,,,,,,,,,,,,,,,,,,,,,,,,,,,,,,,,,,,,,,,,,,,,,,,,,,,,,,,,,,,,,,,,,,,,,,,,,,,,,,,,,,,,,,,,,,,,,,,,,
,,,,,,,,,,,9A-129-120,9A-129-120 Abranet 3x4 - 50 Sheets/Box,-- Unbranded --,-- No Unilog Brand --,-- No DIB Brand --,Mirka Abrasives Inc (MIRUS),Mirka Abrasives Inc,Mirka,,9A-129-120,,Industrial Supplies>General,9A-129-120 Abranet 3x4 - 50 Sheets/Box,,9A-129-120 Abranet 3x4 - 50 Sheets/Box,,9A-129-120 Abranet 3x4 - 50 Sheets/Box,,,,,,,,,,,,,,,,,,,,,,,,,,,Abranet 3x4 - 50 Sheets/Box,Thread Size,129-120,,,,,,,,,,,,,,,,,,,,,,,,,,,,,,,,,,,,,,,,,,,,,,,,,,,,,,,,,,,,,,,,,,,,,,,,,,,,,,,,,,,,,,,,,,,,,,,,,,,,,,,,,,,,,,,,,,,,,,,,,,,,,,,,,,,,,,,,,,,,,,,,,,,,,,,,,,,,,,,,,,,,,,,,,,,,,,,,,,,,,,,,,,,,,,,,,,,
,,,,,,,,,,,578800,578800 Festool 80x133 M GR PRO/10,-- Unbranded --,-- No Unilog Brand --,-- No DIB Brand --,Festool USA (FESTO),Festool USA,Festool,,578800,,Industrial Supplies>General,578800 Festool 80x133 M GR PRO/10,,578800 Festool 80x133 M GR PRO/10,,578800 Festool 80x133 M GR PRO/10,,,,,,,,,,,,,,,,,,,,,,,,,,,Festool 80x133 M GR PRO/10,,,,,,,,,,,,,,,,,,,,,,,,,,,,,,,,,,,,,,,,,,,,,,,,,,,,,,,,,,,,,,,,,,,,,,,,,,,,,,,,,,,,,,,,,,,,,,,,,,,,,,,,,,,,,,,,,,,,,,,,,,,,,,,,,,,,,,,,,,,,,,,,,,,,,,,,,,,,,,,,,,,,,,,,,,,,,,,,,,,,,,,,,,,,,,,,,,,,,
,,,,,,,,,,,578801,578801 Festool 80x133 F GR PRO/10,-- Unbranded --,-- No Unilog Brand --,-- No DIB Brand --,Festool USA (FESTO),Festool USA,Festool,,578801,,Industrial Supplies>General,578801 Festool 80x133 F GR PRO/10,,578801 Festool 80x133 F GR PRO/10,,578801 Festool 80x133 F GR PRO/10,,,,,,,,,,,,,,,,,,,,,,,,,,,Festool 80x133 F GR PRO/10,,,,,,,,,,,,,,,,,,,,,,,,,,,,,,,,,,,,,,,,,,,,,,,,,,,,,,,,,,,,,,,,,,,,,,,,,,,,,,,,,,,,,,,,,,,,,,,,,,,,,,,,,,,,,,,,,,,,,,,,,,,,,,,,,,,,,,,,,,,,,,,,,,,,,,,,,,,,,,,,,,,,,,,,,,,,,,,,,,,,,,,,,,,,,,,,,,,,,
,,,,,,,,,,,578802,578802 Festool 80x133 S GR PRO/10,-- Unbranded --,-- No Unilog Brand --,-- No DIB Brand --,Festool USA (FESTO),Festool USA,Festool,,578802,,Industrial Supplies>General,578802 Festool 80x133 S GR PRO/10,,578802 Festool 80x133 S GR PRO/10,,578802 Festool 80x133 S GR PRO/10,,,,,,,,,,,,,,,,,,,,,,,,,,,Festool 80x133 S GR PRO/10,,,,,,,,,,,,,,,,,,,,,,,,,,,,,,,,,,,,,,,,,,,,,,,,,,,,,,,,,,,,,,,,,,,,,,,,,,,,,,,,,,,,,,,,,,,,,,,,,,,,,,,,,,,,,,,,,,,,,,,,,,,,,,,,,,,,,,,,,,,,,,,,,,,,,,,,,,,,,,,,,,,,,,,,,,,,,,,,,,,,,,,,,,,,,,,,,,,,,
,,,,,,,,,,,578808,578808 Festool 3x4 M GR PRO/10,-- Unbranded --,-- No Unilog Brand --,-- No DIB Brand --,Festool USA (FESTO),Festool USA,Festool,,578808,,Industrial Supplies>General,578808 Festool 3x4 M GR PRO/10,,578808 Festool 3x4 M GR PRO/10,,578808 Festool 3x4 M GR PRO/10,,,,,,,,,,,,,,,,,,,,,,,,,,,Festool 3x4 M GR PRO/10,,,,,,,,,,,,,,,,,,,,,,,,,,,,,,,,,,,,,,,,,,,,,,,,,,,,,,,,,,,,,,,,,,,,,,,,,,,,,,,,,,,,,,,,,,,,,,,,,,,,,,,,,,,,,,,,,,,,,,,,,,,,,,,,,,,,,,,,,,,,,,,,,,,,,,,,,,,,,,,,,,,,,,,,,,,,,,,,,,,,,,,,,,,,,,,,,,,,,
,,,,,,,,,,,578809,578809 Festool 3x4 F GR PRO/10,-- Unbranded --,-- No Unilog Brand --,-- No DIB Brand --,Festool USA (FESTO),Festool USA,Festool,,578809,,Industrial Supplies>General,578809 Festool 3x4 F GR PRO/10,,578809 Festool 3x4 F GR PRO/10,,578809 Festool 3x4 F GR PRO/10,,,,,,,,,,,,,,,,,,,,,,,,,,,Festool 3x4 F GR PRO/10,,,,,,,,,,,,,,,,,,,,,,,,,,,,,,,,,,,,,,,,,,,,,,,,,,,,,,,,,,,,,,,,,,,,,,,,,,,,,,,,,,,,,,,,,,,,,,,,,,,,,,,,,,,,,,,,,,,,,,,,,,,,,,,,,,,,,,,,,,,,,,,,,,,,,,,,,,,,,,,,,,,,,,,,,,,,,,,,,,,,,,,,,,,,,,,,,,,,,
,,,,,,,,,,,578810,578810 Festool 3x4 S GR PRO/10,-- Unbranded --,-- No Unilog Brand --,-- No DIB Brand --,Festool USA (FESTO),Festool USA,Festool,,578810,,Industrial Supplies>General,578810 Festool 3x4 S GR PRO/10,,578810 Festool 3x4 S GR PRO/10,,578810 Festool 3x4 S GR PRO/10,,,,,,,,,,,,,,,,,,,,,,,,,,,Festool 3x4 S GR PRO/10,,,,,,,,,,,,,,,,,,,,,,,,,,,,,,,,,,,,,,,,,,,,,,,,,,,,,,,,,,,,,,,,,,,,,,,,,,,,,,,,,,,,,,,,,,,,,,,,,,,,,,,,,,,,,,,,,,,,,,,,,,,,,,,,,,,,,,,,,,,,,,,,,,,,,,,,,,,,,,,,,,,,,,,,,,,,,,,,,,,,,,,,,,,,,,,,,,,,,
,,,,,,,,,,,578811,578811 Festool 3x4 GR PRO/10-Set,-- Unbranded --,-- No Unilog Brand --,-- No DIB Brand --,Festool USA (FESTO),Festool USA,Festool,,578811,,Industrial Supplies>General,578811 Festool 3x4 GR PRO/10-Set,,578811 Festool 3x4 GR PRO/10-Set,,578811 Festool 3x4 GR PRO/10-Set,,,,,,,,,,,,,,,,,,,,,,,,,,,Festool 3x4 GR PRO/10-Set,,,,,,,,,,,,,,,,,,,,,,,,,,,,,,,,,,,,,,,,,,,,,,,,,,,,,,,,,,,,,,,,,,,,,,,,,,,,,,,,,,,,,,,,,,,,,,,,,,,,,,,,,,,,,,,,,,,,,,,,,,,,,,,,,,,,,,,,,,,,,,,,,,,,,,,,,,,,,,,,,,,,,,,,,,,,,,,,,,,,,,,,,,,,,,,,,,,,,
,,,,,,,,,,,578192,578192 Festool D 150 GR SYS - Systainer Abrasive Set,-- Unbranded --,-- No Unilog Brand --,-- No DIB Brand --,Festool USA (FESTO),Festool USA,Festool,,578192,,Tools & Equipment>Power Tool Accessories>Abrasives,578192 Festool D 150 GR SYS - Systainer Abrasive Set,,578192 Festool D 150 GR SYS - Systainer Abrasive Set,,578192 Festool D 150 GR SYS - Systainer Abrasive Set,,Abrasive,,,,,,,,,,,,,,,,,,,,,,,,,Festool D 150 GR SYS - Systainer Abrasive Set,,,,,,,,,,,,,,,,,,,,,,,,,,,,,,,,,,,,,,,,,,,,,,,,,,,,,,,,,,,,,,,,,,,,,,,,,,,,,,,,,,,,,,,,,,,,,,,,,,,,,,,,,,,,,,,,,,,,,,,,,,,,,,,,,,,,,,,,,,,,,,,,,,,,,,,,,,,,,,,,,,,,,,,,,,,,,,,,,,,,,,,,,,,,,,,,,,,,,
,,,,,,,,,,,578806,578806 Festool Delta S GR PRO/10,-- Unbranded --,-- No Unilog Brand --,-- No DIB Brand --,Festool USA (FESTO),Festool USA,Festool,,578806,,Industrial Supplies>General,578806 Festool Delta S GR PRO/10,,578806 Festool Delta S GR PRO/10,,578806 Festool Delta S GR PRO/10,,,,,,,,,,,,,,,,,,,,,,,,,,,Festool Delta S GR PRO/10,,,,,,,,,,,,,,,,,,,,,,,,,,,,,,,,,,,,,,,,,,,,,,,,,,,,,,,,,,,,,,,,,,,,,,,,,,,,,,,,,,,,,,,,,,,,,,,,,,,,,,,,,,,,,,,,,,,,,,,,,,,,,,,,,,,,,,,,,,,,,,,,,,,,,,,,,,,,,,,,,,,,,,,,,,,,,,,,,,,,,,,,,,,,,,,,,,,,,
,,,,,,,,,,,D0860X,"D0860X Diablo 8-1/4"" 60 Tooth - Fine Finish Saw Blade",-- Unbranded --,-- No Unilog Brand --,-- No DIB Brand --,Freud Inc (2435),Freud Inc,Diablo,,D0860X,,Industrial Supplies>General,"D0860X Diablo 8-1/4"" 60 Tooth - Fine Finish Saw Blade",,"D0860X Diablo 8-1/4"" 60 Tooth - Fine Finish Saw Blade",,"D0860X Diablo 8-1/4"" 60 Tooth - Fine Finish Saw Blade",,,,,,,,,,,,,,,,,,,,,,,,,,,"Diablo 8-1/4"" 60 Tooth - Fine Finish Saw Blade",Thread Size,8-1,,,,,,,,,,,,,,,,,,,,,,,,,,,,,,,,,,,,,,,,,,,,,,,,,,,,,,,,,,,,,,,,,,,,,,,,,,,,,,,,,,,,,,,,,,,,,,,,,,,,,,,,,,,,,,,,,,,,,,,,,,,,,,,,,,,,,,,,,,,,,,,,,,,,,,,,,,,,,,,,,,,,,,,,,,,,,,,,,,,,,,,,,,,,,,,,,,,
,,,,,,,,,,,48-40-0740,48-40-0740 Milw 7-1/4in. 24T - Framing Circ Saw Blade,-- Unbranded --,-- No Unilog Brand --,Milwaukee,Milwaukee Accessory (4031),Milwaukee Accessory,Milwaukee,,48-40-0740,,Industrial Supplies>General,48-40-0740 Milw 7-1/4in. 24T - Framing Circ Saw Blade,,48-40-0740 Milw 7-1/4in. 24T - Framing Circ Saw Blade,,48-40-0740 Milw 7-1/4in. 24T - Framing Circ Saw Blade,,4in,,,,,,,,,,,,,,,,,,,,,,,,,Milw 7-1/4in. 24T - Framing Circ Saw Blade,Size,7-1/4,in,Thread Size,48-40,,,,,,,,,,,,,,,,,,,,,,,,,,,,,,,,,,,,,,,,,,,,,,,,,,,,,,,,,,,,,,,,,,,,,,,,,,,,,,,,,,,,,,,,,,,,,,,,,,,,,,,,,,,,,,,,,,,,,,,,,,,,,,,,,,,,,,,,,,,,,,,,,,,,,,,,,,,,,,,,,,,,,,,,,,,,,,,,,,,,,,,,,,,,,,,,
,,,,,,,,,,,48-41-0740,48-41-0740 Milw7-1/4 24TFrming - Blade,-- Unbranded --,-- No Unilog Brand --,-- No DIB Brand --,Milwaukee Accessory (4031),Milwaukee Accessory,Milwaukee,,48-41-0740,,Industrial Supplies>General,48-41-0740 Milw7-1/4 24TFrming - Blade,,48-41-0740 Milw7-1/4 24TFrming - Blade,,48-41-0740 Milw7-1/4 24TFrming - Blade,,,,,,,,,,,,,,,,,,,,,,,,,,,Milw7-1/4 24TFrming - Blade,Thread Size,48-41,,,,,,,,,,,,,,,,,,,,,,,,,,,,,,,,,,,,,,,,,,,,,,,,,,,,,,,,,,,,,,,,,,,,,,,,,,,,,,,,,,,,,,,,,,,,,,,,,,,,,,,,,,,,,,,,,,,,,,,,,,,,,,,,,,,,,,,,,,,,,,,,,,,,,,,,,,,,,,,,,,,,,,,,,,,,,,,,,,,,,,,,,,,,,,,,,,,
,,,,,,,,,,,A-96095,"A-96095 Makita 5-7/8"" 32T Saw Blade",-- Unbranded --,-- No Unilog Brand --,-- No DIB Brand --,Makita Usa Inc (5142),Makita Usa Inc,Makita,,A-96095,,Industrial Supplies>General,"A-96095 Makita 5-7/8"" 32T Saw Blade",,"A-96095 Makita 5-7/8"" 32T Saw Blade",,"A-96095 Makita 5-7/8"" 32T Saw Blade",,,,,,,,,,,,,,,,,,,,,,,,,,,"Makita 5-7/8"" 32T Saw Blade",Thread Size,5-7,,,,,,,,,,,,,,,,,,,,,,,,,,,,,,,,,,,,,,,,,,,,,,,,,,,,,,,,,,,,,,,,,,,,,,,,,,,,,,,,,,,,,,,,,,,,,,,,,,,,,,,,,,,,,,,,,,,,,,,,,,,,,,,,,,,,,,,,,,,,,,,,,,,,,,,,,,,,,,,,,,,,,,,,,,,,,,,,,,,,,,,,,,,,,,,,,,,
,,,,,,,,,,,D0760UX,"D0760UX Diablo 7-1/4"" 60T Circ - Saw Blade",-- Unbranded --,-- No Unilog Brand --,Diablo,Freud Inc (2435),Freud Inc,Diablo,,D0760UX,,Industrial Supplies>General,"D0760UX Diablo 7-1/4"" 60T Circ - Saw Blade",,"D0760UX Diablo 7-1/4"" 60T Circ - Saw Blade",,"D0760UX Diablo 7-1/4"" 60T Circ - Saw Blade",,,,,,,,,,,,,,,,,,,,,,,,,,,"Diablo 7-1/4"" 60T Circ - Saw Blade",Thread Size,7-1,,,,,,,,,,,,,,,,,,,,,,,,,,,,,,,,,,,,,,,,,,,,,,,,,,,,,,,,,,,,,,,,,,,,,,,,,,,,,,,,,,,,,,,,,,,,,,,,,,,,,,,,,,,,,,,,,,,,,,,,,,,,,,,,,,,,,,,,,,,,,,,,,,,,,,,,,,,,,,,,,,,,,,,,,,,,,,,,,,,,,,,,,,,,,,,,,,,
,,,,,,,,,,,230.312.08,230.312.08 CMT Locked Dado Pro Set,-- Unbranded --,-- No Unilog Brand --,-- No DIB Brand --,CMT USA Inc (CMTUS),CMT USA Inc,,,230.312.08,,Industrial Supplies>General,230.312.08 CMT Locked Dado Pro Set,,230.312.08 CMT Locked Dado Pro Set,,230.312.08 CMT Locked Dado Pro Set,,,,,,,,,,,,,,,,,,,,,,,,,,,CMT Locked Dado Pro Set,,,,,,,,,,,,,,,,,,,,,,,,,,,,,,,,,,,,,,,,,,,,,,,,,,,,,,,,,,,,,,,,,,,,,,,,,,,,,,,,,,,,,,,,,,,,,,,,,,,,,,,,,,,,,,,,,,,,,,,,,,,,,,,,,,,,,,,,,,,,,,,,,,,,,,,,,,,,,,,,,,,,,,,,,,,,,,,,,,,,,,,,,,,,,,,,,,,,,
,,,,,,,,,,,D0708LF,"D0708LF Saw Blade 7-1/4""x8 - Laminate & Wood Flooring",-- Unbranded --,-- No Unilog Brand --,-- No DIB Brand --,Freud Inc (2435),Freud Inc,,,D0708LF,,Industrial Supplies>General,"D0708LF Saw Blade 7-1/4""x8 - Laminate & Wood Flooring",,"D0708LF Saw Blade 7-1/4""x8 - Laminate & Wood Flooring",,"D0708LF Saw Blade 7-1/4""x8 - Laminate & Wood Flooring",,,,,,,,,,,,,,,,,,,,,,,,,,,"Saw Blade 7-1/4""x8 - Laminate & Wood Flooring",Thread Size,7-1,,,,,,,,,,,,,,,,,,,,,,,,,,,,,,,,,,,,,,,,,,,,,,,,,,,,,,,,,,,,,,,,,,,,,,,,,,,,,,,,,,,,,,,,,,,,,,,,,,,,,,,,,,,,,,,,,,,,,,,,,,,,,,,,,,,,,,,,,,,,,,,,,,,,,,,,,,,,,,,,,,,,,,,,,,,,,,,,,,,,,,,,,,,,,,,,,,,
,,,,,,,,,,,D1012LF,"D1012LF Saw Blade 10""x12Teeth - Laminate & Wood Flooring",-- Unbranded --,-- No Unilog Brand --,-- No DIB Brand --,Freud Inc (2435),Freud Inc,,,D1012LF,,Industrial Supplies>General,"D1012LF Saw Blade 10""x12Teeth - Laminate & Wood Flooring",,"D1012LF Saw Blade 10""x12Teeth - Laminate & Wood Flooring",,"D1012LF Saw Blade 10""x12Teeth - Laminate & Wood Flooring",,,,,,,,,,,,,,,,,,,,,,,,,,,"Saw Blade 10""x12Teeth - Laminate & Wood Flooring",,,,,,,,,,,,,,,,,,,,,,,,,,,,,,,,,,,,,,,,,,,,,,,,,,,,,,,,,,,,,,,,,,,,,,,,,,,,,,,,,,,,,,,,,,,,,,,,,,,,,,,,,,,,,,,,,,,,,,,,,,,,,,,,,,,,,,,,,,,,,,,,,,,,,,,,,,,,,,,,,,,,,,,,,,,,,,,,,,,,,,,,,,,,,,,,,,,,,
,,,,,,,,,,,D1216LF,"D1216LF Saw Blade 12""x16Teeth - Laminate & Wood Flooring",-- Unbranded --,-- No Unilog Brand --,-- No DIB Brand --,Freud Inc (2435),Freud Inc,,,D1216LF,,Industrial Supplies>General,"D1216LF Saw Blade 12""x16Teeth - Laminate & Wood Flooring",,"D1216LF Saw Blade 12""x16Teeth - Laminate & Wood Flooring",,"D1216LF Saw Blade 12""x16Teeth - Laminate & Wood Flooring",,,,,,,,,,,,,,,,,,,,,,,,,,,"Saw Blade 12""x16Teeth - Laminate & Wood Flooring",,,,,,,,,,,,,,,,,,,,,,,,,,,,,,,,,,,,,,,,,,,,,,,,,,,,,,,,,,,,,,,,,,,,,,,,,,,,,,,,,,,,,,,,,,,,,,,,,,,,,,,,,,,,,,,,,,,,,,,,,,,,,,,,,,,,,,,,,,,,,,,,,,,,,,,,,,,,,,,,,,,,,,,,,,,,,,,,,,,,,,,,,,,,,,,,,,,,,
,,,,,,,,,,,DWA47421,"DWA47421 Dewalt 14"" Segmented - Rim Diamond Blade",-- Unbranded --,-- No Unilog Brand --,DEWALT,Black & Decker/dewlt (2585),Black & Decker/dewlt,DEWALT,,DWA47421,,Industrial Supplies>General,"DWA47421 Dewalt 14"" Segmented - Rim Diamond Blade",,"DWA47421 Dewalt 14"" Segmented - Rim Diamond Blade",,"DWA47421 Dewalt 14"" Segmented - Rim Diamond Blade",,,,,,,,,,,,,,,,,,,,,,,,,,,"Dewalt 14"" Segmented - Rim Diamond Blade",,,,,,,,,,,,,,,,,,,,,,,,,,,,,,,,,,,,,,,,,,,,,,,,,,,,,,,,,,,,,,,,,,,,,,,,,,,,,,,,,,,,,,,,,,,,,,,,,,,,,,,,,,,,,,,,,,,,,,,,,,,,,,,,,,,,,,,,,,,,,,,,,,,,,,,,,,,,,,,,,,,,,,,,,,,,,,,,,,,,,,,,,,,,,,,,,,,,,
,,,,,,,,,,,DWA4769,"DWA4769 Dewalt Rim Glass Tile - Blade 10""",-- Unbranded --,-- No Unilog Brand --,-- No DIB Brand --,Black & Decker/dewlt (2585),Black & Decker/dewlt,DEWALT,,DWA4769,,Industrial Supplies>General,"DWA4769 Dewalt Rim Glass Tile - Blade 10""",,"DWA4769 Dewalt Rim Glass Tile - Blade 10""",,"DWA4769 Dewalt Rim Glass Tile - Blade 10""",,,,,,,,,,,,,,,,,,,,,,,,,,,"Dewalt Rim Glass Tile - Blade 10""",,,,,,,,,,,,,,,,,,,,,,,,,,,,,,,,,,,,,,,,,,,,,,,,,,,,,,,,,,,,,,,,,,,,,,,,,,,,,,,,,,,,,,,,,,,,,,,,,,,,,,,,,,,,,,,,,,,,,,,,,,,,,,,,,,,,,,,,,,,,,,,,,,,,,,,,,,,,,,,,,,,,,,,,,,,,,,,,,,,,,,,,,,,,,,,,,,,,,
,,,,,,,,,,,49-93-9204,"49-93-9204 Milw 4-1/2"" Diamond - Tile Blade",-- Unbranded --,-- No Unilog Brand --,-- No DIB Brand --,Milwaukee Accessory (4031),Milwaukee Accessory,Milwaukee,,49-93-9204,,Industrial Supplies>General,"49-93-9204 Milw 4-1/2"" Diamond - Tile Blade",,"49-93-9204 Milw 4-1/2"" Diamond - Tile Blade",,"49-93-9204 Milw 4-1/2"" Diamond - Tile Blade",,,,,,,,,,,,,,,,,,,,,,,,,,,"Milw 4-1/2"" Diamond - Tile Blade",Thread Size,49-93,,,,,,,,,,,,,,,,,,,,,,,,,,,,,,,,,,,,,,,,,,,,,,,,,,,,,,,,,,,,,,,,,,,,,,,,,,,,,,,,,,,,,,,,,,,,,,,,,,,,,,,,,,,,,,,,,,,,,,,,,,,,,,,,,,,,,,,,,,,,,,,,,,,,,,,,,,,,,,,,,,,,,,,,,,,,,,,,,,,,,,,,,,,,,,,,,,,
,,,,,,,,,,,49-93-9207,"49-93-9207 Milw 7"" Diamond - Tile Blade",-- Unbranded --,-- No Unilog Brand --,-- No DIB Brand --,Milwaukee Accessory (4031),Milwaukee Accessory,Milwaukee,,49-93-9207,,Industrial Supplies>General,"49-93-9207 Milw 7"" Diamond - Tile Blade",,"49-93-9207 Milw 7"" Diamond - Tile Blade",,"49-93-9207 Milw 7"" Diamond - Tile Blade",,,,,,,,,,,,,,,,,,,,,,,,,,,"Milw 7"" Diamond - Tile Blade",Thread Size,49-93,,,,,,,,,,,,,,,,,,,,,,,,,,,,,,,,,,,,,,,,,,,,,,,,,,,,,,,,,,,,,,,,,,,,,,,,,,,,,,,,,,,,,,,,,,,,,,,,,,,,,,,,,,,,,,,,,,,,,,,,,,,,,,,,,,,,,,,,,,,,,,,,,,,,,,,,,,,,,,,,,,,,,,,,,,,,,,,,,,,,,,,,,,,,,,,,,,,
,,,,,,,,,,,49-93-9210,"49-93-9210 Milw 10"" Diamond - Tile Blade",-- Unbranded --,-- No Unilog Brand --,-- No DIB Brand --,Milwaukee Accessory (4031),Milwaukee Accessory,Milwaukee,,49-93-9210,,Industrial Supplies>General,"49-93-9210 Milw 10"" Diamond - Tile Blade",,"49-93-9210 Milw 10"" Diamond - Tile Blade",,"49-93-9210 Milw 10"" Diamond - Tile Blade",,,,,,,,,,,,,,,,,,,,,,,,,,,"Milw 10"" Diamond - Tile Blade",Thread Size,49-93,,,,,,,,,,,,,,,,,,,,,,,,,,,,,,,,,,,,,,,,,,,,,,,,,,,,,,,,,,,,,,,,,,,,,,,,,,,,,,,,,,,,,,,,,,,,,,,,,,,,,,,,,,,,,,,,,,,,,,,,,,,,,,,,,,,,,,,,,,,,,,,,,,,,,,,,,,,,,,,,,,,,,,,,,,,,,,,,,,,,,,,,,,,,,,,,,,,
,,,,,,,,,,,49-93-9202,"49-93-9202 Milw 4"" Diamond - Tile Blade",-- Unbranded --,-- No Unilog Brand --,-- No DIB Brand --,Milwaukee Accessory (4031),Milwaukee Accessory,Milwaukee,,49-93-9202,,Industrial Supplies>General,"49-93-9202 Milw 4"" Diamond - Tile Blade",,"49-93-9202 Milw 4"" Diamond - Tile Blade",,"49-93-9202 Milw 4"" Diamond - Tile Blade",,,,,,,,,,,,,,,,,,,,,,,,,,,"Milw 4"" Diamond - Tile Blade",Thread Size,49-93,,,,,,,,,,,,,,,,,,,,,,,,,,,,,,,,,,,,,,,,,,,,,,,,,,,,,,,,,,,,,,,,,,,,,,,,,,,,,,,,,,,,,,,,,,,,,,,,,,,,,,,,,,,,,,,,,,,,,,,,,,,,,,,,,,,,,,,,,,,,,,,,,,,,,,,,,,,,,,,,,,,,,,,,,,,,,,,,,,,,,,,,,,,,,,,,,,,
,,,,,,,,,,,49-93-9205,"49-93-9205 Milw 5"" Diamond - Tile Blade",-- Unbranded --,-- No Unilog Brand --,-- No DIB Brand --,Milwaukee Accessory (4031),Milwaukee Accessory,Milwaukee,,49-93-9205,,Industrial Supplies>General,"49-93-9205 Milw 5"" Diamond - Tile Blade",,"49-93-9205 Milw 5"" Diamond - Tile Blade",,"49-93-9205 Milw 5"" Diamond - Tile Blade",,,,,,,,,,,,,,,,,,,,,,,,,,,"Milw 5"" Diamond - Tile Blade",Thread Size,49-93,,,,,,,,,,,,,,,,,,,,,,,,,,,,,,,,,,,,,,,,,,,,,,,,,,,,,,,,,,,,,,,,,,,,,,,,,,,,,,,,,,,,,,,,,,,,,,,,,,,,,,,,,,,,,,,,,,,,,,,,,,,,,,,,,,,,,,,,,,,,,,,,,,,,,,,,,,,,,,,,,,,,,,,,,,,,,,,,,,,,,,,,,,,,,,,,,,,
,,,,,,,,,,,49-22-4702,49-22-4702 Milw 13pc Quik-Lock Hole Dozer Kit,-- Unbranded --,-- No Unilog Brand --,-- No DIB Brand --,Milwaukee Accessory (4031),Milwaukee Accessory,Milwaukee,,49-22-4702,,Industrial Supplies>General,49-22-4702 Milw 13pc Quik-Lock Hole Dozer Kit,,49-22-4702 Milw 13pc Quik-Lock Hole Dozer Kit,,49-22-4702 Milw 13pc Quik-Lock Hole Dozer Kit,,13pc,,,,,,,,,,,,,,,,,,,,,,,,,Milw 13pc Quik-Lock Hole Dozer Kit,Pieces per Package,13,EA,Thread Size,49-22,,,,,,,,,,,,,,,,,,,,,,,,,,,,,,,,,,,,,,,,,,,,,,,,,,,,,,,,,,,,,,,,,,,,,,,,,,,,,,,,,,,,,,,,,,,,,,,,,,,,,,,,,,,,,,,,,,,,,,,,,,,,,,,,,,,,,,,,,,,,,,,,,,,,,,,,,,,,,,,,,,,,,,,,,,,,,,,,,,,,,,,,,,,,,,,,
,,,,,,,,,,,DJT155HHM,"DJT155HHM Diablo 3-3/5"" 10 TPI - Jig Saw Blade",-- Unbranded --,-- No Unilog Brand --,-- No DIB Brand --,Freud Inc (2435),Freud Inc,Diablo,,DJT155HHM,,Industrial Supplies>General,"DJT155HHM Diablo 3-3/5"" 10 TPI - Jig Saw Blade",,"DJT155HHM Diablo 3-3/5"" 10 TPI - Jig Saw Blade",,"DJT155HHM Diablo 3-3/5"" 10 TPI - Jig Saw Blade",,,,,,,,,,,,,,,,,,,,,,,,,,,"Diablo 3-3/5"" 10 TPI - Jig Saw Blade",Thread Size,3-3,,,,,,,,,,,,,,,,,,,,,,,,,,,,,,,,,,,,,,,,,,,,,,,,,,,,,,,,,,,,,,,,,,,,,,,,,,,,,,,,,,,,,,,,,,,,,,,,,,,,,,,,,,,,,,,,,,,,,,,,,,,,,,,,,,,,,,,,,,,,,,,,,,,,,,,,,,,,,,,,,,,,,,,,,,,,,,,,,,,,,,,,,,,,,,,,,,,
,,,,,,,,,,,790.82,790.820 CMT Planer Blade 2pc,-- Unbranded --,-- No Unilog Brand --,-- No DIB Brand --,CMT USA Inc (CMTUS),CMT USA Inc,,,790.82,,Industrial Supplies>General,790.820 CMT Planer Blade 2pc,,790.820 CMT Planer Blade 2pc,,790.820 CMT Planer Blade 2pc,,2pc,,,,,,,,,,,,,,,,,,,,,,,,,CMT Planer Blade 2pc,Pieces per Package,2,EA,,,,,,,,,,,,,,,,,,,,,,,,,,,,,,,,,,,,,,,,,,,,,,,,,,,,,,,,,,,,,,,,,,,,,,,,,,,,,,,,,,,,,,,,,,,,,,,,,,,,,,,,,,,,,,,,,,,,,,,,,,,,,,,,,,,,,,,,,,,,,,,,,,,,,,,,,,,,,,,,,,,,,,,,,,,,,,,,,,,,,,,,,,,,,,,,,,
,,,,,,,,,,,794.321,794.321 HS Planer Knives 3pc,-- Unbranded --,-- No Unilog Brand --,-- No DIB Brand --,CMT USA Inc (CMTUS),CMT USA Inc,,,794.321,,Industrial Supplies>General,794.321 HS Planer Knives 3pc,,794.321 HS Planer Knives 3pc,,794.321 HS Planer Knives 3pc,,3pc,,,,,,,,,,,,,,,,,,,,,,,,,HS Planer Knives 3pc,Pieces per Package,3,EA,,,,,,,,,,,,,,,,,,,,,,,,,,,,,,,,,,,,,,,,,,,,,,,,,,,,,,,,,,,,,,,,,,,,,,,,,,,,,,,,,,,,,,,,,,,,,,,,,,,,,,,,,,,,,,,,,,,,,,,,,,,,,,,,,,,,,,,,,,,,,,,,,,,,,,,,,,,,,,,,,,,,,,,,,,,,,,,,,,,,,,,,,,,,,,,,,,
,,,,,,,,,,,49-22-5641,49-22-5641 Milw Packout 15pc - Sawzall Blade Kit,-- Unbranded --,-- No Unilog Brand --,-- No DIB Brand --,Milwaukee Accessory (4031),Milwaukee Accessory,Milwaukee,,49-22-5641,,Industrial Supplies>General,49-22-5641 Milw Packout 15pc - Sawzall Blade Kit,,49-22-5641 Milw Packout 15pc - Sawzall Blade Kit,,49-22-5641 Milw Packout 15pc - Sawzall Blade Kit,,15pc,,,,,,,,,,,,,,,,,,,,,,,,,Milw Packout 15pc - Sawzall Blade Kit,Pieces per Package,15,EA,Thread Size,49-22,,,,,,,,,,,,,,,,,,,,,,,,,,,,,,,,,,,,,,,,,,,,,,,,,,,,,,,,,,,,,,,,,,,,,,,,,,,,,,,,,,,,,,,,,,,,,,,,,,,,,,,,,,,,,,,,,,,,,,,,,,,,,,,,,,,,,,,,,,,,,,,,,,,,,,,,,,,,,,,,,,,,,,,,,,,,,,,,,,,,,,,,,,,,,,,,
,,,,,,,,,,,D0604TSH,"D0604TSH Diablo 6-1/2"" 4-Tooth - Cement Track Saw Blade",-- Unbranded --,-- No Unilog Brand --,-- No DIB Brand --,Freud Inc (2435),Freud Inc,Diablo,,D0604TSH,,Industrial Supplies>General,"D0604TSH Diablo 6-1/2"" 4-Tooth - Cement Track Saw Blade",,"D0604TSH Diablo 6-1/2"" 4-Tooth - Cement Track Saw Blade",,"D0604TSH Diablo 6-1/2"" 4-Tooth - Cement Track Saw Blade",,,,,,,,,,,,,,,,,,,,,,,,,,,"Diablo 6-1/2"" 4-Tooth - Cement Track Saw Blade",Thread Size,6-1,,,,,,,,,,,,,,,,,,,,,,,,,,,,,,,,,,,,,,,,,,,,,,,,,,,,,,,,,,,,,,,,,,,,,,,,,,,,,,,,,,,,,,,,,,,,,,,,,,,,,,,,,,,,,,,,,,,,,,,,,,,,,,,,,,,,,,,,,,,,,,,,,,,,,,,,,,,,,,,,,,,,,,,,,,,,,,,,,,,,,,,,,,,,,,,,,,,
,,,,,,,,,,,D0620TSR,"D0620TSR Diablo 6-1/2""20 Tooth - Framing Saw Blade",-- Unbranded --,-- No Unilog Brand --,-- No DIB Brand --,Freud Inc (2435),Freud Inc,Diablo,,D0620TSR,,Industrial Supplies>General,"D0620TSR Diablo 6-1/2""20 Tooth - Framing Saw Blade",,"D0620TSR Diablo 6-1/2""20 Tooth - Framing Saw Blade",,"D0620TSR Diablo 6-1/2""20 Tooth - Framing Saw Blade",,,,,,,,,,,,,,,,,,,,,,,,,,,"Diablo 6-1/2""20 Tooth - Framing Saw Blade",Thread Size,6-1,,,,,,,,,,,,,,,,,,,,,,,,,,,,,,,,,,,,,,,,,,,,,,,,,,,,,,,,,,,,,,,,,,,,,,,,,,,,,,,,,,,,,,,,,,,,,,,,,,,,,,,,,,,,,,,,,,,,,,,,,,,,,,,,,,,,,,,,,,,,,,,,,,,,,,,,,,,,,,,,,,,,,,,,,,,,,,,,,,,,,,,,,,,,,,,,,,,
,,,,,,,,,,,D0648TSF,"D0648TSF Diablo 6-1/2""48 Tooth - Plywood Track Saw Blade",-- Unbranded --,-- No Unilog Brand --,-- No DIB Brand --,Freud Inc (2435),Freud Inc,Diablo,,D0648TSF,,Industrial Supplies>General,"D0648TSF Diablo 6-1/2""48 Tooth - Plywood Track Saw Blade",,"D0648TSF Diablo 6-1/2""48 Tooth - Plywood Track Saw Blade",,"D0648TSF Diablo 6-1/2""48 Tooth - Plywood Track Saw Blade",,,,,,,,,,,,,,,,,,,,,,,,,,,"Diablo 6-1/2""48 Tooth - Plywood Track Saw Blade",Thread Size,6-1,,,,,,,,,,,,,,,,,,,,,,,,,,,,,,,,,,,,,,,,,,,,,,,,,,,,,,,,,,,,,,,,,,,,,,,,,,,,,,,,,,,,,,,,,,,,,,,,,,,,,,,,,,,,,,,,,,,,,,,,,,,,,,,,,,,,,,,,,,,,,,,,,,,,,,,,,,,,,,,,,,,,,,,,,,,,,,,,,,,,,,,,,,,,,,,,,,,
,,,,,,,,,,,D0652TSL,"D0652TSL Diablo 6-1/2""52 Tooth - Laminate Track Saw Blade",-- Unbranded --,-- No Unilog Brand --,-- No DIB Brand --,Freud Inc (2435),Freud Inc,Diablo,,D0652TSL,,Industrial Supplies>General,"D0652TSL Diablo 6-1/2""52 Tooth - Laminate Track Saw Blade",,"D0652TSL Diablo 6-1/2""52 Tooth - Laminate Track Saw Blade",,"D0652TSL Diablo 6-1/2""52 Tooth - Laminate Track Saw Blade",,,,,,,,,,,,,,,,,,,,,,,,,,,"Diablo 6-1/2""52 Tooth - Laminate Track Saw Blade",Thread Size,6-1,,,,,,,,,,,,,,,,,,,,,,,,,,,,,,,,,,,,,,,,,,,,,,,,,,,,,,,,,,,,,,,,,,,,,,,,,,,,,,,,,,,,,,,,,,,,,,,,,,,,,,,,,,,,,,,,,,,,,,,,,,,,,,,,,,,,,,,,,,,,,,,,,,,,,,,,,,,,,,,,,,,,,,,,,,,,,,,,,,,,,,,,,,,,,,,,,,,
,,,,,,,,,,,JT1-549,"JT1-549 JWBS18SFX 18"" Bandsaw - 1.75HP 1PH 115V",-- Unbranded --,-- No Unilog Brand --,-- No DIB Brand --,JPW Industries (JPWIN),JPW Industries,,,JT1-549,,Industrial Supplies>General,"JT1-549 JWBS18SFX 18"" Bandsaw - 1.75HP 1PH 115V",,"JT1-549 JWBS18SFX 18"" Bandsaw - 1.75HP 1PH 115V",,"JT1-549 JWBS18SFX 18"" Bandsaw - 1.75HP 1PH 115V",,,,,,,,,,,,,,,,,,,,,,,,,,,"JWBS18SFX 18"" Bandsaw - 1.75HP 1PH 115V",,,,,,,,,,,,,,,,,,,,,,,,,,,,,,,,,,,,,,,,,,,,,,,,,,,,,,,,,,,,,,,,,,,,,,,,,,,,,,,,,,,,,,,,,,,,,,,,,,,,,,,,,,,,,,,,,,,,,,,,,,,,,,,,,,,,,,,,,,,,,,,,,,,,,,,,,,,,,,,,,,,,,,,,,,,,,,,,,,,,,,,,,,,,,,,,,,,,,
,,,,,,,,,,,JT1-1371,"JWBS14-SFX-BLK Jet 14"" Bandsaw - JT1-1371",-- Unbranded --,-- No Unilog Brand --,-- No DIB Brand --,JPW Industries (JPWIN),JPW Industries,,,JT1-1371,,Industrial Supplies>General,"JWBS14-SFX-BLK Jet 14"" Bandsaw - JT1-1371",,"JWBS14-SFX-BLK Jet 14"" Bandsaw - JT1-1371",,"JWBS14-SFX-BLK Jet 14"" Bandsaw - JT1-1371",,,,,,,,,,,,,,,,,,,,,,,,,,,"Jet 14"" Bandsaw - JT1-1371",,,,,,,,,,,,,,,,,,,,,,,,,,,,,,,,,,,,,,,,,,,,,,,,,,,,,,,,,,,,,,,,,,,,,,,,,,,,,,,,,,,,,,,,,,,,,,,,,,,,,,,,,,,,,,,,,,,,,,,,,,,,,,,,,,,,,,,,,,,,,,,,,,,,,,,,,,,,,,,,,,,,,,,,,,,,,,,,,,,,,,,,,,,,,,,,,,,,,
,,,,,,,,,,,JT9-714400K,"JWBS-14SFX 14"" Bandsaw JTP-714400K",-- Unbranded --,-- No Unilog Brand --,-- No DIB Brand --,JPW Industries (JPWIN),JPW Industries,,,JT9-714400K,,Industrial Supplies>General,"JWBS-14SFX 14"" Bandsaw JTP-714400K",,"JWBS-14SFX 14"" Bandsaw JTP-714400K",,"JWBS-14SFX 14"" Bandsaw JTP-714400K",,,,,,,,,,,,,,,,,,,,,,,,,,,"14"" Bandsaw JTP-714400K",,,,,,,,,,,,,,,,,,,,,,,,,,,,,,,,,,,,,,,,,,,,,,,,,,,,,,,,,,,,,,,,,,,,,,,,,,,,,,,,,,,,,,,,,,,,,,,,,,,,,,,,,,,,,,,,,,,,,,,,,,,,,,,,,,,,,,,,,,,,,,,,,,,,,,,,,,,,,,,,,,,,,,,,,,,,,,,,,,,,,,,,,,,,,,,,,,,,,
,,,,,,,,,,,2834-21HD,"2834-21HD Milw M18 7-1/4"" Circ - Saw Kit",-- Unbranded --,-- No Unilog Brand --,Milwaukee,Milwaukee Accessory (4031),Milwaukee Accessory,Milwaukee,,2834-21HD,,Industrial Supplies>General,"2834-21HD Milw M18 7-1/4"" Circ - Saw Kit",,"2834-21HD Milw M18 7-1/4"" Circ - Saw Kit",,"2834-21HD Milw M18 7-1/4"" Circ - Saw Kit",,,,,,,,,,,,,,,,,,,,,,,,,,,"Milw M18 7-1/4"" Circ - Saw Kit",Thread Size,7-1,,,,,,,,,,,,,,,,,,,,,,,,,,,,,,,,,,,,,,,,,,,,,,,,,,,,,,,,,,,,,,,,,,,,,,,,,,,,,,,,,,,,,,,,,,,,,,,,,,,,,,,,,,,,,,,,,,,,,,,,,,,,,,,,,,,,,,,,,,,,,,,,,,,,,,,,,,,,,,,,,,,,,,,,,,,,,,,,,,,,,,,,,,,,,,,,,,,
,,,,,,,,,,,DCS383B,"DCS383B Dewalt 20V 7-1/4"" - Metal Cutting Circ Saw",-- Unbranded --,-- No Unilog Brand --,-- No DIB Brand --,Black & Decker/dewlt (2585),Black & Decker/dewlt,DEWALT,,DCS383B,,Industrial Supplies>General,"DCS383B Dewalt 20V 7-1/4"" - Metal Cutting Circ Saw",,"DCS383B Dewalt 20V 7-1/4"" - Metal Cutting Circ Saw",,"DCS383B Dewalt 20V 7-1/4"" - Metal Cutting Circ Saw",,Metal,,,,,,,,,,,,,,,,,,,,,,,,,"Dewalt 20V 7-1/4"" - Metal Cutting Circ Saw",Thread Size,7-1,,,,,,,,,,,,,,,,,,,,,,,,,,,,,,,,,,,,,,,,,,,,,,,,,,,,,,,,,,,,,,,,,,,,,,,,,,,,,,,,,,,,,,,,,,,,,,,,,,,,,,,,,,,,,,,,,,,,,,,,,,,,,,,,,,,,,,,,,,,,,,,,,,,,,,,,,,,,,,,,,,,,,,,,,,,,,,,,,,,,,,,,,,,,,,,,,,,
,,,,,,,,,,,DCS590B,"DCS590B Dewalt 20V Cordless - 7-1/4"" Circular Saw (Bare)",-- Unbranded --,-- No Unilog Brand --,DEWALT,Black & Decker/dewlt (2585),Black & Decker/dewlt,DEWALT,,DCS590B,,Industrial Supplies>General,"DCS590B Dewalt 20V Cordless - 7-1/4"" Circular Saw (Bare)",,"DCS590B Dewalt 20V Cordless - 7-1/4"" Circular Saw (Bare)",,"DCS590B Dewalt 20V Cordless - 7-1/4"" Circular Saw (Bare)",,,,,,,,,,,,,,,,,,,,,,,,,,,"Dewalt 20V Cordless - 7-1/4"" Circular Saw (Bare)",Thread Size,7-1,,,,,,,,,,,,,,,,,,,,,,,,,,,,,,,,,,,,,,,,,,,,,,,,,,,,,,,,,,,,,,,,,,,,,,,,,,,,,,,,,,,,,,,,,,,,,,,,,,,,,,,,,,,,,,,,,,,,,,,,,,,,,,,,,,,,,,,,,,,,,,,,,,,,,,,,,,,,,,,,,,,,,,,,,,,,,,,,,,,,,,,,,,,,,,,,,,,
,,,,,,,,,,,KPTCS725A,"KPTCS725A Kreg 20V Ionic 7-1/4"" Circ Saw",-- Unbranded --,-- No Unilog Brand --,-- No DIB Brand --,Kreg Tool Company (KRETO),Kreg Tool Company,Kreg,,KPTCS725A,,Industrial Supplies>General,"KPTCS725A Kreg 20V Ionic 7-1/4"" Circ Saw",,"KPTCS725A Kreg 20V Ionic 7-1/4"" Circ Saw",,"KPTCS725A Kreg 20V Ionic 7-1/4"" Circ Saw",,,,,,,,,,,,,,,,,,,,,,,,,,,"Kreg 20V Ionic 7-1/4"" Circ Saw",Thread Size,7-1,,,,,,,,,,,,,,,,,,,,,,,,,,,,,,,,,,,,,,,,,,,,,,,,,,,,,,,,,,,,,,,,,,,,,,,,,,,,,,,,,,,,,,,,,,,,,,,,,,,,,,,,,,,,,,,,,,,,,,,,,,,,,,,,,,,,,,,,,,,,,,,,,,,,,,,,,,,,,,,,,,,,,,,,,,,,,,,,,,,,,,,,,,,,,,,,,,,
,,,,,,,,,,,KPTCS450A,"KPTCS450A Kreg 20V Ionic 4-1/2"" Circ Saw",-- Unbranded --,-- No Unilog Brand --,-- No DIB Brand --,Kreg Tool Company (KRETO),Kreg Tool Company,Kreg,,KPTCS450A,,Industrial Supplies>General,"KPTCS450A Kreg 20V Ionic 4-1/2"" Circ Saw",,"KPTCS450A Kreg 20V Ionic 4-1/2"" Circ Saw",,"KPTCS450A Kreg 20V Ionic 4-1/2"" Circ Saw",,,,,,,,,,,,,,,,,,,,,,,,,,,"Kreg 20V Ionic 4-1/2"" Circ Saw",Thread Size,4-1,,,,,,,,,,,,,,,,,,,,,,,,,,,,,,,,,,,,,,,,,,,,,,,,,,,,,,,,,,,,,,,,,,,,,,,,,,,,,,,,,,,,,,,,,,,,,,,,,,,,,,,,,,,,,,,,,,,,,,,,,,,,,,,,,,,,,,,,,,,,,,,,,,,,,,,,,,,,,,,,,,,,,,,,,,,,,,,,,,,,,,,,,,,,,,,,,,,
,,,,,,,,,,,2545-20,2545-20 Milw M12 Jig Saw,-- Unbranded --,-- No Unilog Brand --,Milwaukee,Milwaukee Accessory (4031),Milwaukee Accessory,Milwaukee,,2545-20,,Industrial Supplies>General,2545-20 Milw M12 Jig Saw,,2545-20 Milw M12 Jig Saw,,2545-20 Milw M12 Jig Saw,,,,,,,,,,,,,,,,,,,,,,,,,,,Milw M12 Jig Saw,Thread Size,2545-20,,,,,,,,,,,,,,,,,,,,,,,,,,,,,,,,,,,,,,,,,,,,,,,,,,,,,,,,,,,,,,,,,,,,,,,,,,,,,,,,,,,,,,,,,,,,,,,,,,,,,,,,,,,,,,,,,,,,,,,,,,,,,,,,,,,,,,,,,,,,,,,,,,,,,,,,,,,,,,,,,,,,,,,,,,,,,,,,,,,,,,,,,,,,,,,,,,,
,,,,,,,,,,,KPTJS100A,KPTJS100A Kreg 20V Ionic Barrel Grip Jigsaw,-- Unbranded --,-- No Unilog Brand --,-- No DIB Brand --,Kreg Tool Company (KRETO),Kreg Tool Company,Kreg,,KPTJS100A,,Industrial Supplies>General,KPTJS100A Kreg 20V Ionic Barrel Grip Jigsaw,,KPTJS100A Kreg 20V Ionic Barrel Grip Jigsaw,,KPTJS100A Kreg 20V Ionic Barrel Grip Jigsaw,,,,,,,,,,,,,,,,,,,,,,,,,,,Kreg 20V Ionic Barrel Grip Jigsaw,,,,,,,,,,,,,,,,,,,,,,,,,,,,,,,,,,,,,,,,,,,,,,,,,,,,,,,,,,,,,,,,,,,,,,,,,,,,,,,,,,,,,,,,,,,,,,,,,,,,,,,,,,,,,,,,,,,,,,,,,,,,,,,,,,,,,,,,,,,,,,,,,,,,,,,,,,,,,,,,,,,,,,,,,,,,,,,,,,,,,,,,,,,,,,,,,,,,,
,,,,,,,,,,,DCS714B,"DCS714B Dewalt 20V Miter Saw - (Bare) 10"" Double Bevel Fixed",-- Unbranded --,-- No Unilog Brand --,-- No DIB Brand --,Black & Decker/dewlt (2585),Black & Decker/dewlt,DEWALT,,DCS714B,,Industrial Supplies>General,"DCS714B Dewalt 20V Miter Saw - (Bare) 10"" Double Bevel Fixed",,"DCS714B Dewalt 20V Miter Saw - (Bare) 10"" Double Bevel Fixed",,"DCS714B Dewalt 20V Miter Saw - (Bare) 10"" Double Bevel Fixed",,,,,,,,,,,,,,,,,,,,,,,,,,,"Dewalt 20V Miter Saw - (Bare) 10"" Double Bevel Fixed",,,,,,,,,,,,,,,,,,,,,,,,,,,,,,,,,,,,,,,,,,,,,,,,,,,,,,,,,,,,,,,,,,,,,,,,,,,,,,,,,,,,,,,,,,,,,,,,,,,,,,,,,,,,,,,,,,,,,,,,,,,,,,,,,,,,,,,,,,,,,,,,,,,,,,,,,,,,,,,,,,,,,,,,,,,,,,,,,,,,,,,,,,,,,,,,,,,,,
,,,,,,,,,,,DCS785B,"DCS785B Dewalt 20V Miter Saw - Kit 12"" Double Bevel Sliding",-- Unbranded --,-- No Unilog Brand --,-- No DIB Brand --,Black & Decker/dewlt (2585),Black & Decker/dewlt,DEWALT,,DCS785B,,Industrial Supplies>General,"DCS785B Dewalt 20V Miter Saw - Kit 12"" Double Bevel Sliding",,"DCS785B Dewalt 20V Miter Saw - Kit 12"" Double Bevel Sliding",,"DCS785B Dewalt 20V Miter Saw - Kit 12"" Double Bevel Sliding",,,,,,,,,,,,,,,,,,,,,,,,,,,"Dewalt 20V Miter Saw - Kit 12"" Double Bevel Sliding",,,,,,,,,,,,,,,,,,,,,,,,,,,,,,,,,,,,,,,,,,,,,,,,,,,,,,,,,,,,,,,,,,,,,,,,,,,,,,,,,,,,,,,,,,,,,,,,,,,,,,,,,,,,,,,,,,,,,,,,,,,,,,,,,,,,,,,,,,,,,,,,,,,,,,,,,,,,,,,,,,,,,,,,,,,,,,,,,,,,,,,,,,,,,,,,,,,,,
,,,,,,,,,,,GSL02M1,"GSL02M1 Makita Miter Saw - 40V 8-1/2""",-- Unbranded --,-- No Unilog Brand --,-- No DIB Brand --,Makita Usa Inc (5142),Makita Usa Inc,Makita,,GSL02M1,,Industrial Supplies>General,"GSL02M1 Makita Miter Saw - 40V 8-1/2""",,"GSL02M1 Makita Miter Saw - 40V 8-1/2""",,"GSL02M1 Makita Miter Saw - 40V 8-1/2""",,,,,,,,,,,,,,,,,,,,,,,,,,,"Makita Miter Saw - 40V 8-1/2""",Thread Size,8-1,,,,,,,,,,,,,,,,,,,,,,,,,,,,,,,,,,,,,,,,,,,,,,,,,,,,,,,,,,,,,,,,,,,,,,,,,,,,,,,,,,,,,,,,,,,,,,,,,,,,,,,,,,,,,,,,,,,,,,,,,,,,,,,,,,,,,,,,,,,,,,,,,,,,,,,,,,,,,,,,,,,,,,,,,,,,,,,,,,,,,,,,,,,,,,,,,,,
,,,,,,,,,,,DW7029,DW7029 Dewalt Miter Saw - Stand Support/Stop,-- Unbranded --,-- No Unilog Brand --,-- No DIB Brand --,Black & Decker/dewlt (2585),Black & Decker/dewlt,DEWALT,,DW7029,,Industrial Supplies>General,DW7029 Dewalt Miter Saw - Stand Support/Stop,,DW7029 Dewalt Miter Saw - Stand Support/Stop,,DW7029 Dewalt Miter Saw - Stand Support/Stop,,,,,,,,,,,,,,,,,,,,,,,,,,,Dewalt Miter Saw - Stand Support/Stop,,,,,,,,,,,,,,,,,,,,,,,,,,,,,,,,,,,,,,,,,,,,,,,,,,,,,,,,,,,,,,,,,,,,,,,,,,,,,,,,,,,,,,,,,,,,,,,,,,,,,,,,,,,,,,,,,,,,,,,,,,,,,,,,,,,,,,,,,,,,,,,,,,,,,,,,,,,,,,,,,,,,,,,,,,,,,,,,,,,,,,,,,,,,,,,,,,,,,
,,,,,,,,,,,DCS384B,DCS384B Dewalt 20V Brushless - Cordless Recip Saw (Bare),-- Unbranded --,-- No Unilog Brand --,DEWALT,Black & Decker/dewlt (2585),Black & Decker/dewlt,DEWALT,,DCS384B,,Industrial Supplies>General,DCS384B Dewalt 20V Brushless - Cordless Recip Saw (Bare),,DCS384B Dewalt 20V Brushless - Cordless Recip Saw (Bare),,DCS384B Dewalt 20V Brushless - Cordless Recip Saw (Bare),,,,,,,,,,,,,,,,,,,,,,,,,,,Dewalt 20V Brushless - Cordless Recip Saw (Bare),,,,,,,,,,,,,,,,,,,,,,,,,,,,,,,,,,,,,,,,,,,,,,,,,,,,,,,,,,,,,,,,,,,,,,,,,,,,,,,,,,,,,,,,,,,,,,,,,,,,,,,,,,,,,,,,,,,,,,,,,,,,,,,,,,,,,,,,,,,,,,,,,,,,,,,,,,,,,,,,,,,,,,,,,,,,,,,,,,,,,,,,,,,,,,,,,,,,,
,,,,,,,,,,,XRJ08Z,XRJ08Z Makita 18V Recip Saw - Bare Tool,-- Unbranded --,-- No Unilog Brand --,-- No DIB Brand --,Makita Usa Inc (5142),Makita Usa Inc,Makita,,XRJ08Z,,Industrial Supplies>General,XRJ08Z Makita 18V Recip Saw - Bare Tool,,XRJ08Z Makita 18V Recip Saw - Bare Tool,,XRJ08Z Makita 18V Recip Saw - Bare Tool,,,,,,,,,,,,,,,,,,,,,,,,,,,Makita 18V Recip Saw - Bare Tool,,,,,,,,,,,,,,,,,,,,,,,,,,,,,,,,,,,,,,,,,,,,,,,,,,,,,,,,,,,,,,,,,,,,,,,,,,,,,,,,,,,,,,,,,,,,,,,,,,,,,,,,,,,,,,,,,,,,,,,,,,,,,,,,,,,,,,,,,,,,,,,,,,,,,,,,,,,,,,,,,,,,,,,,,,,,,,,,,,,,,,,,,,,,,,,,,,,,,
,,,,,,,,,,,G0771Z,"Grizzly G0771Z 30"" Table Saw",-- Unbranded --,-- No Unilog Brand --,-- No DIB Brand --,Woodstock Intl (3658),Woodstock Intl,,,G0771Z,,Industrial Supplies>General,"Grizzly G0771Z 30"" Table Saw",,"Grizzly G0771Z 30"" Table Saw",,"Grizzly G0771Z 30"" Table Saw",,,,,,,,,,,,,,,,,,,,,,,,,,,"G0771Z 30"" Table Saw",,,,,,,,,,,,,,,,,,,,,,,,,,,,,,,,,,,,,,,,,,,,,,,,,,,,,,,,,,,,,,,,,,,,,,,,,,,,,,,,,,,,,,,,,,,,,,,,,,,,,,,,,,,,,,,,,,,,,,,,,,,,,,,,,,,,,,,,,,,,,,,,,,,,,,,,,,,,,,,,,,,,,,,,,,,,,,,,,,,,,,,,,,,,,,,,,,,,,
,,,,,,,,,,,TS1017,TS1017 Table Saw Zero-Clearance Insert,-- Unbranded --,-- No Unilog Brand --,-- No DIB Brand --,Robt Bosch Tool Corp (6564),Robt Bosch Tool Corp,,,TS1017,,Industrial Supplies>General,TS1017 Table Saw Zero-Clearance Insert,,TS1017 Table Saw Zero-Clearance Insert,,TS1017 Table Saw Zero-Clearance Insert,,,,,,,,,,,,,,,,,,,,,,,,,,,Table Saw Zero-Clearance Insert,,,,,,,,,,,,,,,,,,,,,,,,,,,,,,,,,,,,,,,,,,,,,,,,,,,,,,,,,,,,,,,,,,,,,,,,,,,,,,,,,,,,,,,,,,,,,,,,,,,,,,,,,,,,,,,,,,,,,,,,,,,,,,,,,,,,,,,,,,,,,,,,,,,,,,,,,,,,,,,,,,,,,,,,,,,,,,,,,,,,,,,,,,,,,,,,,,,,,
,,,,,,,,,,,XT524,"XT524 24"" XT XTENDER Fence",-- Unbranded --,-- No Unilog Brand --,-- No DIB Brand --,Bow Products (BOWPR),Bow Products,,,XT524,,Industrial Supplies>General,"XT524 24"" XT XTENDER Fence",,"XT524 24"" XT XTENDER Fence",,"XT524 24"" XT XTENDER Fence",,,,,,,,,,,,,,,,,,,,,,,,,,,"24"" XT XTENDER Fence",,,,,,,,,,,,,,,,,,,,,,,,,,,,,,,,,,,,,,,,,,,,,,,,,,,,,,,,,,,,,,,,,,,,,,,,,,,,,,,,,,,,,,,,,,,,,,,,,,,,,,,,,,,,,,,,,,,,,,,,,,,,,,,,,,,,,,,,,,,,,,,,,,,,,,,,,,,,,,,,,,,,,,,,,,,,,,,,,,,,,,,,,,,,,,,,,,,,,
,,,,,,,,,,,XT536,"XT536 36"" XT XTENDER Fence",-- Unbranded --,-- No Unilog Brand --,-- No DIB Brand --,Bow Products (BOWPR),Bow Products,,,XT536,,Industrial Supplies>General,"XT536 36"" XT XTENDER Fence",,"XT536 36"" XT XTENDER Fence",,"XT536 36"" XT XTENDER Fence",,,,,,,,,,,,,,,,,,,,,,,,,,,"36"" XT XTENDER Fence",,,,,,,,,,,,,,,,,,,,,,,,,,,,,,,,,,,,,,,,,,,,,,,,,,,,,,,,,,,,,,,,,,,,,,,,,,,,,,,,,,,,,,,,,,,,,,,,,,,,,,,,,,,,,,,,,,,,,,,,,,,,,,,,,,,,,,,,,,,,,,,,,,,,,,,,,,,,,,,,,,,,,,,,,,,,,,,,,,,,,,,,,,,,,,,,,,,,,
,,,,,,,,,,,XT546,"XT546 46"" XT XTENDER Fence",-- Unbranded --,-- No Unilog Brand --,-- No DIB Brand --,Bow Products (BOWPR),Bow Products,,,XT546,,Industrial Supplies>General,"XT546 46"" XT XTENDER Fence",,"XT546 46"" XT XTENDER Fence",,"XT546 46"" XT XTENDER Fence",,,,,,,,,,,,,,,,,,,,,,,,,,,"46"" XT XTENDER Fence",,,,,,,,,,,,,,,,,,,,,,,,,,,,,,,,,,,,,,,,,,,,,,,,,,,,,,,,,,,,,,,,,,,,,,,,,,,,,,,,,,,,,,,,,,,,,,,,,,,,,,,,,,,,,,,,,,,,,,,,,,,,,,,,,,,,,,,,,,,,,,,,,,,,,,,,,,,,,,,,,,,,,,,,,,,,,,,,,,,,,,,,,,,,,,,,,,,,,
,,,,,,,,,,,XTP235,"35"" XTP XTENDER PRO Fence - XTP235",-- Unbranded --,-- No Unilog Brand --,-- No DIB Brand --,Bow Products (BOWPR),Bow Products,,,XTP235,,Industrial Supplies>General,"35"" XTP XTENDER PRO Fence - XTP235",,"35"" XTP XTENDER PRO Fence - XTP235",,"35"" XTP XTENDER PRO Fence - XTP235",,,,,,,,,,,,,,,,,,,,,,,,,,,"35"" XTP XTENDER PRO Fence - XTP235",,,,,,,,,,,,,,,,,,,,,,,,,,,,,,,,,,,,,,,,,,,,,,,,,,,,,,,,,,,,,,,,,,,,,,,,,,,,,,,,,,,,,,,,,,,,,,,,,,,,,,,,,,,,,,,,,,,,,,,,,,,,,,,,,,,,,,,,,,,,,,,,,,,,,,,,,,,,,,,,,,,,,,,,,,,,,,,,,,,,,,,,,,,,,,,,,,,,,
,,,,,,,,,,,TGP2-FA,TGP2-FA T-Glide Fence Professional,-- Unbranded --,-- No Unilog Brand --,-- No DIB Brand --,Saw Stop LLC (SAWST),Saw Stop LLC,,,TGP2-FA,,Industrial Supplies>General,TGP2-FA T-Glide Fence Professional,,TGP2-FA T-Glide Fence Professional,,TGP2-FA T-Glide Fence Professional,,,,,,,,,,,,,,,,,,,,,,,,,,,T-Glide Fence Professional,,,,,,,,,,,,,,,,,,,,,,,,,,,,,,,,,,,,,,,,,,,,,,,,,,,,,,,,,,,,,,,,,,,,,,,,,,,,,,,,,,,,,,,,,,,,,,,,,,,,,,,,,,,,,,,,,,,,,,,,,,,,,,,,,,,,,,,,,,,,,,,,,,,,,,,,,,,,,,,,,,,,,,,,,,,,,,,,,,,,,,,,,,,,,,,,,,,,,
,,,,,,,,,,,ATGI-FA,ATGI-FA T-Glide Advanced Fence Industrial,-- Unbranded --,-- No Unilog Brand --,-- No DIB Brand --,Saw Stop LLC (SAWST),Saw Stop LLC,,,ATGI-FA,,Industrial Supplies>General,ATGI-FA T-Glide Advanced Fence Industrial,,ATGI-FA T-Glide Advanced Fence Industrial,,ATGI-FA T-Glide Advanced Fence Industrial,,,,,,,,,,,,,,,,,,,,,,,,,,,T-Glide Advanced Fence Industrial,,,,,,,,,,,,,,,,,,,,,,,,,,,,,,,,,,,,,,,,,,,,,,,,,,,,,,,,,,,,,,,,,,,,,,,,,,,,,,,,,,,,,,,,,,,,,,,,,,,,,,,,,,,,,,,,,,,,,,,,,,,,,,,,,,,,,,,,,,,,,,,,,,,,,,,,,,,,,,,,,,,,,,,,,,,,,,,,,,,,,,,,,,,,,,,,,,,,,
,,,,,,,,,,,ATGP-FA,ATGP-FA T-Glide Advance Fence Professional,-- Unbranded --,-- No Unilog Brand --,-- No DIB Brand --,Saw Stop LLC (SAWST),Saw Stop LLC,,,ATGP-FA,,Industrial Supplies>General,ATGP-FA T-Glide Advance Fence Professional,,ATGP-FA T-Glide Advance Fence Professional,,ATGP-FA T-Glide Advance Fence Professional,,,,,,,,,,,,,,,,,,,,,,,,,,,T-Glide Advance Fence Professional,,,,,,,,,,,,,,,,,,,,,,,,,,,,,,,,,,,,,,,,,,,,,,,,,,,,,,,,,,,,,,,,,,,,,,,,,,,,,,,,,,,,,,,,,,,,,,,,,,,,,,,,,,,,,,,,,,,,,,,,,,,,,,,,,,,,,,,,,,,,,,,,,,,,,,,,,,,,,,,,,,,,,,,,,,,,,,,,,,,,,,,,,,,,,,,,,,,,,
,,,,,,,,,,,TGI2-FA,TGI2-FA T-Glide Fence Indudtrial,-- Unbranded --,-- No Unilog Brand --,-- No DIB Brand --,Saw Stop LLC (SAWST),Saw Stop LLC,,,TGI2-FA,,Industrial Supplies>General,TGI2-FA T-Glide Fence Indudtrial,,TGI2-FA T-Glide Fence Indudtrial,,TGI2-FA T-Glide Fence Indudtrial,,,,,,,,,,,,,,,,,,,,,,,,,,,T-Glide Fence Indudtrial,,,,,,,,,,,,,,,,,,,,,,,,,,,,,,,,,,,,,,,,,,,,,,,,,,,,,,,,,,,,,,,,,,,,,,,,,,,,,,,,,,,,,,,,,,,,,,,,,,,,,,,,,,,,,,,,,,,,,,,,,,,,,,,,,,,,,,,,,,,,,,,,,,,,,,,,,,,,,,,,,,,,,,,,,,,,,,,,,,,,,,,,,,,,,,,,,,,,,
,,,,,,,,,,,TGI2-T36A,"TGI2-T36A 36"" Table Assembly Industrial",-- Unbranded --,-- No Unilog Brand --,-- No DIB Brand --,Saw Stop LLC (SAWST),Saw Stop LLC,,,TGI2-T36A,,Industrial Supplies>General,"TGI2-T36A 36"" Table Assembly Industrial",,"TGI2-T36A 36"" Table Assembly Industrial",,"TGI2-T36A 36"" Table Assembly Industrial",,,,,,,,,,,,,,,,,,,,,,,,,,,"36"" Table Assembly Industrial",,,,,,,,,,,,,,,,,,,,,,,,,,,,,,,,,,,,,,,,,,,,,,,,,,,,,,,,,,,,,,,,,,,,,,,,,,,,,,,,,,,,,,,,,,,,,,,,,,,,,,,,,,,,,,,,,,,,,,,,,,,,,,,,,,,,,,,,,,,,,,,,,,,,,,,,,,,,,,,,,,,,,,,,,,,,,,,,,,,,,,,,,,,,,,,,,,,,,
,,,,,,,,,,,KPTBPS100A,"KPTBPS100A Kreg 20V Ionic 6-1/2"" Plunge-Cut Track Saw Kit",-- Unbranded --,-- No Unilog Brand --,-- No DIB Brand --,Kreg Tool Company (KRETO),Kreg Tool Company,Kreg,,KPTBPS100A,,Industrial Supplies>General,"KPTBPS100A Kreg 20V Ionic 6-1/2"" Plunge-Cut Track Saw Kit",,"KPTBPS100A Kreg 20V Ionic 6-1/2"" Plunge-Cut Track Saw Kit",,"KPTBPS100A Kreg 20V Ionic 6-1/2"" Plunge-Cut Track Saw Kit",,,,,,,,,,,,,,,,,,,,,,,,,,,"Kreg 20V Ionic 6-1/2"" Plunge-Cut Track Saw Kit",Thread Size,6-1,,,,,,,,,,,,,,,,,,,,,,,,,,,,,,,,,,,,,,,,,,,,,,,,,,,,,,,,,,,,,,,,,,,,,,,,,,,,,,,,,,,,,,,,,,,,,,,,,,,,,,,,,,,,,,,,,,,,,,,,,,,,,,,,,,,,,,,,,,,,,,,,,,,,,,,,,,,,,,,,,,,,,,,,,,,,,,,,,,,,,,,,,,,,,,,,,,,
,,,,,,,,,,,DCB606C,DCB606C Dewalt Flexvolt Starter Kit,-- Unbranded --,-- No Unilog Brand --,-- No DIB Brand --,Black & Decker/dewlt (2585),Black & Decker/dewlt,DEWALT,,DCB606C,,Industrial Supplies>General,DCB606C Dewalt Flexvolt Starter Kit,,DCB606C Dewalt Flexvolt Starter Kit,,DCB606C Dewalt Flexvolt Starter Kit,,,,,,,,,,,,,,,,,,,,,,,,,,,Dewalt Flexvolt Starter Kit,,,,,,,,,,,,,,,,,,,,,,,,,,,,,,,,,,,,,,,,,,,,,,,,,,,,,,,,,,,,,,,,,,,,,,,,,,,,,,,,,,,,,,,,,,,,,,,,,,,,,,,,,,,,,,,,,,,,,,,,,,,,,,,,,,,,,,,,,,,,,,,,,,,,,,,,,,,,,,,,,,,,,,,,,,,,,,,,,,,,,,,,,,,,,,,,,,,,,
,,,,,,,,,,,BL1850BDC1,BL1850BDC1 Makita Starter Kit,-- Unbranded --,-- No Unilog Brand --,-- No DIB Brand --,Makita Usa Inc (5142),Makita Usa Inc,Makita,,BL1850BDC1,,Industrial Supplies>General,BL1850BDC1 Makita Starter Kit,,BL1850BDC1 Makita Starter Kit,,BL1850BDC1 Makita Starter Kit,,,,,,,,,,,,,,,,,,,,,,,,,,,Makita Starter Kit,,,,,,,,,,,,,,,,,,,,,,,,,,,,,,,,,,,,,,,,,,,,,,,,,,,,,,,,,,,,,,,,,,,,,,,,,,,,,,,,,,,,,,,,,,,,,,,,,,,,,,,,,,,,,,,,,,,,,,,,,,,,,,,,,,,,,,,,,,,,,,,,,,,,,,,,,,,,,,,,,,,,,,,,,,,,,,,,,,,,,,,,,,,,,,,,,,,,,
,,,,,,,,,,,DCB205C,DCB205C 20V Starter Kit,-- Unbranded --,-- No Unilog Brand --,DEWALT,Black & Decker/dewlt (2585),Black & Decker/dewlt,DEWALT,,DCB205C,,Industrial Supplies>General,DCB205C 20V Starter Kit,,DCB205C 20V Starter Kit,,DCB205C 20V Starter Kit,,,,,,,,,,,,,,,,,,,,,,,,,,,20V Starter Kit,,,,,,,,,,,,,,,,,,,,,,,,,,,,,,,,,,,,,,,,,,,,,,,,,,,,,,,,,,,,,,,,,,,,,,,,,,,,,,,,,,,,,,,,,,,,,,,,,,,,,,,,,,,,,,,,,,,,,,,,,,,,,,,,,,,,,,,,,,,,,,,,,,,,,,,,,,,,,,,,,,,,,,,,,,,,,,,,,,,,,,,,,,,,,,,,,,,,,
,,,,,,,,,,,DCB2108,DCB2108 Dewalt 20V 8Ah Battery - Max XR Powerpack,-- Unbranded --,-- No Unilog Brand --,DEWALT,Black & Decker/dewlt (2585),Black & Decker/dewlt,DEWALT,,DCB2108,,Industrial Supplies>General,DCB2108 Dewalt 20V 8Ah Battery - Max XR Powerpack,,DCB2108 Dewalt 20V 8Ah Battery - Max XR Powerpack,,DCB2108 Dewalt 20V 8Ah Battery - Max XR Powerpack,,,,,,,,,,,,,,,,,,,,,,,,,,,Dewalt 20V 8Ah Battery - Max XR Powerpack,,,,,,,,,,,,,,,,,,,,,,,,,,,,,,,,,,,,,,,,,,,,,,,,,,,,,,,,,,,,,,,,,,,,,,,,,,,,,,,,,,,,,,,,,,,,,,,,,,,,,,,,,,,,,,,,,,,,,,,,,,,,,,,,,,,,,,,,,,,,,,,,,,,,,,,,,,,,,,,,,,,,,,,,,,,,,,,,,,,,,,,,,,,,,,,,,,,,,
,,,,,,,,,,,DCB2108-2,DCB2108-2 Dewalt 20V 8Ah 2pk - Battery Max XR Powerpack,-- Unbranded --,-- No Unilog Brand --,-- No DIB Brand --,Black & Decker/dewlt (2585),Black & Decker/dewlt,DEWALT,,DCB2108-2,,Industrial Supplies>General,DCB2108-2 Dewalt 20V 8Ah 2pk - Battery Max XR Powerpack,,DCB2108-2 Dewalt 20V 8Ah 2pk - Battery Max XR Powerpack,,DCB2108-2 Dewalt 20V 8Ah 2pk - Battery Max XR Powerpack,,,,,,,,,,,,,,,,,,,,,,,,,,,Dewalt 20V 8Ah 2pk - Battery Max XR Powerpack,,,,,,,,,,,,,,,,,,,,,,,,,,,,,,,,,,,,,,,,,,,,,,,,,,,,,,,,,,,,,,,,,,,,,,,,,,,,,,,,,,,,,,,,,,,,,,,,,,,,,,,,,,,,,,,,,,,,,,,,,,,,,,,,,,,,,,,,,,,,,,,,,,,,,,,,,,,,,,,,,,,,,,,,,,,,,,,,,,,,,,,,,,,,,,,,,,,,,
,,,,,,,,,,,VB0212,VB0212 Senco 18V 2.0 AH Lithium Battery,-- Unbranded --,-- No Unilog Brand --,-- No DIB Brand --,Senco Products Inc (4650),Senco Products Inc,,,VB0212,,Industrial Supplies>General,VB0212 Senco 18V 2.0 AH Lithium Battery,,VB0212 Senco 18V 2.0 AH Lithium Battery,,VB0212 Senco 18V 2.0 AH Lithium Battery,,,,,,,,,,,,,,,,,,,,,,,,,,,Senco 18V 2.0 AH Lithium Battery,,,,,,,,,,,,,,,,,,,,,,,,,,,,,,,,,,,,,,,,,,,,,,,,,,,,,,,,,,,,,,,,,,,,,,,,,,,,,,,,,,,,,,,,,,,,,,,,,,,,,,,,,,,,,,,,,,,,,,,,,,,,,,,,,,,,,,,,,,,,,,,,,,,,,,,,,,,,,,,,,,,,,,,,,,,,,,,,,,,,,,,,,,,,,,,,,,,,,
,,,,,,,,,,,BCB2A20A,BCB2A20A Kreg 20V Battery/Charger Starter Kit,-- Unbranded --,-- No Unilog Brand --,-- No DIB Brand --,Kreg Tool Company (KRETO),Kreg Tool Company,Kreg,,BCB2A20A,,Industrial Supplies>General,BCB2A20A Kreg 20V Battery/Charger Starter Kit,,BCB2A20A Kreg 20V Battery/Charger Starter Kit,,BCB2A20A Kreg 20V Battery/Charger Starter Kit,,,,,,,,,,,,,,,,,,,,,,,,,,,Kreg 20V Battery/Charger Starter Kit,,,,,,,,,,,,,,,,,,,,,,,,,,,,,,,,,,,,,,,,,,,,,,,,,,,,,,,,,,,,,,,,,,,,,,,,,,,,,,,,,,,,,,,,,,,,,,,,,,,,,,,,,,,,,,,,,,,,,,,,,,,,,,,,,,,,,,,,,,,,,,,,,,,,,,,,,,,,,,,,,,,,,,,,,,,,,,,,,,,,,,,,,,,,,,,,,,,,,
,,,,,,,,,,,BATT4A,BATT4A Kreg 20V 4ah Battery Pack,-- Unbranded --,-- No Unilog Brand --,-- No DIB Brand --,Kreg Tool Company (KRETO),Kreg Tool Company,Kreg,,BATT4A,,Industrial Supplies>General,BATT4A Kreg 20V 4ah Battery Pack,,BATT4A Kreg 20V 4ah Battery Pack,,BATT4A Kreg 20V 4ah Battery Pack,,,,,,,,,,,,,,,,,,,,,,,,,,,Kreg 20V 4ah Battery Pack,,,,,,,,,,,,,,,,,,,,,,,,,,,,,,,,,,,,,,,,,,,,,,,,,,,,,,,,,,,,,,,,,,,,,,,,,,,,,,,,,,,,,,,,,,,,,,,,,,,,,,,,,,,,,,,,,,,,,,,,,,,,,,,,,,,,,,,,,,,,,,,,,,,,,,,,,,,,,,,,,,,,,,,,,,,,,,,,,,,,,,,,,,,,,,,,,,,,,
,,,,,,,,,,,BATT2A,BATT2A Kreg 20V 2ah Battery Pack,-- Unbranded --,-- No Unilog Brand --,-- No DIB Brand --,Kreg Tool Company (KRETO),Kreg Tool Company,Kreg,,BATT2A,,Industrial Supplies>General,BATT2A Kreg 20V 2ah Battery Pack,,BATT2A Kreg 20V 2ah Battery Pack,,BATT2A Kreg 20V 2ah Battery Pack,,,,,,,,,,,,,,,,,,,,,,,,,,,Kreg 20V 2ah Battery Pack,,,,,,,,,,,,,,,,,,,,,,,,,,,,,,,,,,,,,,,,,,,,,,,,,,,,,,,,,,,,,,,,,,,,,,,,,,,,,,,,,,,,,,,,,,,,,,,,,,,,,,,,,,,,,,,,,,,,,,,,,,,,,,,,,,,,,,,,,,,,,,,,,,,,,,,,,,,,,,,,,,,,,,,,,,,,,,,,,,,,,,,,,,,,,,,,,,,,,
,,,,,,,,,,,BL1850BDC2X1,BL1850BDC2X1 Makita Starter Kit,-- Unbranded --,-- No Unilog Brand --,-- No DIB Brand --,Makita Usa Inc (5142),Makita Usa Inc,Makita,,BL1850BDC2X1,,Industrial Supplies>General,BL1850BDC2X1 Makita Starter Kit,,BL1850BDC2X1 Makita Starter Kit,,BL1850BDC2X1 Makita Starter Kit,,,,,,,,,,,,,,,,,,,,,,,,,,,Makita Starter Kit,,,,,,,,,,,,,,,,,,,,,,,,,,,,,,,,,,,,,,,,,,,,,,,,,,,,,,,,,,,,,,,,,,,,,,,,,,,,,,,,,,,,,,,,,,,,,,,,,,,,,,,,,,,,,,,,,,,,,,,,,,,,,,,,,,,,,,,,,,,,,,,,,,,,,,,,,,,,,,,,,,,,,,,,,,,,,,,,,,,,,,,,,,,,,,,,,,,,,
,,,,,,,,,,,48-11-2422,48-11-2422 Milw M12 CP2.0 Battery Two Pack,-- Unbranded --,-- No Unilog Brand --,-- No DIB Brand --,Milwaukee Accessory (4031),Milwaukee Accessory,Milwaukee,,48-11-2422,,Industrial Supplies>General,48-11-2422 Milw M12 CP2.0 Battery Two Pack,,48-11-2422 Milw M12 CP2.0 Battery Two Pack,,48-11-2422 Milw M12 CP2.0 Battery Two Pack,,,,,,,,,,,,,,,,,,,,,,,,,,,Milw M12 CP2.0 Battery Two Pack,Thread Size,48-11,,,,,,,,,,,,,,,,,,,,,,,,,,,,,,,,,,,,,,,,,,,,,,,,,,,,,,,,,,,,,,,,,,,,,,,,,,,,,,,,,,,,,,,,,,,,,,,,,,,,,,,,,,,,,,,,,,,,,,,,,,,,,,,,,,,,,,,,,,,,,,,,,,,,,,,,,,,,,,,,,,,,,,,,,,,,,,,,,,,,,,,,,,,,,,,,,,,
,,,,,,,,,,,DCB1104,DCB1104 Dewalt 12V/20V Charger - 4 Amp,-- Unbranded --,-- No Unilog Brand --,-- No DIB Brand --,Black & Decker/dewlt (2585),Black & Decker/dewlt,DEWALT,,DCB1104,,Industrial Supplies>General,DCB1104 Dewalt 12V/20V Charger - 4 Amp,,DCB1104 Dewalt 12V/20V Charger - 4 Amp,,DCB1104 Dewalt 12V/20V Charger - 4 Amp,,,,,,,,,,,,,,,,,,,,,,,,,,,Dewalt 12V/20V Charger - 4 Amp,,,,,,,,,,,,,,,,,,,,,,,,,,,,,,,,,,,,,,,,,,,,,,,,,,,,,,,,,,,,,,,,,,,,,,,,,,,,,,,,,,,,,,,,,,,,,,,,,,,,,,,,,,,,,,,,,,,,,,,,,,,,,,,,,,,,,,,,,,,,,,,,,,,,,,,,,,,,,,,,,,,,,,,,,,,,,,,,,,,,,,,,,,,,,,,,,,,,,
,,,,,,,,,,,48-59-1804,48-59-1804 Milw M18 and M12 Rapid Charger,-- Unbranded --,-- No Unilog Brand --,-- No DIB Brand --,Milwaukee Accessory (4031),Milwaukee Accessory,Milwaukee,,48-59-1804,,Industrial Supplies>General,48-59-1804 Milw M18 and M12 Rapid Charger,,48-59-1804 Milw M18 and M12 Rapid Charger,,48-59-1804 Milw M18 and M12 Rapid Charger,,,,,,,,,,,,,,,,,,,,,,,,,,,Milw M18 and M12 Rapid Charger,Thread Size,48-59,,,,,,,,,,,,,,,,,,,,,,,,,,,,,,,,,,,,,,,,,,,,,,,,,,,,,,,,,,,,,,,,,,,,,,,,,,,,,,,,,,,,,,,,,,,,,,,,,,,,,,,,,,,,,,,,,,,,,,,,,,,,,,,,,,,,,,,,,,,,,,,,,,,,,,,,,,,,,,,,,,,,,,,,,,,,,,,,,,,,,,,,,,,,,,,,,,,
,,,,,,,,,,,CRGR401A,CRGR401A Kreg 20V Fast Charger,-- Unbranded --,-- No Unilog Brand --,-- No DIB Brand --,Kreg Tool Company (KRETO),Kreg Tool Company,Kreg,,CRGR401A,,Industrial Supplies>General,CRGR401A Kreg 20V Fast Charger,,CRGR401A Kreg 20V Fast Charger,,CRGR401A Kreg 20V Fast Charger,,,,,,,,,,,,,,,,,,,,,,,,,,,Kreg 20V Fast Charger,,,,,,,,,,,,,,,,,,,,,,,,,,,,,,,,,,,,,,,,,,,,,,,,,,,,,,,,,,,,,,,,,,,,,,,,,,,,,,,,,,,,,,,,,,,,,,,,,,,,,,,,,,,,,,,,,,,,,,,,,,,,,,,,,,,,,,,,,,,,,,,,,,,,,,,,,,,,,,,,,,,,,,,,,,,,,,,,,,,,,,,,,,,,,,,,,,,,,
,,,,,,,,,,,48-59-1211,48-59-1211 Milw Power Supply - Charger,-- Unbranded --,-- No Unilog Brand --,Milwaukee,Milwaukee Accessory (4031),Milwaukee Accessory,Milwaukee,,48-59-1211,,Industrial Supplies>General,48-59-1211 Milw Power Supply - Charger,,48-59-1211 Milw Power Supply - Charger,,48-59-1211 Milw Power Supply - Charger,,,,,,,,,,,,,,,,,,,,,,,,,,,Milw Power Supply - Charger,Thread Size,48-59,,,,,,,,,,,,,,,,,,,,,,,,,,,,,,,,,,,,,,,,,,,,,,,,,,,,,,,,,,,,,,,,,,,,,,,,,,,,,,,,,,,,,,,,,,,,,,,,,,,,,,,,,,,,,,,,,,,,,,,,,,,,,,,,,,,,,,,,,,,,,,,,,,,,,,,,,,,,,,,,,,,,,,,,,,,,,,,,,,,,,,,,,,,,,,,,,,,
,,,,,,,,,,,2847-20,2847-20 Milw M18 Charger and Power Supply,-- Unbranded --,-- No Unilog Brand --,-- No DIB Brand --,Milwaukee Accessory (4031),Milwaukee Accessory,Milwaukee,,2847-20,,Industrial Supplies>General,2847-20 Milw M18 Charger and Power Supply,,2847-20 Milw M18 Charger and Power Supply,,2847-20 Milw M18 Charger and Power Supply,,,,,,,,,,,,,,,,,,,,,,,,,,,Milw M18 Charger and Power Supply,Thread Size,2847-20,,,,,,,,,,,,,,,,,,,,,,,,,,,,,,,,,,,,,,,,,,,,,,,,,,,,,,,,,,,,,,,,,,,,,,,,,,,,,,,,,,,,,,,,,,,,,,,,,,,,,,,,,,,,,,,,,,,,,,,,,,,,,,,,,,,,,,,,,,,,,,,,,,,,,,,,,,,,,,,,,,,,,,,,,,,,,,,,,,,,,,,,,,,,,,,,,,,
,,,,,,,,,,,DWV9401,DWV9401 Dewalt Paper Bag - 5pk,-- Unbranded --,-- No Unilog Brand --,-- No DIB Brand --,Black & Decker/dewlt (2585),Black & Decker/dewlt,DEWALT,,DWV9401,,Industrial Supplies>General,DWV9401 Dewalt Paper Bag - 5pk,,DWV9401 Dewalt Paper Bag - 5pk,,DWV9401 Dewalt Paper Bag - 5pk,,,,,,,,,,,,,,,,,,,,,,,,,,,Dewalt Paper Bag - 5pk,,,,,,,,,,,,,,,,,,,,,,,,,,,,,,,,,,,,,,,,,,,,,,,,,,,,,,,,,,,,,,,,,,,,,,,,,,,,,,,,,,,,,,,,,,,,,,,,,,,,,,,,,,,,,,,,,,,,,,,,,,,,,,,,,,,,,,,,,,,,,,,,,,,,,,,,,,,,,,,,,,,,,,,,,,,,,,,,,,,,,,,,,,,,,,,,,,,,,
,,,,,,,,,,,578512,578512 Festool Dust Extractor-CT MIDI I HEPA,-- Unbranded --,-- No Unilog Brand --,-- No DIB Brand --,Festool USA (FESTO),Festool USA,Festool,,578512,,Industrial Supplies>General,578512 Festool Dust Extractor-CT MIDI I HEPA,,578512 Festool Dust Extractor-CT MIDI I HEPA,,578512 Festool Dust Extractor-CT MIDI I HEPA,,,,,,,,,,,,,,,,,,,,,,,,,,,Festool Dust Extractor-CT MIDI I HEPA,,,,,,,,,,,,,,,,,,,,,,,,,,,,,,,,,,,,,,,,,,,,,,,,,,,,,,,,,,,,,,,,,,,,,,,,,,,,,,,,,,,,,,,,,,,,,,,,,,,,,,,,,,,,,,,,,,,,,,,,,,,,,,,,,,,,,,,,,,,,,,,,,,,,,,,,,,,,,,,,,,,,,,,,,,,,,,,,,,,,,,,,,,,,,,,,,,,,,
,,,,,,,,,,,577871,577871 Festool Dust Extractor - CT 26,-- Unbranded --,-- No Unilog Brand --,-- No DIB Brand --,Festool USA (FESTO),Festool USA,Festool,,577871,,Industrial Supplies>General,577871 Festool Dust Extractor - CT 26,,577871 Festool Dust Extractor - CT 26,,577871 Festool Dust Extractor - CT 26,,,,,,,,,,,,,,,,,,,,,,,,,,,Festool Dust Extractor - CT 26,,,,,,,,,,,,,,,,,,,,,,,,,,,,,,,,,,,,,,,,,,,,,,,,,,,,,,,,,,,,,,,,,,,,,,,,,,,,,,,,,,,,,,,,,,,,,,,,,,,,,,,,,,,,,,,,,,,,,,,,,,,,,,,,,,,,,,,,,,,,,,,,,,,,,,,,,,,,,,,,,,,,,,,,,,,,,,,,,,,,,,,,,,,,,,,,,,,,,
,,,,,,,,,,,577874,577874 Festool Dust Extractor - CT 36,-- Unbranded --,-- No Unilog Brand --,-- No DIB Brand --,Festool USA (FESTO),Festool USA,Festool,,577874,,Industrial Supplies>General,577874 Festool Dust Extractor - CT 36,,577874 Festool Dust Extractor - CT 36,,577874 Festool Dust Extractor - CT 36,,,,,,,,,,,,,,,,,,,,,,,,,,,Festool Dust Extractor - CT 36,,,,,,,,,,,,,,,,,,,,,,,,,,,,,,,,,,,,,,,,,,,,,,,,,,,,,,,,,,,,,,,,,,,,,,,,,,,,,,,,,,,,,,,,,,,,,,,,,,,,,,,,,,,,,,,,,,,,,,,,,,,,,,,,,,,,,,,,,,,,,,,,,,,,,,,,,,,,,,,,,,,,,,,,,,,,,,,,,,,,,,,,,,,,,,,,,,,,,
,,,,,,,,,,,577876,577876 Festool Dust Extractor - CT 48,-- Unbranded --,-- No Unilog Brand --,-- No DIB Brand --,Festool USA (FESTO),Festool USA,Festool,,577876,,Industrial Supplies>General,577876 Festool Dust Extractor - CT 48,,577876 Festool Dust Extractor - CT 48,,577876 Festool Dust Extractor - CT 48,,,,,,,,,,,,,,,,,,,,,,,,,,,Festool Dust Extractor - CT 48,,,,,,,,,,,,,,,,,,,,,,,,,,,,,,,,,,,,,,,,,,,,,,,,,,,,,,,,,,,,,,,,,,,,,,,,,,,,,,,,,,,,,,,,,,,,,,,,,,,,,,,,,,,,,,,,,,,,,,,,,,,,,,,,,,,,,,,,,,,,,,,,,,,,,,,,,,,,,,,,,,,,,,,,,,,,,,,,,,,,,,,,,,,,,,,,,,,,,
,,,,,,,,,,,578441,578441 Festool Dust Extractor-CT 15 HEPA,-- Unbranded --,-- No Unilog Brand --,-- No DIB Brand --,Festool USA (FESTO),Festool USA,Festool,,578441,,Industrial Supplies>General,578441 Festool Dust Extractor-CT 15 HEPA,,578441 Festool Dust Extractor-CT 15 HEPA,,578441 Festool Dust Extractor-CT 15 HEPA,,,,,,,,,,,,,,,,,,,,,,,,,,,Festool Dust Extractor-CT 15 HEPA,,,,,,,,,,,,,,,,,,,,,,,,,,,,,,,,,,,,,,,,,,,,,,,,,,,,,,,,,,,,,,,,,,,,,,,,,,,,,,,,,,,,,,,,,,,,,,,,,,,,,,,,,,,,,,,,,,,,,,,,,,,,,,,,,,,,,,,,,,,,,,,,,,,,,,,,,,,,,,,,,,,,,,,,,,,,,,,,,,,,,,,,,,,,,,,,,,,,,
,,,,,,,,,,,DCK225D2,DCK225D2 Dewalt Impact/Drill - Kit,-- Unbranded --,-- No Unilog Brand --,DEWALT,Black & Decker/dewlt (2585),Black & Decker/dewlt,DEWALT,,DCK225D2,,Industrial Supplies>General,DCK225D2 Dewalt Impact/Drill - Kit,,DCK225D2 Dewalt Impact/Drill - Kit,,DCK225D2 Dewalt Impact/Drill - Kit,,,,,,,,,,,,,,,,,,,,,,,,,,,Dewalt Impact/Drill - Kit,,,,,,,,,,,,,,,,,,,,,,,,,,,,,,,,,,,,,,,,,,,,,,,,,,,,,,,,,,,,,,,,,,,,,,,,,,,,,,,,,,,,,,,,,,,,,,,,,,,,,,,,,,,,,,,,,,,,,,,,,,,,,,,,,,,,,,,,,,,,,,,,,,,,,,,,,,,,,,,,,,,,,,,,,,,,,,,,,,,,,,,,,,,,,,,,,,,,,
,,,,,,,,,,,DCK2101QQ2,Dewalt DCK2101QQ2 20V 2Pc Kit,-- Unbranded --,-- No Unilog Brand --,-- No DIB Brand --,Black & Decker/dewlt (2585),Black & Decker/dewlt,DEWALT,,DCK2101QQ2,,Industrial Supplies>General,Dewalt DCK2101QQ2 20V 2Pc Kit,,Dewalt DCK2101QQ2 20V 2Pc Kit,,Dewalt DCK2101QQ2 20V 2Pc Kit,,2Pc,,,,,,,,,,,,,,,,,,,,,,,,,DCK2101QQ2 20V 2Pc Kit,Pieces per Package,2,EA,,,,,,,,,,,,,,,,,,,,,,,,,,,,,,,,,,,,,,,,,,,,,,,,,,,,,,,,,,,,,,,,,,,,,,,,,,,,,,,,,,,,,,,,,,,,,,,,,,,,,,,,,,,,,,,,,,,,,,,,,,,,,,,,,,,,,,,,,,,,,,,,,,,,,,,,,,,,,,,,,,,,,,,,,,,,,,,,,,,,,,,,,,,,,,,,,,
,,,,,,,,,,,4000-2/32,4000-2/32 DREMEL ROTARY TOOL,-- Unbranded --,-- No Unilog Brand --,Dremel,Robt Bosch Tool Corp (6564),Robt Bosch Tool Corp,Dremel,,4000-2/32,,Industrial Supplies>General,4000-2/32 DREMEL ROTARY TOOL,,4000-2/32 DREMEL ROTARY TOOL,,4000-2/32 DREMEL ROTARY TOOL,,,,,,,,,,,,,,,,,,,,,,,,,,,DREMEL ROTARY TOOL,Thread Size,4000-2,,,,,,,,,,,,,,,,,,,,,,,,,,,,,,,,,,,,,,,,,,,,,,,,,,,,,,,,,,,,,,,,,,,,,,,,,,,,,,,,,,,,,,,,,,,,,,,,,,,,,,,,,,,,,,,,,,,,,,,,,,,,,,,,,,,,,,,,,,,,,,,,,,,,,,,,,,,,,,,,,,,,,,,,,,,,,,,,,,,,,,,,,,,,,,,,,,,
,,,,,,,,,,,3100-1/15,3100-1/15 Dremel Rotary Tool - Kit 15pc,-- Unbranded --,-- No Unilog Brand --,Dremel,Robt Bosch Tool Corp (6564),Robt Bosch Tool Corp,Dremel,,3100-1/15,,Industrial Supplies>General,3100-1/15 Dremel Rotary Tool - Kit 15pc,,3100-1/15 Dremel Rotary Tool - Kit 15pc,,3100-1/15 Dremel Rotary Tool - Kit 15pc,,15pc,,,,,,,,,,,,,,,,,,,,,,,,,Dremel Rotary Tool - Kit 15pc,Pieces per Package,15,EA,Thread Size,3100-1,,,,,,,,,,,,,,,,,,,,,,,,,,,,,,,,,,,,,,,,,,,,,,,,,,,,,,,,,,,,,,,,,,,,,,,,,,,,,,,,,,,,,,,,,,,,,,,,,,,,,,,,,,,,,,,,,,,,,,,,,,,,,,,,,,,,,,,,,,,,,,,,,,,,,,,,,,,,,,,,,,,,,,,,,,,,,,,,,,,,,,,,,,,,,,,,
,,,,,,,,,,,T-90043,T-90043 Deep Medium Organizer,-- Unbranded --,-- No Unilog Brand --,-- No DIB Brand --,Makita Usa Inc (5142),Makita Usa Inc,Makita,,T-90043,,Industrial Supplies>General,T-90043 Deep Medium Organizer,,T-90043 Deep Medium Organizer,,T-90043 Deep Medium Organizer,,,,,,,,,,,,,,,,,,,,,,,,,,,Deep Medium Organizer,,,,,,,,,,,,,,,,,,,,,,,,,,,,,,,,,,,,,,,,,,,,,,,,,,,,,,,,,,,,,,,,,,,,,,,,,,,,,,,,,,,,,,,,,,,,,,,,,,,,,,,,,,,,,,,,,,,,,,,,,,,,,,,,,,,,,,,,,,,,,,,,,,,,,,,,,,,,,,,,,,,,,,,,,,,,,,,,,,,,,,,,,,,,,,,,,,,,,
,,,,,,,,,,,T-90059,T-90059 Low Profile Medium - Organizer,-- Unbranded --,-- No Unilog Brand --,-- No DIB Brand --,Makita Usa Inc (5142),Makita Usa Inc,Makita,,T-90059,,Industrial Supplies>General,T-90059 Low Profile Medium - Organizer,,T-90059 Low Profile Medium - Organizer,,T-90059 Low Profile Medium - Organizer,,,,,,,,,,,,,,,,,,,,,,,,,,,Low Profile Medium - Organizer,,,,,,,,,,,,,,,,,,,,,,,,,,,,,,,,,,,,,,,,,,,,,,,,,,,,,,,,,,,,,,,,,,,,,,,,,,,,,,,,,,,,,,,,,,,,,,,,,,,,,,,,,,,,,,,,,,,,,,,,,,,,,,,,,,,,,,,,,,,,,,,,,,,,,,,,,,,,,,,,,,,,,,,,,,,,,,,,,,,,,,,,,,,,,,,,,,,,,
,,,,,,,,,,,T-90065,T-90065 Deep Compact Organizer,-- Unbranded --,-- No Unilog Brand --,-- No DIB Brand --,Makita Usa Inc (5142),Makita Usa Inc,Makita,,T-90065,,Industrial Supplies>General,T-90065 Deep Compact Organizer,,T-90065 Deep Compact Organizer,,T-90065 Deep Compact Organizer,,,,,,,,,,,,,,,,,,,,,,,,,,,Deep Compact Organizer,,,,,,,,,,,,,,,,,,,,,,,,,,,,,,,,,,,,,,,,,,,,,,,,,,,,,,,,,,,,,,,,,,,,,,,,,,,,,,,,,,,,,,,,,,,,,,,,,,,,,,,,,,,,,,,,,,,,,,,,,,,,,,,,,,,,,,,,,,,,,,,,,,,,,,,,,,,,,,,,,,,,,,,,,,,,,,,,,,,,,,,,,,,,,,,,,,,,,
,,,,,,,,,,,10047VS,10047VS Oliver 3HP 230V 1PH Shaper 1-1/4 Spindle,-- Unbranded --,-- No Unilog Brand --,-- No DIB Brand --,Oliver Machinery Company (OLIMA),Oliver Machinery Company,,,10047VS,,Industrial Supplies>General,10047VS Oliver 3HP 230V 1PH Shaper 1-1/4 Spindle,,10047VS Oliver 3HP 230V 1PH Shaper 1-1/4 Spindle,,10047VS Oliver 3HP 230V 1PH Shaper 1-1/4 Spindle,,,,,,,,,,,,,,,,,,,,,,,,,,,Oliver 3HP 230V 1PH Shaper 1-1/4 Spindle,Thread Size,1-1,,,,,,,,,,,,,,,,,,,,,,,,,,,,,,,,,,,,,,,,,,,,,,,,,,,,,,,,,,,,,,,,,,,,,,,,,,,,,,,,,,,,,,,,,,,,,,,,,,,,,,,,,,,,,,,,,,,,,,,,,,,,,,,,,,,,,,,,,,,,,,,,,,,,,,,,,,,,,,,,,,,,,,,,,,,,,,,,,,,,,,,,,,,,,,,,,,,
,,,,,,,,,,,MAG:2044-230-1,2044-230-1 Stock Feeder 4-Roll - Steff,-- Unbranded --,-- No Unilog Brand --,-- No DIB Brand --,J&G Machinery (JGMAC),J&G Machinery,,,MAG:2044-230-1,,Industrial Supplies>General,2044-230-1 Stock Feeder 4-Roll - Steff,,2044-230-1 Stock Feeder 4-Roll - Steff,,2044-230-1 Stock Feeder 4-Roll - Steff,,,,,,,,,,,,,,,,,,,,,,,,,,,Stock Feeder 4-Roll - Steff,Thread Size,2044-230,,,,,,,,,,,,,,,,,,,,,,,,,,,,,,,,,,,,,,,,,,,,,,,,,,,,,,,,,,,,,,,,,,,,,,,,,,,,,,,,,,,,,,,,,,,,,,,,,,,,,,,,,,,,,,,,,,,,,,,,,,,,,,,,,,,,,,,,,,,,,,,,,,,,,,,,,,,,,,,,,,,,,,,,,,,,,,,,,,,,,,,,,,,,,,,,,,,
,,,,,,,,,,,XTP242,"42"" XTP XTENDER PRO Fence - XTP242",-- Unbranded --,-- No Unilog Brand --,-- No DIB Brand --,Bow Products (BOWPR),Bow Products,,,XTP242,,Industrial Supplies>General,"42"" XTP XTENDER PRO Fence - XTP242",,"42"" XTP XTENDER PRO Fence - XTP242",,"42"" XTP XTENDER PRO Fence - XTP242",,,,,,,,,,,,,,,,,,,,,,,,,,,"42"" XTP XTENDER PRO Fence - XTP242",,,,,,,,,,,,,,,,,,,,,,,,,,,,,,,,,,,,,,,,,,,,,,,,,,,,,,,,,,,,,,,,,,,,,,,,,,,,,,,,,,,,,,,,,,,,,,,,,,,,,,,,,,,,,,,,,,,,,,,,,,,,,,,,,,,,,,,,,,,,,,,,,,,,,,,,,,,,,,,,,,,,,,,,,,,,,,,,,,,,,,,,,,,,,,,,,,,,,
,,,,,,,,,,,AAS-P,AAS-P Align-A-Saw Plate Only,-- Unbranded --,-- No Unilog Brand --,-- No DIB Brand --,Woodpeckers Inc (WOODP),Woodpeckers Inc,,,AAS-P,,Industrial Supplies>General,AAS-P Align-A-Saw Plate Only,,AAS-P Align-A-Saw Plate Only,,AAS-P Align-A-Saw Plate Only,,,,,,,,,,,,,,,,,,,,,,,,,,,Align-A-Saw Plate Only,,,,,,,,,,,,,,,,,,,,,,,,,,,,,,,,,,,,,,,,,,,,,,,,,,,,,,,,,,,,,,,,,,,,,,,,,,,,,,,,,,,,,,,,,,,,,,,,,,,,,,,,,,,,,,,,,,,,,,,,,,,,,,,,,,,,,,,,,,,,,,,,,,,,,,,,,,,,,,,,,,,,,,,,,,,,,,,,,,,,,,,,,,,,,,,,,,,,,
,,,,,,,,,,,SSCMS,SSCMS Stealthstop Miter Sled,-- Unbranded --,-- No Unilog Brand --,-- No DIB Brand --,Woodpeckers Inc (WOODP),Woodpeckers Inc,,,SSCMS,,Industrial Supplies>General,SSCMS Stealthstop Miter Sled,,SSCMS Stealthstop Miter Sled,,SSCMS Stealthstop Miter Sled,,,,,,,,,,,,,,,,,,,,,,,,,,,Stealthstop Miter Sled,,,,,,,,,,,,,,,,,,,,,,,,,,,,,,,,,,,,,,,,,,,,,,,,,,,,,,,,,,,,,,,,,,,,,,,,,,,,,,,,,,,,,,,,,,,,,,,,,,,,,,,,,,,,,,,,,,,,,,,,,,,,,,,,,,,,,,,,,,,,,,,,,,,,,,,,,,,,,,,,,,,,,,,,,,,,,,,,,,,,,,,,,,,,,,,,,,,,,
,,,,,,,,,,,4225.201,"4225.201 Oliver 6"" HH Jointer Paralleogram",-- Unbranded --,-- No Unilog Brand --,-- No DIB Brand --,Oliver Machinery Company (OLIMA),Oliver Machinery Company,,,4225.201,,Industrial Supplies>General,"4225.201 Oliver 6"" HH Jointer Paralleogram",,"4225.201 Oliver 6"" HH Jointer Paralleogram",,"4225.201 Oliver 6"" HH Jointer Paralleogram",,,,,,,,,,,,,,,,,,,,,,,,,,,"Oliver 6"" HH Jointer Paralleogram",,,,,,,,,,,,,,,,,,,,,,,,,,,,,,,,,,,,,,,,,,,,,,,,,,,,,,,,,,,,,,,,,,,,,,,,,,,,,,,,,,,,,,,,,,,,,,,,,,,,,,,,,,,,,,,,,,,,,,,,,,,,,,,,,,,,,,,,,,,,,,,,,,,,,,,,,,,,,,,,,,,,,,,,,,,,,,,,,,,,,,,,,,,,,,,,,,,,,
,,,,,,,,,,,KC-426C,"KC-426C 12"" Portable Planer",-- Unbranded --,-- No Unilog Brand --,-- No DIB Brand --,King Canada Inc (KINCA),King Canada Inc,,,KC-426C,,Industrial Supplies>General,"KC-426C 12"" Portable Planer",,"KC-426C 12"" Portable Planer",,"KC-426C 12"" Portable Planer",,,,,,,,,,,,,,,,,,,,,,,,,,,"12"" Portable Planer",,,,,,,,,,,,,,,,,,,,,,,,,,,,,,,,,,,,,,,,,,,,,,,,,,,,,,,,,,,,,,,,,,,,,,,,,,,,,,,,,,,,,,,,,,,,,,,,,,,,,,,,,,,,,,,,,,,,,,,,,,,,,,,,,,,,,,,,,,,,,,,,,,,,,,,,,,,,,,,,,,,,,,,,,,,,,,,,,,,,,,,,,,,,,,,,,,,,,
,,,,,,,,,,,10045.201,"10045.201 Oliver 13"" Benchtop Planer 2HP,115V 1Ph",-- Unbranded --,-- No Unilog Brand --,-- No DIB Brand --,Oliver Machinery Company (OLIMA),Oliver Machinery Company,,,10045.201,,Industrial Supplies>General,"10045.201 Oliver 13"" Benchtop Planer 2HP,115V 1Ph",,"10045.201 Oliver 13"" Benchtop Planer 2HP,115V 1Ph",,"10045.201 Oliver 13"" Benchtop Planer 2HP,115V 1Ph",,,,,,,,,,,,,,,,,,,,,,,,,,,"Oliver 13"" Benchtop Planer 2HP,115V 1Ph",,,,,,,,,,,,,,,,,,,,,,,,,,,,,,,,,,,,,,,,,,,,,,,,,,,,,,,,,,,,,,,,,,,,,,,,,,,,,,,,,,,,,,,,,,,,,,,,,,,,,,,,,,,,,,,,,,,,,,,,,,,,,,,,,,,,,,,,,,,,,,,,,,,,,,,,,,,,,,,,,,,,,,,,,,,,,,,,,,,,,,,,,,,,,,,,,,,,,
,,,,,,,,,,,10014.201,"10014.201 Oliver 15"" Planer 3HP 1Ph 220V",-- Unbranded --,-- No Unilog Brand --,-- No DIB Brand --,Oliver Machinery Company (OLIMA),Oliver Machinery Company,,,10014.201,,Industrial Supplies>General,"10014.201 Oliver 15"" Planer 3HP 1Ph 220V",,"10014.201 Oliver 15"" Planer 3HP 1Ph 220V",,"10014.201 Oliver 15"" Planer 3HP 1Ph 220V",,,,,,,,,,,,,,,,,,,,,,,,,,,"Oliver 15"" Planer 3HP 1Ph 220V",,,,,,,,,,,,,,,,,,,,,,,,,,,,,,,,,,,,,,,,,,,,,,,,,,,,,,,,,,,,,,,,,,,,,,,,,,,,,,,,,,,,,,,,,,,,,,,,,,,,,,,,,,,,,,,,,,,,,,,,,,,,,,,,,,,,,,,,,,,,,,,,,,,,,,,,,,,,,,,,,,,,,,,,,,,,,,,,,,,,,,,,,,,,,,,,,,,,,
,,,,,,,,,,,4430.201,"4430.201 Oliver 20"" Planer 5HP 1Ph 230V",-- Unbranded --,-- No Unilog Brand --,-- No DIB Brand --,Oliver Machinery Company (OLIMA),Oliver Machinery Company,,,4430.201,,Industrial Supplies>General,"4430.201 Oliver 20"" Planer 5HP 1Ph 230V",,"4430.201 Oliver 20"" Planer 5HP 1Ph 230V",,"4430.201 Oliver 20"" Planer 5HP 1Ph 230V",,,,,,,,,,,,,,,,,,,,,,,,,,,"Oliver 20"" Planer 5HP 1Ph 230V",,,,,,,,,,,,,,,,,,,,,,,,,,,,,,,,,,,,,,,,,,,,,,,,,,,,,,,,,,,,,,,,,,,,,,,,,,,,,,,,,,,,,,,,,,,,,,,,,,,,,,,,,,,,,,,,,,,,,,,,,,,,,,,,,,,,,,,,,,,,,,,,,,,,,,,,,,,,,,,,,,,,,,,,,,,,,,,,,,,,,,,,,,,,,,,,,,,,,
,,,,,,,,,,,10055.201,"10055.201 Oliver 15"" Benchtop Planer 2.5HP 1Ph 230V",-- Unbranded --,-- No Unilog Brand --,-- No DIB Brand --,Oliver Machinery Company (OLIMA),Oliver Machinery Company,,,10055.201,,Industrial Supplies>General,"10055.201 Oliver 15"" Benchtop Planer 2.5HP 1Ph 230V",,"10055.201 Oliver 15"" Benchtop Planer 2.5HP 1Ph 230V",,"10055.201 Oliver 15"" Benchtop Planer 2.5HP 1Ph 230V",,,,,,,,,,,,,,,,,,,,,,,,,,,"Oliver 15"" Benchtop Planer 2.5HP 1Ph 230V",,,,,,,,,,,,,,,,,,,,,,,,,,,,,,,,,,,,,,,,,,,,,,,,,,,,,,,,,,,,,,,,,,,,,,,,,,,,,,,,,,,,,,,,,,,,,,,,,,,,,,,,,,,,,,,,,,,,,,,,,,,,,,,,,,,,,,,,,,,,,,,,,,,,,,,,,,,,,,,,,,,,,,,,,,,,,,,,,,,,,,,,,,,,,,,,,,,,,
,,,,,,,,,,,T27417,T27417 Grizzly OscillatingEdge - Belt and Spindle Sander,-- Unbranded --,-- No Unilog Brand --,-- No DIB Brand --,Woodstock Intl (3658),Woodstock Intl,,,T27417,,Industrial Supplies>General,T27417 Grizzly OscillatingEdge - Belt and Spindle Sander,,T27417 Grizzly OscillatingEdge - Belt and Spindle Sander,,T27417 Grizzly OscillatingEdge - Belt and Spindle Sander,,,,,,,,,,,,,,,,,,,,,,,,,,,Grizzly OscillatingEdge - Belt and Spindle Sander,,,,,,,,,,,,,,,,,,,,,,,,,,,,,,,,,,,,,,,,,,,,,,,,,,,,,,,,,,,,,,,,,,,,,,,,,,,,,,,,,,,,,,,,,,,,,,,,,,,,,,,,,,,,,,,,,,,,,,,,,,,,,,,,,,,,,,,,,,,,,,,,,,,,,,,,,,,,,,,,,,,,,,,,,,,,,,,,,,,,,,,,,,,,,,,,,,,,,
